ISO-10303-21;
HEADER;
FILE_DESCRIPTION (( 'STEP AP214' ),
    '1' );
FILE_NAME ('99746D1C-13F6-49B6-B921-828019F3DE23.STEP',
    '2026-04-20T01:34:43',
    ( '' ),
    ( '' ),
    'SwSTEP 2.0',
    'SolidWorks 2022',
    '' );
FILE_SCHEMA (( 'AUTOMOTIVE_DESIGN' ));
ENDSEC;

DATA;
#1 = VECTOR ( 'NONE', #3740, 1000.000000000000000 ) ;
#2 = DIRECTION ( 'NONE',  ( 1.000000000000000000, 0.0000000000000000000, 0.0000000000000000000 ) ) ;
#3 = ORIENTED_EDGE ( 'NONE', *, *, #2493, .F. ) ;
#4 = CARTESIAN_POINT ( 'NONE',  ( 2.850000000000000089, 2.100000000000000089, -1.149999999999999911 ) ) ;
#5 = CARTESIAN_POINT ( 'NONE',  ( -2.100000000000000089, 1.080000000000000071, 1.449999999999999956 ) ) ;
#6 = CARTESIAN_POINT ( 'NONE',  ( -1.508578643762690019, 0.9585786437626905299, 3.449999999999999734 ) ) ;
#7 = ORIENTED_EDGE ( 'NONE', *, *, #5624, .F. ) ;
#8 = CARTESIAN_POINT ( 'NONE',  ( -4.150000000000000355, 1.720710678118654746, 1.420710678118654924 ) ) ;
#9 = SURFACE_STYLE_USAGE ( .BOTH. , #4329 ) ;
#10 = CARTESIAN_POINT ( 'NONE',  ( -2.000000000000000000, -1.750000000000000000, 0.9499999999999999556 ) ) ;
#11 = CARTESIAN_POINT ( 'NONE',  ( -3.878979119944025999, 1.762442236293284781, -1.384571554749769451 ) ) ;
#12 = EDGE_LOOP ( 'NONE', ( #3189, #4236, #5356, #2145, #730 ) ) ;
#13 = COLOUR_RGB ( '',0.9294117647058823817, 0.9294117647058823817, 0.9372549019607843146 ) ;
#14 = CARTESIAN_POINT ( 'NONE',  ( 2.250000000000000444, -3.050000000000000711, -1.449999999999999956 ) ) ;
#15 = EDGE_CURVE ( 'NONE', #3058, #5648, #1187, .T. ) ;
#16 = COLOUR_RGB ( '',0.9294117647058823817, 0.9294117647058823817, 0.9372549019607843146 ) ;
#17 = MECHANICAL_DESIGN_GEOMETRIC_PRESENTATION_REPRESENTATION (  '', ( #1898 ), #118 ) ;
#18 = PRESENTATION_STYLE_ASSIGNMENT (( #2385 ) ) ;
#19 = AXIS2_PLACEMENT_3D ( 'NONE', #88, #2939, #4862 ) ;
#20 = ORIENTED_EDGE ( 'NONE', *, *, #4944, .T. ) ;
#21 = CARTESIAN_POINT ( 'NONE',  ( 15.33060000000000223, 1.750000000000000000, -1.350000000000000089 ) ) ;
#22 = DIRECTION ( 'NONE',  ( 1.000000000000000000, -0.0000000000000000000, 0.0000000000000000000 ) ) ;
#23 = EDGE_CURVE ( 'NONE', #2798, #2971, #3088, .T. ) ;
#24 = FILL_AREA_STYLE_COLOUR ( '', #348 ) ;
#25 =( BOUNDED_SURFACE ( )  B_SPLINE_SURFACE ( 3, 3, ( 
 ( #3846, #1969, #3372, #3817 ),
 ( #56, #1939, #5294, #4855 ),
 ( #551, #4335, #4084, #670 ),
 ( #3001, #4428, #3531, #3968 ) ),
 .UNSPECIFIED., .F., .F., .F. ) 
 B_SPLINE_SURFACE_WITH_KNOTS ( ( 4, 4 ),
 ( 4, 4 ),
 ( 0.0000000000000000000, 1.000000000000000000 ),
 ( 0.0000000000000000000, 1.000000000000000000 ),
 .UNSPECIFIED. ) 
 GEOMETRIC_REPRESENTATION_ITEM ( )  RATIONAL_B_SPLINE_SURFACE ( (
 ( 1.000000000000000000, 0.8047378541243648264, 0.8047378541243648264, 1.000000000000000000),
 ( 0.8047378541243658256, 0.6476030138606883035, 0.6476030138606883035, 0.8047378541243658256),
 ( 0.8047378541243658256, 0.6476030138606883035, 0.6476030138606883035, 0.8047378541243658256),
 ( 1.000000000000000000, 0.8047378541243648264, 0.8047378541243648264, 1.000000000000000000) ) ) 
 REPRESENTATION_ITEM ( '' )  SURFACE ( )  );
#26 = VECTOR ( 'NONE', #4196, 1000.000000000000000 ) ;
#27 = ORIENTED_EDGE ( 'NONE', *, *, #2304, .T. ) ;
#28 = CARTESIAN_POINT ( 'NONE',  ( -3.962442236293274966, -1.649999999999999911, -1.378979119944034437 ) ) ;
#29 = ADVANCED_FACE ( 'NONE', ( #5847 ), #1511, .T. ) ;
#30 = ORIENTED_EDGE ( 'NONE', *, *, #1227, .T. ) ;
#31 = EDGE_CURVE ( 'NONE', #3532, #689, #3957, .T. ) ;
#32 = CARTESIAN_POINT ( 'NONE',  ( -0.6500000000000001332, 1.000000000000000000, 3.701099892519000178 ) ) ;
#33 = CARTESIAN_POINT ( 'NONE',  ( -4.149333577425369235, -1.749995558710894850, 1.349333577425369413 ) ) ;
#34 = LINE ( 'NONE', #6177, #4909 ) ;
#35 = DIRECTION ( 'NONE',  ( 0.0000000000000000000, 0.0000000000000000000, 1.000000000000000000 ) ) ;
#36 = DIRECTION ( 'NONE',  ( -1.000000000000000000, -0.0000000000000000000, -0.0000000000000000000 ) ) ;
#37 = ORIENTED_EDGE ( 'NONE', *, *, #5143, .F. ) ;
#38 =( LENGTH_UNIT ( ) NAMED_UNIT ( * ) SI_UNIT ( .MILLI., .METRE. ) );
#39 = CARTESIAN_POINT ( 'NONE',  ( -4.250000000000000000, -1.649999999999999911, -1.449999999999999956 ) ) ;
#40 = AXIS2_PLACEMENT_3D ( 'NONE', #1493, #4371, #3402 ) ;
#41 = VERTEX_POINT ( 'NONE', #3746 ) ;
#42 = CARTESIAN_POINT ( 'NONE',  ( 4.150000000000000355, -1.650000000000000133, 1.449999999999999956 ) ) ;
#43 = CARTESIAN_POINT ( 'NONE',  ( 0.2499999999999911182, -3.049999999999995381, -1.149999999999999911 ) ) ;
#44 = AXIS2_PLACEMENT_3D ( 'NONE', #4426, #5503, #4980 ) ;
#45 = UNCERTAINTY_MEASURE_WITH_UNIT (LENGTH_MEASURE( 1.000000000000000082E-05 ), #2397, 'distance_accuracy_value', 'NONE');
#46 = LINE ( 'NONE', #10, #5447 ) ;
#47 = DIRECTION ( 'NONE',  ( 0.0000000000000000000, 1.000000000000000000, 0.0000000000000000000 ) ) ;
#48 = ORIENTED_EDGE ( 'NONE', *, *, #3398, .F. ) ;
#49 = PRESENTATION_LAYER_ASSIGNMENT (  '', '', ( #4018 ) ) ;
#50 = DIRECTION ( 'NONE',  ( 0.0000000000000000000, 0.0000000000000000000, -1.000000000000000000 ) ) ;
#51 = DIRECTION ( 'NONE',  ( 0.0000000000000000000, -0.0000000000000000000, 1.000000000000000000 ) ) ;
#52 = AXIS2_PLACEMENT_3D ( 'NONE', #4957, #5448, #1160 ) ;
#53 = SURFACE_STYLE_USAGE ( .BOTH. , #2874 ) ;
#54 = ORIENTED_EDGE ( 'NONE', *, *, #2267, .F. ) ;
#55 = CARTESIAN_POINT ( 'NONE',  ( -2.149999999999999911, -4.549999999999999822, -1.149999999999999911 ) ) ;
#56 = CARTESIAN_POINT ( 'NONE',  ( 4.049999999999999822, -1.708578643762690641, -0.4499999999999999001 ) ) ;
#57 = ORIENTED_EDGE ( 'NONE', *, *, #1915, .T. ) ;
#58 = ADVANCED_FACE ( 'NONE', ( #4663 ), #2752, .T. ) ;
#59 = DIRECTION ( 'NONE',  ( -0.0000000000000000000, 1.000000000000000000, -0.0000000000000000000 ) ) ;
#60 = EDGE_LOOP ( 'NONE', ( #4774, #96, #4295 ) ) ;
#61 = LINE ( 'NONE', #5300, #4596 ) ;
#62 = CARTESIAN_POINT ( 'NONE',  ( -4.220710678118649639, -1.650000000000000133, 1.420710678118659809 ) ) ;
#63 = CARTESIAN_POINT ( 'NONE',  ( -0.2999999999999999889, -1.000000000000000000, 3.294642898114000129 ) ) ;
#64 = CARTESIAN_POINT ( 'NONE',  ( -1.800000000000000044, 1.000000000000000000, 3.294642898114000129 ) ) ;
#65 = EDGE_CURVE ( 'NONE', #4101, #1581, #2942, .T. ) ;
#66 = ADVANCED_FACE ( 'NONE', ( #1837 ), #2717, .T. ) ;
#67 = SURFACE_STYLE_FILL_AREA ( #5736 ) ;
#68 = CARTESIAN_POINT ( 'NONE',  ( 0.3499999999999999778, 2.250000000000000444, -1.149999999999999911 ) ) ;
#69 = VERTEX_POINT ( 'NONE', #6065 ) ;
#70 = SURFACE_SIDE_STYLE ('',( #3450 ) ) ;
#71 = CARTESIAN_POINT ( 'NONE',  ( 4.209017335549511074, 1.720710678118654968, -0.4207106781186545352 ) ) ;
#72 = EDGE_LOOP ( 'NONE', ( #4932, #2362, #3637, #2770 ) ) ;
#73 = CARTESIAN_POINT ( 'NONE',  ( -4.150000000000000355, 1.720710678118654968, 1.420710678118655368 ) ) ;
#74 =( NAMED_UNIT ( * ) SI_UNIT ( $, .STERADIAN. ) SOLID_ANGLE_UNIT ( ) );
#75 = ADVANCED_FACE ( 'NONE', ( #3622 ), #1027, .T. ) ;
#76 = CARTESIAN_POINT ( 'NONE',  ( -3.920710678118656034, 1.720710678118655634, -1.350000000000000089 ) ) ;
#77 = VERTEX_POINT ( 'NONE', #6163 ) ;
#78 = CIRCLE ( 'NONE', #2365, 0.1000000000000000472 ) ;
#79 = DIRECTION ( 'NONE',  ( 0.0000000000000000000, 0.0000000000000000000, -1.000000000000000000 ) ) ;
#80 = AXIS2_PLACEMENT_3D ( 'NONE', #4766, #5665, #3274 ) ;
#81 = DIRECTION ( 'NONE',  ( 0.0000000000000000000, -0.0000000000000000000, -1.000000000000000000 ) ) ;
#82 = VERTEX_POINT ( 'NONE', #2847 ) ;
#83 =( GEOMETRIC_REPRESENTATION_CONTEXT ( 3 ) GLOBAL_UNCERTAINTY_ASSIGNED_CONTEXT ( ( #584 ) ) GLOBAL_UNIT_ASSIGNED_CONTEXT ( ( #4776, #2366, #4316 ) ) REPRESENTATION_CONTEXT ( 'NONE', 'WORKASPACE' ) );
#84 = UNCERTAINTY_MEASURE_WITH_UNIT (LENGTH_MEASURE( 1.000000000000000082E-05 ), #1735, 'distance_accuracy_value', 'NONE');
#85 = ORIENTED_EDGE ( 'NONE', *, *, #3393, .F. ) ;
#86 = VECTOR ( 'NONE', #1248, 1000.000000000000000 ) ;
#87 = VERTEX_POINT ( 'NONE', #457 ) ;
#88 = CARTESIAN_POINT ( 'NONE',  ( -2.850000000000000089, -5.179999999999999716, -1.449999999999999956 ) ) ;
#89 = DIRECTION ( 'NONE',  ( 0.0000000000000000000, 0.0000000000000000000, 1.000000000000000000 ) ) ;
#90 = PRESENTATION_LAYER_ASSIGNMENT (  '', '', ( #2773 ) ) ;
#91 = ADVANCED_FACE ( 'NONE', ( #5692 ), #3812, .T. ) ;
#92 = VERTEX_POINT ( 'NONE', #3903 ) ;
#93 = FACE_OUTER_BOUND ( 'NONE', #1542, .T. ) ;
#94 = MECHANICAL_DESIGN_GEOMETRIC_PRESENTATION_REPRESENTATION (  '', ( #1079 ), #3570 ) ;
#95 = CARTESIAN_POINT ( 'NONE',  ( 4.250551775759736195, 1.691063282180844007, -0.3910632821808434079 ) ) ;
#96 = ORIENTED_EDGE ( 'NONE', *, *, #3594, .T. ) ;
#97 = ADVANCED_FACE ( 'NONE', ( #4848 ), #2466, .T. ) ;
#98 = CARTESIAN_POINT ( 'NONE',  ( -3.932713191421225218, -1.750551775759736195, -1.349413372940463374 ) ) ;
#99 = SURFACE_STYLE_FILL_AREA ( #4818 ) ;
#100 = AXIS2_PLACEMENT_3D ( 'NONE', #4165, #1821, #1792 ) ;
#101 = UNCERTAINTY_MEASURE_WITH_UNIT (LENGTH_MEASURE( 1.000000000000000082E-05 ), #1064, 'distance_accuracy_value', 'NONE');
#102 = CARTESIAN_POINT ( 'NONE',  ( -15.33060000000000223, -0.9000000000000001332, 3.350000000000000089 ) ) ;
#103 = LINE ( 'NONE', #3424, #2879 ) ;
#104 = VERTEX_POINT ( 'NONE', #4765 ) ;
#105 = EDGE_CURVE ( 'NONE', #5822, #5456, #1461, .T. ) ;
#106 = AXIS2_PLACEMENT_3D ( 'NONE', #3948, #4412, #3416 ) ;
#107 = FILL_AREA_STYLE ('',( #5223 ) ) ;
#108 = ADVANCED_FACE ( 'NONE', ( #1400 ), #1432, .T. ) ;
#109 = CIRCLE ( 'NONE', #1575, 0.1000000000000000472 ) ;
#110 = LINE ( 'NONE', #486, #4542 ) ;
#111 = CARTESIAN_POINT ( 'NONE',  ( -2.700000000000000178, 1.449999999999999956, -1.750000000000000000 ) ) ;
#112 = ORIENTED_EDGE ( 'NONE', *, *, #5775, .F. ) ;
#113 = CARTESIAN_POINT ( 'NONE',  ( -0.1441636255816791112, -0.9329114375548008820, 3.439719419165982561 ) ) ;
#114 = SURFACE_STYLE_USAGE ( .BOTH. , #4853 ) ;
#115 = CARTESIAN_POINT ( 'NONE',  ( -1.199999999999999956, 1.000000000000000000, 3.294642898114000129 ) ) ;
#116 = AXIS2_PLACEMENT_3D ( 'NONE', #6173, #59, #1816 ) ;
#117 = VERTEX_POINT ( 'NONE', #1870 ) ;
#118 =( GEOMETRIC_REPRESENTATION_CONTEXT ( 3 ) GLOBAL_UNCERTAINTY_ASSIGNED_CONTEXT ( ( #2564 ) ) GLOBAL_UNIT_ASSIGNED_CONTEXT ( ( #3736, #289, #1265 ) ) REPRESENTATION_CONTEXT ( 'NONE', 'WORKASPACE' ) );
#119 = PRESENTATION_STYLE_ASSIGNMENT (( #5848 ) ) ;
#120 = EDGE_LOOP ( 'NONE', ( #5337, #1030, #5292, #5230 ) ) ;
#121 = FACE_OUTER_BOUND ( 'NONE', #5423, .T. ) ;
#122 = AXIS2_PLACEMENT_3D ( 'NONE', #1540, #1051, #601 ) ;
#123 = DIRECTION ( 'NONE',  ( 0.0000000000000000000, 0.0000000000000000000, -1.000000000000000000 ) ) ;
#124 = FACE_OUTER_BOUND ( 'NONE', #4857, .T. ) ;
#125 = ORIENTED_EDGE ( 'NONE', *, *, #3944, .T. ) ;
#126 = CARTESIAN_POINT ( 'NONE',  ( -3.649999999999999911, -1.449999999999999956, -2.049999999999999822 ) ) ;
#127 = VERTEX_POINT ( 'NONE', #3306 ) ;
#128 = STYLED_ITEM ( 'NONE', ( #4777 ), #4079 ) ;
#129 = FILL_AREA_STYLE_COLOUR ( '', #2894 ) ;
#130 = EDGE_LOOP ( 'NONE', ( #6034, #578, #5749, #3506, #1903, #629 ) ) ;
#131 = CYLINDRICAL_SURFACE ( 'NONE', #3884, 0.09999999999999982514 ) ;
#132 = CARTESIAN_POINT ( 'NONE',  ( 4.220710678118654968, 1.720710678118654968, 1.350000000000000311 ) ) ;
#133 = ORIENTED_EDGE ( 'NONE', *, *, #3857, .F. ) ;
#134 = FILL_AREA_STYLE ('',( #1630 ) ) ;
#135 = ORIENTED_EDGE ( 'NONE', *, *, #3670, .F. ) ;
#136 = EDGE_CURVE ( 'NONE', #5188, #4312, #483, .T. ) ;
#137 = DIRECTION ( 'NONE',  ( -0.7071067811865475727, 0.0000000000000000000, -0.7071067811865475727 ) ) ;
#138 = VECTOR ( 'NONE', #3218, 1000.000000000000000 ) ;
#139 = EDGE_CURVE ( 'NONE', #5583, #3861, #2354, .T. ) ;
#140 = EDGE_CURVE ( 'NONE', #2270, #2030, #110, .T. ) ;
#141 = DIRECTION ( 'NONE',  ( 1.000000000000000000, -2.168404344971003346E-15, 0.0000000000000000000 ) ) ;
#142 = DIRECTION ( 'NONE',  ( -1.000000000000000000, 0.0000000000000000000, 0.0000000000000000000 ) ) ;
#143 = ORIENTED_EDGE ( 'NONE', *, *, #3330, .F. ) ;
#144 = FILL_AREA_STYLE ('',( #639 ) ) ;
#145 = ORIENTED_EDGE ( 'NONE', *, *, #280, .T. ) ;
#146 =( LENGTH_UNIT ( ) NAMED_UNIT ( * ) SI_UNIT ( .MILLI., .METRE. ) );
#147 = DIRECTION ( 'NONE',  ( 0.0000000000000000000, -1.000000000000000000, 0.0000000000000000000 ) ) ;
#148 = MANIFOLD_SOLID_BREP ( 'Imported1', #469 ) ;
#149 = CIRCLE ( 'NONE', #4933, 0.1000000000000002554 ) ;
#150 = UNCERTAINTY_MEASURE_WITH_UNIT (LENGTH_MEASURE( 1.000000000000000082E-05 ), #4281, 'distance_accuracy_value', 'NONE');
#151 = CARTESIAN_POINT ( 'NONE',  ( 4.262164124680903221, -1.708901866519356272, 1.319962439680784527 ) ) ;
#152 = LINE ( 'NONE', #5331, #5157 ) ;
#153 = ORIENTED_EDGE ( 'NONE', *, *, #1532, .F. ) ;
#154 =( LENGTH_UNIT ( ) NAMED_UNIT ( * ) SI_UNIT ( .MILLI., .METRE. ) );
#155 = AXIS2_PLACEMENT_3D ( 'NONE', #3475, #5853, #156 ) ;
#156 = DIRECTION ( 'NONE',  ( 0.0000000000000000000, 0.0000000000000000000, -1.000000000000000000 ) ) ;
#157 = DIRECTION ( 'NONE',  ( 0.0000000000000000000, 0.0000000000000000000, -1.000000000000000000 ) ) ;
#158 = EDGE_LOOP ( 'NONE', ( #3, #3394, #5002, #4500 ) ) ;
#159 = DIRECTION ( 'NONE',  ( -0.0000000000000000000, 1.000000000000000000, -0.0000000000000000000 ) ) ;
#160 = ORIENTED_EDGE ( 'NONE', *, *, #3865, .F. ) ;
#161 = DIRECTION ( 'NONE',  ( 1.000000000000000000, 0.0000000000000000000, 0.0000000000000000000 ) ) ;
#162 = CARTESIAN_POINT ( 'NONE',  ( -2.100000000000000089, -1.080000000000000071, 1.449999999999999956 ) ) ;
#163 = VERTEX_POINT ( 'NONE', #5289 ) ;
#164 = CARTESIAN_POINT ( 'NONE',  ( -1.649999999999999911, 6.312599999999999767, 3.294642898114000129 ) ) ;
#165 = CARTESIAN_POINT ( 'NONE',  ( 3.649999999999999911, 1.449999999999999956, -2.049999999999999822 ) ) ;
#166 = FACE_OUTER_BOUND ( 'NONE', #4182, .T. ) ;
#167 = ORIENTED_EDGE ( 'NONE', *, *, #2571, .F. ) ;
#168 = FACE_OUTER_BOUND ( 'NONE', #5890, .T. ) ;
#169 = EDGE_CURVE ( 'NONE', #1980, #1304, #583, .T. ) ;
#170 = LINE ( 'NONE', #4882, #3745 ) ;
#171 = ORIENTED_EDGE ( 'NONE', *, *, #814, .T. ) ;
#172 = STYLED_ITEM ( 'NONE', ( #5226 ), #148 ) ;
#173 = LINE ( 'NONE', #2588, #1682 ) ;
#174 = CARTESIAN_POINT ( 'NONE',  ( -0.1966690354055086187, -0.9966408252680307722, 3.375594874365163811 ) ) ;
#175 = PLANE ( 'NONE',  #5373 ) ;
#176 = CARTESIAN_POINT ( 'NONE',  ( 2.850000000000000089, -2.850000000000000089, -1.449999999999999956 ) ) ;
#177 = EDGE_CURVE ( 'NONE', #4060, #5281, #576, .T. ) ;
#178 = DIRECTION ( 'NONE',  ( -1.000000000000000000, 0.0000000000000000000, 0.0000000000000000000 ) ) ;
#179 = ORIENTED_EDGE ( 'NONE', *, *, #5809, .T. ) ;
#180 = AXIS2_PLACEMENT_3D ( 'NONE', #4402, #2001, #5321 ) ;
#181 = CARTESIAN_POINT ( 'NONE',  ( -4.190753094020498004, 1.749995558710895294, -0.3079140608302437521 ) ) ;
#182 = CARTESIAN_POINT ( 'NONE',  ( 15.33060000000000223, 1.750000000000000000, -1.350000000000000089 ) ) ;
#183 = EDGE_CURVE ( 'NONE', #5092, #2579, #4248, .T. ) ;
#184 = CARTESIAN_POINT ( 'NONE',  ( 4.250551775759735307, 1.691063282180843785, -0.3910632821808433524 ) ) ;
#185 = AXIS2_PLACEMENT_3D ( 'NONE', #5907, #4687, #1610 ) ;
#186 =( NAMED_UNIT ( * ) SI_UNIT ( $, .STERADIAN. ) SOLID_ANGLE_UNIT ( ) );
#187 = ORIENTED_EDGE ( 'NONE', *, *, #2528, .F. ) ;
#188 = PLANE ( 'NONE',  #4795 ) ;
#189 = ORIENTED_EDGE ( 'NONE', *, *, #3330, .T. ) ;
#190 = FILL_AREA_STYLE ('',( #4443 ) ) ;
#191 = CARTESIAN_POINT ( 'NONE',  ( -3.650000000000000355, -1.449999999999999956, -1.449999999999999956 ) ) ;
#192 = ORIENTED_EDGE ( 'NONE', *, *, #3790, .T. ) ;
#193 = CARTESIAN_POINT ( 'NONE',  ( -3.920041115078381821, -1.650000000000000355, -1.278626039772358780 ) ) ;
#194 = CARTESIAN_POINT ( 'NONE',  ( -1.808913097054192898, -0.9913251338958420922, 3.395503228084704173 ) ) ;
#195 = CIRCLE ( 'NONE', #1868, 0.09999999999999982514 ) ;
#196 = CARTESIAN_POINT ( 'NONE',  ( 0.0000000000000000000, 1.449999999999999956, -2.049999999999999822 ) ) ;
#197 = ORIENTED_EDGE ( 'NONE', *, *, #6126, .F. ) ;
#198 = CYLINDRICAL_SURFACE ( 'NONE', #2226, 0.1000000000000000472 ) ;
#199 = CARTESIAN_POINT ( 'NONE',  ( -0.9000000000000002442, 1.000000000000000222, 3.350000000000000089 ) ) ;
#200 = LINE ( 'NONE', #1606, #1545 ) ;
#201 = CARTESIAN_POINT ( 'NONE',  ( -4.220710678118649639, 1.649999999999999911, -0.4207106781186598088 ) ) ;
#202 = ORIENTED_EDGE ( 'NONE', *, *, #2838, .F. ) ;
#203 = AXIS2_PLACEMENT_3D ( 'NONE', #4484, #722, #2123 ) ;
#204 = CARTESIAN_POINT ( 'NONE',  ( -0.1226725696911744601, -0.8972248250782633994, 3.447699074438606015 ) ) ;
#205 = ORIENTED_EDGE ( 'NONE', *, *, #4144, .T. ) ;
#206 = MECHANICAL_DESIGN_GEOMETRIC_PRESENTATION_REPRESENTATION (  '', ( #2294 ), #3777 ) ;
#207 = UNCERTAINTY_MEASURE_WITH_UNIT (LENGTH_MEASURE( 1.000000000000000082E-05 ), #2249, 'distance_accuracy_value', 'NONE');
#208 = ORIENTED_EDGE ( 'NONE', *, *, #3049, .F. ) ;
#209 = ORIENTED_EDGE ( 'NONE', *, *, #2631, .T. ) ;
#210 = MECHANICAL_DESIGN_GEOMETRIC_PRESENTATION_REPRESENTATION (  '', ( #309 ), #1680 ) ;
#211 = CARTESIAN_POINT ( 'NONE',  ( -4.220710678118650527, 1.649999999999999911, -0.4207106781186602529 ) ) ;
#212 = CARTESIAN_POINT ( 'NONE',  ( 4.184571554749778599, 1.678979119944033815, -0.4624422362932756325 ) ) ;
#213 = STYLED_ITEM ( 'NONE', ( #3325 ), #4400 ) ;
#214 = AXIS2_PLACEMENT_3D ( 'NONE', #3810, #2846, #575 ) ;
#215 = ADVANCED_FACE ( 'NONE', ( #3556 ), #1708, .T. ) ;
#216 = EDGE_CURVE ( 'NONE', #4497, #3162, #1356, .T. ) ;
#217 = ORIENTED_EDGE ( 'NONE', *, *, #663, .F. ) ;
#218 = CARTESIAN_POINT ( 'NONE',  ( -0.3499999999999999778, 2.250000000000000444, 0.0000000000000000000 ) ) ;
#219 = VERTEX_POINT ( 'NONE', #4523 ) ;
#220 = SURFACE_STYLE_FILL_AREA ( #6017 ) ;
#221 = FACE_OUTER_BOUND ( 'NONE', #6015, .T. ) ;
#222 = ORIENTED_EDGE ( 'NONE', *, *, #5167, .F. ) ;
#223 = VECTOR ( 'NONE', #2840, 1000.000000000000000 ) ;
#224 = CARTESIAN_POINT ( 'NONE',  ( -1.898376993434613080, -0.8459055595925778492, 3.450000000000024603 ) ) ;
#225 = AXIS2_PLACEMENT_3D ( 'NONE', #2558, #3027, #5437 ) ;
#226 = ORIENTED_EDGE ( 'NONE', *, *, #3057, .T. ) ;
#227 = SURFACE_STYLE_USAGE ( .BOTH. , #1172 ) ;
#228 = CARTESIAN_POINT ( 'NONE',  ( -1.800000000000000044, -1.000000000000000000, 3.294642898114000129 ) ) ;
#229 = CARTESIAN_POINT ( 'NONE',  ( -4.220710678118650527, 1.709017335549511074, -0.4207106781186599198 ) ) ;
#230 = ORIENTED_EDGE ( 'NONE', *, *, #4803, .T. ) ;
#231 = DIRECTION ( 'NONE',  ( -0.0000000000000000000, 1.000000000000000000, 0.0000000000000000000 ) ) ;
#232 = FACE_OUTER_BOUND ( 'NONE', #3429, .T. ) ;
#233 = ORIENTED_EDGE ( 'NONE', *, *, #1085, .F. ) ;
#234 = FILL_AREA_STYLE ('',( #5940 ) ) ;
#235 = DIRECTION ( 'NONE',  ( -1.000000000000000000, 0.0000000000000000000, 0.0000000000000000000 ) ) ;
#236 = STYLED_ITEM ( 'NONE', ( #5352 ), #5024 ) ;
#237 = ORIENTED_EDGE ( 'NONE', *, *, #3739, .F. ) ;
#238 = DIRECTION ( 'NONE',  ( 0.0000000000000000000, 0.0000000000000000000, 1.000000000000000000 ) ) ;
#239 = ORIENTED_EDGE ( 'NONE', *, *, #3930, .T. ) ;
#240 = CARTESIAN_POINT ( 'NONE',  ( -4.149333577425367459, 1.749995558710895072, -0.3493335774253686354 ) ) ;
#241 = LINE ( 'NONE', #4928, #3461 ) ;
#242 = CIRCLE ( 'NONE', #1817, 0.09999999999999999167 ) ;
#243 = CARTESIAN_POINT ( 'NONE',  ( 4.150000000000001243, 1.720710678118654968, -0.4207106781186544797 ) ) ;
#244 = EDGE_CURVE ( 'NONE', #6042, #1423, #261, .T. ) ;
#245 = LINE ( 'NONE', #741, #4571 ) ;
#246 = ORIENTED_EDGE ( 'NONE', *, *, #3393, .T. ) ;
#247 = VECTOR ( 'NONE', #679, 1000.000000000000000 ) ;
#248 = PLANE ( 'NONE',  #2092 ) ;
#249 = ORIENTED_EDGE ( 'NONE', *, *, #324, .T. ) ;
#250 = CARTESIAN_POINT ( 'NONE',  ( -3.932842712474618363, -1.749999999999999778, -0.3500000000000004219 ) ) ;
#251 = FILL_AREA_STYLE ('',( #3984 ) ) ;
#252 = DIRECTION ( 'NONE',  ( 0.0000000000000000000, 0.0000000000000000000, -1.000000000000000000 ) ) ;
#253 = EDGE_CURVE ( 'NONE', #1844, #2378, #610, .T. ) ;
#254 = EDGE_CURVE ( 'NONE', #4127, #5959, #6162, .T. ) ;
#255 = DIRECTION ( 'NONE',  ( -1.000000000000000000, -0.0000000000000000000, -0.0000000000000000000 ) ) ;
#256 = ORIENTED_EDGE ( 'NONE', *, *, #2726, .F. ) ;
#257 = ORIENTED_EDGE ( 'NONE', *, *, #1257, .F. ) ;
#258 = DIRECTION ( 'NONE',  ( 0.0000000000000000000, 0.0000000000000000000, 1.000000000000000000 ) ) ;
#259 = SURFACE_STYLE_FILL_AREA ( #661 ) ;
#260 = EDGE_CURVE ( 'NONE', #5648, #3703, #2027, .T. ) ;
#261 = LINE ( 'NONE', #4420, #3757 ) ;
#262 = VERTEX_POINT ( 'NONE', #1635 ) ;
#263 = DIRECTION ( 'NONE',  ( 1.000000000000000000, 0.0000000000000000000, -0.0000000000000000000 ) ) ;
#264 = CARTESIAN_POINT ( 'NONE',  ( 3.649999999999999911, -1.449999999999999956, -2.049999999999999822 ) ) ;
#265 = CARTESIAN_POINT ( 'NONE',  ( -4.250551775759737083, -1.691063282180843563, -0.3910632821808442960 ) ) ;
#266 = DIRECTION ( 'NONE',  ( 1.000000000000000000, -0.0000000000000000000, 0.0000000000000000000 ) ) ;
#267 = UNCERTAINTY_MEASURE_WITH_UNIT (LENGTH_MEASURE( 1.000000000000000082E-05 ), #6030, 'distance_accuracy_value', 'NONE');
#268 = AXIS2_PLACEMENT_3D ( 'NONE', #1243, #3681, #2784 ) ;
#269 = CARTESIAN_POINT ( 'NONE',  ( 4.262442236293274789, -1.684571554749779709, 1.378979119944033549 ) ) ;
#270 = ORIENTED_EDGE ( 'NONE', *, *, #5515, .T. ) ;
#271 = CARTESIAN_POINT ( 'NONE',  ( -4.220710678118650527, 1.649999999999999911, -0.4207106781186605304 ) ) ;
#272 =( LENGTH_UNIT ( ) NAMED_UNIT ( * ) SI_UNIT ( .MILLI., .METRE. ) );
#273 = VECTOR ( 'NONE', #3971, 1000.000000000000000 ) ;
#274 = CARTESIAN_POINT ( 'NONE',  ( -4.049999999999999822, -1.750000000000000000, -0.3500000000000000888 ) ) ;
#275 = CARTESIAN_POINT ( 'NONE',  ( 4.220710678118654080, 1.720710678118654524, 1.409017335549510141 ) ) ;
#276 = ORIENTED_EDGE ( 'NONE', *, *, #3203, .T. ) ;
#277 = CARTESIAN_POINT ( 'NONE',  ( 3.778626039772358780, -1.720041115078380978, -1.350000000000000533 ) ) ;
#278 = ORIENTED_EDGE ( 'NONE', *, *, #2665, .T. ) ;
#279 = CYLINDRICAL_SURFACE ( 'NONE', #386, 0.09999999999999999167 ) ;
#280 = EDGE_CURVE ( 'NONE', #4101, #5015, #200, .T. ) ;
#281 = CARTESIAN_POINT ( 'NONE',  ( 4.191063282180843785, 1.691063282180843341, 1.450551775759735929 ) ) ;
#282 = AXIS2_PLACEMENT_3D ( 'NONE', #5800, #5309, #952 ) ;
#283 = DIRECTION ( 'NONE',  ( 1.000000000000000000, -0.0000000000000000000, 0.0000000000000000000 ) ) ;
#284 = VERTEX_POINT ( 'NONE', #1093 ) ;
#285 = VERTEX_POINT ( 'NONE', #228 ) ;
#286 = VECTOR ( 'NONE', #3751, 1000.000000000000000 ) ;
#287 = DIRECTION ( 'NONE',  ( -0.0000000000000000000, -1.000000000000000000, -0.0000000000000000000 ) ) ;
#288 = EDGE_CURVE ( 'NONE', #5336, #5092, #2096, .T. ) ;
#289 =( NAMED_UNIT ( * ) PLANE_ANGLE_UNIT ( ) SI_UNIT ( $, .RADIAN. ) );
#290 =( GEOMETRIC_REPRESENTATION_CONTEXT ( 3 ) GLOBAL_UNCERTAINTY_ASSIGNED_CONTEXT ( ( #3939 ) ) GLOBAL_UNIT_ASSIGNED_CONTEXT ( ( #5134, #2289, #5224 ) ) REPRESENTATION_CONTEXT ( 'NONE', 'WORKASPACE' ) );
#291 = CARTESIAN_POINT ( 'NONE',  ( -1.800000000000000266, 1.000000000000000000, 3.194642898114000040 ) ) ;
#292 = LINE ( 'NONE', #1762, #887 ) ;
#293 = EDGE_CURVE ( 'NONE', #1596, #4226, #1059, .T. ) ;
#294 = VERTEX_POINT ( 'NONE', #4023 ) ;
#295 = EDGE_CURVE ( 'NONE', #5552, #869, #78, .T. ) ;
#296 = CARTESIAN_POINT ( 'NONE',  ( -0.5500000000000001554, -0.9000000000000000222, 3.449999999999999734 ) ) ;
#297 = VECTOR ( 'NONE', #5419, 1000.000000000000000 ) ;
#298 = CARTESIAN_POINT ( 'NONE',  ( 3.962442236293276743, -1.678979119944034260, -1.349999999999999867 ) ) ;
#299 = DIRECTION ( 'NONE',  ( -0.0000000000000000000, 0.0000000000000000000, -1.000000000000000000 ) ) ;
#300 = CIRCLE ( 'NONE', #2389, 0.09999999999999999167 ) ;
#301 = CARTESIAN_POINT ( 'NONE',  ( -0.9000000000000001332, 1.000000000000000000, 3.350000000000000089 ) ) ;
#302 = CARTESIAN_POINT ( 'NONE',  ( -4.149999999999999467, 1.750000000000000000, -0.3499999999999998113 ) ) ;
#303 = VERTEX_POINT ( 'NONE', #3931 ) ;
#304 = DIRECTION ( 'NONE',  ( 0.0000000000000000000, 0.0000000000000000000, -1.000000000000000000 ) ) ;
#305 = FILL_AREA_STYLE ('',( #2203 ) ) ;
#306 = SURFACE_STYLE_USAGE ( .BOTH. , #2087 ) ;
#307 = PRESENTATION_LAYER_ASSIGNMENT (  '', '', ( #2976 ) ) ;
#308 = CARTESIAN_POINT ( 'NONE',  ( -1.350000000000000089, 1.000000000000000000, 3.294642898114000129 ) ) ;
#309 = STYLED_ITEM ( 'NONE', ( #3421 ), #3131 ) ;
#310 = CARTESIAN_POINT ( 'NONE',  ( 3.869526214587563295, 1.749999999999999778, -0.4472639924601152783 ) ) ;
#311 = EDGE_LOOP ( 'NONE', ( #5261, #5115, #4052, #5485 ) ) ;
#312 = ORIENTED_EDGE ( 'NONE', *, *, #1250, .F. ) ;
#313 = AXIS2_PLACEMENT_3D ( 'NONE', #4053, #2681, #1703 ) ;
#314 = AXIS2_PLACEMENT_3D ( 'NONE', #4800, #3937, #1032 ) ;
#315 = CARTESIAN_POINT ( 'NONE',  ( -0.1827907985420516024, 0.9820542105890136542, 3.407006795199349014 ) ) ;
#316 = ORIENTED_EDGE ( 'NONE', *, *, #1679, .T. ) ;
#317 = AXIS2_PLACEMENT_3D ( 'NONE', #1379, #4716, #5642 ) ;
#318 = ORIENTED_EDGE ( 'NONE', *, *, #5619, .F. ) ;
#319 = COLOUR_RGB ( '',0.9294117647058823817, 0.9294117647058823817, 0.9372549019607843146 ) ;
#320 = CARTESIAN_POINT ( 'NONE',  ( -2.000000000000000000, -0.7999999999999999334, 3.350000000000000089 ) ) ;
#321 = DIRECTION ( 'NONE',  ( 0.7071067811865975328, 0.0000000000000000000, -0.7071067811864976127 ) ) ;
#322 = AXIS2_PLACEMENT_3D ( 'NONE', #4700, #6032, #4143 ) ;
#323 = CARTESIAN_POINT ( 'NONE',  ( -3.962164124680903399, 1.619962439680785904, -1.408901866519356894 ) ) ;
#324 = EDGE_CURVE ( 'NONE', #4759, #3773, #170, .T. ) ;
#325 = CARTESIAN_POINT ( 'NONE',  ( -1.550000000000000044, 6.312599999999999767, 3.350000000000000089 ) ) ;
#326 = ORIENTED_EDGE ( 'NONE', *, *, #1671, .F. ) ;
#327 = DIRECTION ( 'NONE',  ( -1.000000000000000000, 0.0000000000000000000, 0.0000000000000000000 ) ) ;
#328 = CARTESIAN_POINT ( 'NONE',  ( -2.149999999999999911, -2.850000000000000089, -1.149999999999999911 ) ) ;
#329 = CARTESIAN_POINT ( 'NONE',  ( -4.150000000000000355, 1.650000000000000355, 1.350000000000000089 ) ) ;
#330 = EDGE_CURVE ( 'NONE', #3343, #1333, #1546, .T. ) ;
#331 = EDGE_CURVE ( 'NONE', #744, #262, #3959, .T. ) ;
#332 = DIRECTION ( 'NONE',  ( 0.0000000000000000000, 0.0000000000000000000, -1.000000000000000000 ) ) ;
#333 = FACE_OUTER_BOUND ( 'NONE', #3741, .T. ) ;
#334 = TOROIDAL_SURFACE ( 'NONE', #5712, 0.09999999999966718844, 0.09999999999995716482 ) ;
#335 = DIRECTION ( 'NONE',  ( 0.0000000000000000000, 1.000000000000000000, -0.0000000000000000000 ) ) ;
#336 = EDGE_LOOP ( 'NONE', ( #197, #2560, #217, #2007 ) ) ;
#337 = LINE ( 'NONE', #1652, #1358 ) ;
#338 = PLANE ( 'NONE',  #609 ) ;
#339 = DIRECTION ( 'NONE',  ( 0.4472135954999979512, -0.8944271909998958714, -0.0000000000000000000 ) ) ;
#340 = CARTESIAN_POINT ( 'NONE',  ( 4.220710678118654968, 1.720710678118654968, 1.350000000000000089 ) ) ;
#341 = VERTEX_POINT ( 'NONE', #5408 ) ;
#342 = CARTESIAN_POINT ( 'NONE',  ( 3.920710678118654702, -1.720710678118654968, -1.350000000000000089 ) ) ;
#343 = EDGE_LOOP ( 'NONE', ( #5693, #1831, #5937, #408 ) ) ;
#344 = DIRECTION ( 'NONE',  ( -0.0000000000000000000, -0.0000000000000000000, 1.000000000000000000 ) ) ;
#345 = VECTOR ( 'NONE', #2498, 1000.000000000000000 ) ;
#346 = CARTESIAN_POINT ( 'NONE',  ( -0.6500000000000001332, 1.000000000000000000, 3.294642898114000129 ) ) ;
#347 = DIRECTION ( 'NONE',  ( 1.000000000000000000, 0.0000000000000000000, 0.0000000000000000000 ) ) ;
#348 = COLOUR_RGB ( '',0.9294117647058823817, 0.9294117647058823817, 0.9372549019607843146 ) ;
#349 = CARTESIAN_POINT ( 'NONE',  ( -0.1441636255816650392, 0.9329114375545862758, 3.439719419165989667 ) ) ;
#350 = VERTEX_POINT ( 'NONE', #5997 ) ;
#351 = PRESENTATION_STYLE_ASSIGNMENT (( #3636 ) ) ;
#352 = VERTEX_POINT ( 'NONE', #3613 ) ;
#353 = CARTESIAN_POINT ( 'NONE',  ( 4.078626039772357714, -1.708576042115767635, 1.420041115078380267 ) ) ;
#354 = CARTESIAN_POINT ( 'NONE',  ( -4.049999999999998934, -1.708578643762690419, -0.4499999999999995670 ) ) ;
#355 = DIRECTION ( 'NONE',  ( -0.0000000000000000000, -1.000000000000000000, -0.0000000000000000000 ) ) ;
#356 = ORIENTED_EDGE ( 'NONE', *, *, #480, .T. ) ;
#357 = CARTESIAN_POINT ( 'NONE',  ( -0.4914213562373096478, -0.9585786437626905299, 3.449999999999999734 ) ) ;
#358 = DIRECTION ( 'NONE',  ( 1.000000000000000000, -0.0000000000000000000, 0.0000000000000000000 ) ) ;
#359 =( NAMED_UNIT ( * ) SI_UNIT ( $, .STERADIAN. ) SOLID_ANGLE_UNIT ( ) );
#360 = CARTESIAN_POINT ( 'NONE',  ( 3.967157287525381104, 1.750000000000000222, -0.4085786437626905410 ) ) ;
#361 = EDGE_CURVE ( 'NONE', #3861, #1822, #2220, .T. ) ;
#362 = SURFACE_STYLE_USAGE ( .BOTH. , #2196 ) ;
#363 = CARTESIAN_POINT ( 'NONE',  ( 4.191063282180844674, -1.750551775759736195, -0.3910632821808429638 ) ) ;
#364 = CARTESIAN_POINT ( 'NONE',  ( 4.250000000000000000, 1.650000000000000133, -1.449999999999999956 ) ) ;
#365 = EDGE_CURVE ( 'NONE', #4273, #5861, #4590, .T. ) ;
#366 = ORIENTED_EDGE ( 'NONE', *, *, #1984, .T. ) ;
#367 = FACE_OUTER_BOUND ( 'NONE', #2860, .T. ) ;
#368 = DIRECTION ( 'NONE',  ( 0.0000000000000000000, -1.000000000000000000, 0.0000000000000000000 ) ) ;
#369 = CARTESIAN_POINT ( 'NONE',  ( -1.350000000000000089, -1.000000000000000000, 3.194642898114000040 ) ) ;
#370 = CARTESIAN_POINT ( 'NONE',  ( 4.262164124680904109, -1.708901866519356272, -0.3199624396807846383 ) ) ;
#371 = ORIENTED_EDGE ( 'NONE', *, *, #4672, .T. ) ;
#372 = SURFACE_STYLE_USAGE ( .BOTH. , #831 ) ;
#373 = ADVANCED_FACE ( 'NONE', ( #2318 ), #4470, .T. ) ;
#374 = ORIENTED_EDGE ( 'NONE', *, *, #2073, .T. ) ;
#375 = VECTOR ( 'NONE', #3462, 1000.000000000000000 ) ;
#376 = EDGE_CURVE ( 'NONE', #2170, #3162, #2643, .T. ) ;
#377 = DIRECTION ( 'NONE',  ( 1.000000000000000000, -0.0000000000000000000, 0.0000000000000000000 ) ) ;
#378 = FACE_OUTER_BOUND ( 'NONE', #2043, .T. ) ;
#379 = CARTESIAN_POINT ( 'NONE',  ( 4.078626039772345280, 1.720041115078394522, 1.408576042115748495 ) ) ;
#380 = CARTESIAN_POINT ( 'NONE',  ( -0.9414213562373088262, -0.9585786437626905299, 3.449999999999999734 ) ) ;
#381 = ORIENTED_EDGE ( 'NONE', *, *, #376, .T. ) ;
#382 =( NAMED_UNIT ( * ) SI_UNIT ( $, .STERADIAN. ) SOLID_ANGLE_UNIT ( ) );
#383 = ORIENTED_EDGE ( 'NONE', *, *, #560, .T. ) ;
#384 = CARTESIAN_POINT ( 'NONE',  ( 4.150000000000000355, 1.649999999999999911, -0.3499999999999996447 ) ) ;
#385 = VERTEX_POINT ( 'NONE', #2675 ) ;
#386 = AXIS2_PLACEMENT_3D ( 'NONE', #4128, #3697, #5984 ) ;
#387 = LINE ( 'NONE', #2283, #4188 ) ;
#388 = AXIS2_PLACEMENT_3D ( 'NONE', #5977, #5605, #2723 ) ;
#389 = CARTESIAN_POINT ( 'NONE',  ( -3.962164124680903843, 1.619962439680785238, -1.350000000000000755 ) ) ;
#390 = CARTESIAN_POINT ( 'NONE',  ( 3.850000000000000533, 1.750000000000000000, -1.350000000000000311 ) ) ;
#391 = ORIENTED_EDGE ( 'NONE', *, *, #3439, .T. ) ;
#392 = FACE_OUTER_BOUND ( 'NONE', #4995, .T. ) ;
#393 = CARTESIAN_POINT ( 'NONE',  ( 0.3499999999999999778, -1.749999999999999778, -1.149999999999999911 ) ) ;
#394 = CARTESIAN_POINT ( 'NONE',  ( -2.150000000000000355, 1.649999999999999911, -1.449999999999999956 ) ) ;
#395 = AXIS2_PLACEMENT_3D ( 'NONE', #5441, #5783, #4461 ) ;
#396 = AXIS2_PLACEMENT_3D ( 'NONE', #5941, #1645, #5014 ) ;
#397 = DIRECTION ( 'NONE',  ( -0.0000000000000000000, -0.0000000000000000000, 1.000000000000000000 ) ) ;
#398 = SURFACE_STYLE_FILL_AREA ( #4664 ) ;
#399 = ORIENTED_EDGE ( 'NONE', *, *, #2034, .F. ) ;
#400 = CARTESIAN_POINT ( 'NONE',  ( 3.850000000000000533, -1.650000000000000133, -1.449999999999999956 ) ) ;
#401 = DIRECTION ( 'NONE',  ( -0.0000000000000000000, -0.0000000000000000000, 1.000000000000000000 ) ) ;
#402 = CIRCLE ( 'NONE', #5677, 0.09999999999999982514 ) ;
#403 = CARTESIAN_POINT ( 'NONE',  ( 2.100000000000000089, 1.080000000000000071, 1.449999999999999956 ) ) ;
#404 = CARTESIAN_POINT ( 'NONE',  ( -4.262164124680904997, -1.650000000000001243, 1.319962439680793409 ) ) ;
#405 = ORIENTED_EDGE ( 'NONE', *, *, #2665, .F. ) ;
#406 = ADVANCED_FACE ( 'NONE', ( #4555 ), #844, .F. ) ;
#407 = LINE ( 'NONE', #3255, #901 ) ;
#408 = ORIENTED_EDGE ( 'NONE', *, *, #1303, .F. ) ;
#409 = VECTOR ( 'NONE', #904, 1000.000000000000000 ) ;
#410 = CARTESIAN_POINT ( 'NONE',  ( 0.3500000000000006994, -1.750000000000000000, -1.350000000000000089 ) ) ;
#411 = CARTESIAN_POINT ( 'NONE',  ( -1.391421356237309448, 0.9585786437626905299, 3.449999999999999734 ) ) ;
#412 = CARTESIAN_POINT ( 'NONE',  ( 4.049999999999999822, -1.750000000000000000, -0.3499999999999999778 ) ) ;
#413 = CARTESIAN_POINT ( 'NONE',  ( -0.8999999999999998002, -0.9999999999999997780, 3.350000000000000089 ) ) ;
#414 = EDGE_CURVE ( 'NONE', #612, #4759, #4135, .T. ) ;
#415 = ADVANCED_FACE ( 'NONE', ( #5497 ), #2995, .T. ) ;
#416 = LINE ( 'NONE', #1853, #1661 ) ;
#417 = ORIENTED_EDGE ( 'NONE', *, *, #4429, .F. ) ;
#418 = CARTESIAN_POINT ( 'NONE',  ( 0.0000000000000000000, -1.750000000000000000, -1.350000000000000089 ) ) ;
#419 = ORIENTED_EDGE ( 'NONE', *, *, #5505, .T. ) ;
#420 = PRESENTATION_LAYER_ASSIGNMENT (  '', '', ( #213 ) ) ;
#421 = VECTOR ( 'NONE', #5675, 1000.000000000000000 ) ;
#422 = LINE ( 'NONE', #3583, #1025 ) ;
#423 = FACE_OUTER_BOUND ( 'NONE', #3480, .T. ) ;
#424 = STYLED_ITEM ( 'NONE', ( #2301 ), #4639 ) ;
#425 = PLANE ( 'NONE',  #2479 ) ;
#426 = ORIENTED_EDGE ( 'NONE', *, *, #6041, .F. ) ;
#427 = DIRECTION ( 'NONE',  ( -1.000000000000000000, 0.0000000000000000000, -0.0000000000000000000 ) ) ;
#428 = CARTESIAN_POINT ( 'NONE',  ( 3.950000000000000178, -1.650000000000000133, -1.449999999999999956 ) ) ;
#429 =( GEOMETRIC_REPRESENTATION_CONTEXT ( 3 ) GLOBAL_UNCERTAINTY_ASSIGNED_CONTEXT ( ( #5442 ) ) GLOBAL_UNIT_ASSIGNED_CONTEXT ( ( #2897, #5220, #74 ) ) REPRESENTATION_CONTEXT ( 'NONE', 'WORKASPACE' ) );
#430 = SURFACE_STYLE_FILL_AREA ( #1707 ) ;
#431 = CARTESIAN_POINT ( 'NONE',  ( 4.220710678118654968, -1.650000000000000133, -0.4207106781186547018 ) ) ;
#432 = VERTEX_POINT ( 'NONE', #4172 ) ;
#433 = CARTESIAN_POINT ( 'NONE',  ( -2.850000000000000089, -5.179999999999999716, -1.149999999999999911 ) ) ;
#434 = LINE ( 'NONE', #21, #286 ) ;
#435 = CARTESIAN_POINT ( 'NONE',  ( -3.850000000000000977, -1.649999999999999911, -1.350000000000000533 ) ) ;
#436 = CARTESIAN_POINT ( 'NONE',  ( -4.250000000000000000, -1.650000000000000133, -0.4500000000000000666 ) ) ;
#437 = EDGE_LOOP ( 'NONE', ( #3868, #3112, #3808, #4200 ) ) ;
#438 = DIRECTION ( 'NONE',  ( 0.0000000000000000000, 0.0000000000000000000, 1.000000000000000000 ) ) ;
#439 = ORIENTED_EDGE ( 'NONE', *, *, #4788, .F. ) ;
#440 = COLOUR_RGB ( '',0.9294117647058823817, 0.9294117647058823817, 0.9372549019607843146 ) ;
#441 =( NAMED_UNIT ( * ) PLANE_ANGLE_UNIT ( ) SI_UNIT ( $, .RADIAN. ) );
#442 = DIRECTION ( 'NONE',  ( -0.4472135954999979512, 0.8944271909998958714, 0.0000000000000000000 ) ) ;
#443 = ADVANCED_FACE ( 'NONE', ( #5127 ), #4625, .T. ) ;
#444 = DIRECTION ( 'NONE',  ( 1.000000000000000000, 0.0000000000000000000, 0.0000000000000000000 ) ) ;
#445 = VECTOR ( 'NONE', #5719, 1000.000000000000000 ) ;
#446 = ORIENTED_EDGE ( 'NONE', *, *, #4278, .F. ) ;
#447 = CARTESIAN_POINT ( 'NONE',  ( -0.1005682000266490683, -0.8151066303360881005, 3.449998408987829723 ) ) ;
#448 = EDGE_CURVE ( 'NONE', #4273, #580, #6056, .T. ) ;
#449 = CARTESIAN_POINT ( 'NONE',  ( -4.149999999999996803, 1.720041115078380978, 1.278626039772358114 ) ) ;
#450 = CARTESIAN_POINT ( 'NONE',  ( -1.800000000000584688, -0.7999999999988730570, 3.350000000000378897 ) ) ;
#451 = CARTESIAN_POINT ( 'NONE',  ( -3.778626039772358336, 1.720041115078380978, -1.349999999999966338 ) ) ;
#452 = ORIENTED_EDGE ( 'NONE', *, *, #15, .F. ) ;
#453 = VECTOR ( 'NONE', #5949, 1000.000000000000000 ) ;
#454 = EDGE_CURVE ( 'NONE', #5525, #4512, #46, .T. ) ;
#455 = CARTESIAN_POINT ( 'NONE',  ( -4.149999999999998579, -1.619962439680784794, -0.4621641246809019554 ) ) ;
#456 = DIRECTION ( 'NONE',  ( 0.0000000000000000000, 1.000000000000000000, 0.0000000000000000000 ) ) ;
#457 = CARTESIAN_POINT ( 'NONE',  ( 2.700000000000000178, 1.449999999999999956, -1.750000000000000000 ) ) ;
#458 = ORIENTED_EDGE ( 'NONE', *, *, #3250, .T. ) ;
#459 = CARTESIAN_POINT ( 'NONE',  ( 0.0000000000000000000, 1.750000000000000000, -1.149999999999999911 ) ) ;
#460 = DIRECTION ( 'NONE',  ( 0.0000000000000000000, 0.0000000000000000000, -1.000000000000000000 ) ) ;
#461 = UNCERTAINTY_MEASURE_WITH_UNIT (LENGTH_MEASURE( 1.000000000000000082E-05 ), #3392, 'distance_accuracy_value', 'NONE');
#462 = CARTESIAN_POINT ( 'NONE',  ( -4.220710678118649639, -1.650000000000000577, 1.420710678118660031 ) ) ;
#463 = ORIENTED_EDGE ( 'NONE', *, *, #454, .F. ) ;
#464 = ORIENTED_EDGE ( 'NONE', *, *, #1562, .F. ) ;
#465 = FILL_AREA_STYLE ('',( #2696 ) ) ;
#466 = CARTESIAN_POINT ( 'NONE',  ( -2.000000000000000000, -1.000000000000000000, 0.9499999999999999556 ) ) ;
#467 = DIRECTION ( 'NONE',  ( 1.000000000000000000, 0.0000000000000000000, -0.0000000000000000000 ) ) ;
#468 = FILL_AREA_STYLE_COLOUR ( '', #6020 ) ;
#469 = CLOSED_SHELL ( 'NONE', ( #5241, #4162, #29, #1119, #5275, #3087, #415, #1753, #1344, #1941, #5917, #2187, #3871, #856, #2786, #5215, #4952, #4393, #810, #1416, #4758, #2448, #2763, #3292, #5177, #1720, #1033, #2107, #1039, #373, #91, #1408, #3441, #995, #2522, #4858, #746, #1627, #5431, #4207, #2680, #2412, #2937, #1957, #5548, #2028, #3889, #5136, #5550, #5743, #1711, #1143, #5852, #2716, #3826, #3584, #671, #2113, #6037, #1075, #4747, #5335, #4726, #5669, #3165, #3744, #4824, #97, #2642, #6088, #108, #780, #4390, #2307, #1037, #3199, #3119, #3655, #4400, #1002, #1563, #3974, #857, #1332, #2908, #1681, #3355, #5508, #4309, #1517, #4357, #2497, #553, #524, #4632, #820, #4126, #3172, #4912, #3212, #2419, #406, #4421, #6114, #2447, #5899, #4079, #1801, #5580, #3902, #959, #75, #3365, #1824, #3436, #5246, #3619, #215, #5898, #2066, #1489, #2673, #4040, #5099, #986, #4760, #4321, #2871, #58, #4313, #3753, #1106, #740, #2499, #5095, #472, #3600, #443, #5252, #5804, #701, #1559, #5024, #1001, #1225, #66, #4598, #4283, #1631, #3235, #2933, #1443, #4755, #4865, #4515, #3089, #531, #1336, #4639, #5087, #1799, #4668, #2750, #4588, #4545, #3131, #525, #5849, #2195, #1153 ) ) ;
#470 = CARTESIAN_POINT ( 'NONE',  ( 3.850000000000000089, -1.649999999999999911, -9.219799999999999329 ) ) ;
#471 = CARTESIAN_POINT ( 'NONE',  ( 4.208576042115764970, 1.720041115078382310, -0.2786260397723564486 ) ) ;
#472 = ADVANCED_FACE ( 'NONE', ( #4787 ), #2924, .T. ) ;
#473 = EDGE_LOOP ( 'NONE', ( #1005, #3705, #4081, #1712, #3685, #5083 ) ) ;
#474 = LINE ( 'NONE', #3328, #1425 ) ;
#475 = AXIS2_PLACEMENT_3D ( 'NONE', #4078, #5591, #1829 ) ;
#476 = UNCERTAINTY_MEASURE_WITH_UNIT (LENGTH_MEASURE( 1.000000000000000082E-05 ), #1367, 'distance_accuracy_value', 'NONE');
#477 = DIRECTION ( 'NONE',  ( 1.000000000000000000, 0.0000000000000000000, 0.0000000000000000000 ) ) ;
#478 = ORIENTED_EDGE ( 'NONE', *, *, #244, .T. ) ;
#479 = VECTOR ( 'NONE', #5229, 1000.000000000000000 ) ;
#480 = EDGE_CURVE ( 'NONE', #2461, #2486, #3265, .T. ) ;
#481 = DIRECTION ( 'NONE',  ( 0.0000000000000000000, 0.0000000000000000000, -1.000000000000000000 ) ) ;
#482 = MECHANICAL_DESIGN_GEOMETRIC_PRESENTATION_REPRESENTATION (  '', ( #5066 ), #5262 ) ;
#483 = CIRCLE ( 'NONE', #1052, 0.09999999999999982514 ) ;
#484 = EDGE_CURVE ( 'NONE', #2987, #2546, #3806, .T. ) ;
#485 = EDGE_CURVE ( 'NONE', #3947, #4366, #3032, .T. ) ;
#486 = CARTESIAN_POINT ( 'NONE',  ( 2.850000000000000089, -1.750000000000000000, -1.449999999999999956 ) ) ;
#487 = CARTESIAN_POINT ( 'NONE',  ( -3.649999999999999911, -1.449999999999999956, 0.0000000000000000000 ) ) ;
#488 = CARTESIAN_POINT ( 'NONE',  ( -1.391421356237309448, -0.9585786437626905299, 3.449999999999999734 ) ) ;
#489 = CIRCLE ( 'NONE', #5563, 0.1000000000000002554 ) ;
#490 = DIRECTION ( 'NONE',  ( -6.109755479424355705E-15, 6.109755426949747175E-15, -1.000000000000000000 ) ) ;
#491 =( LENGTH_UNIT ( ) NAMED_UNIT ( * ) SI_UNIT ( .MILLI., .METRE. ) );
#492 = FACE_OUTER_BOUND ( 'NONE', #2902, .T. ) ;
#493 = CARTESIAN_POINT ( 'NONE',  ( 0.0000000000000000000, 0.0000000000000000000, 0.0000000000000000000 ) ) ;
#494 = ORIENTED_EDGE ( 'NONE', *, *, #5473, .F. ) ;
#495 = CARTESIAN_POINT ( 'NONE',  ( -3.945156458918385844, -1.709017335549510186, -1.396264897318924225 ) ) ;
#496 = ORIENTED_EDGE ( 'NONE', *, *, #5364, .F. ) ;
#497 =( NAMED_UNIT ( * ) PLANE_ANGLE_UNIT ( ) SI_UNIT ( $, .RADIAN. ) );
#498 = CARTESIAN_POINT ( 'NONE',  ( -4.220710678118649639, -1.650000000000000355, 1.420710678118659587 ) ) ;
#499 = AXIS2_PLACEMENT_3D ( 'NONE', #4153, #2692, #4094 ) ;
#500 = VECTOR ( 'NONE', #1138, 1000.000000000000000 ) ;
#501 = CARTESIAN_POINT ( 'NONE',  ( 3.920041115078380933, 1.708576042115767635, -1.278626039772358114 ) ) ;
#502 = VERTEX_POINT ( 'NONE', #2475 ) ;
#503 = CARTESIAN_POINT ( 'NONE',  ( -1.350000000000000089, 1.000000000000000000, 3.194642898114000040 ) ) ;
#504 = DIRECTION ( 'NONE',  ( -0.0000000000000000000, 1.000000000000000000, -0.0000000000000000000 ) ) ;
#505 = CARTESIAN_POINT ( 'NONE',  ( 4.149999999999996803, 1.762164124680902555, -0.3199624396807848048 ) ) ;
#506 = ORIENTED_EDGE ( 'NONE', *, *, #295, .F. ) ;
#507 = CARTESIAN_POINT ( 'NONE',  ( -2.700000000000000178, -1.449999999999999956, -1.750000000000000000 ) ) ;
#508 = CARTESIAN_POINT ( 'NONE',  ( 3.850000000000000977, -1.649999999999999911, -1.350000000000000089 ) ) ;
#509 =( GEOMETRIC_REPRESENTATION_CONTEXT ( 3 ) GLOBAL_UNCERTAINTY_ASSIGNED_CONTEXT ( ( #5878 ) ) GLOBAL_UNIT_ASSIGNED_CONTEXT ( ( #2208, #4155, #1201 ) ) REPRESENTATION_CONTEXT ( 'NONE', 'WORKASPACE' ) );
#510 =( NAMED_UNIT ( * ) PLANE_ANGLE_UNIT ( ) SI_UNIT ( $, .RADIAN. ) );
#511 = CARTESIAN_POINT ( 'NONE',  ( -4.149999999999999467, -1.720710678118654746, -0.4207106781186547573 ) ) ;
#512 = ORIENTED_EDGE ( 'NONE', *, *, #2441, .F. ) ;
#513 =( GEOMETRIC_REPRESENTATION_CONTEXT ( 3 ) GLOBAL_UNCERTAINTY_ASSIGNED_CONTEXT ( ( #3332 ) ) GLOBAL_UNIT_ASSIGNED_CONTEXT ( ( #1658, #5517, #1625 ) ) REPRESENTATION_CONTEXT ( 'NONE', 'WORKASPACE' ) );
#514 = AXIS2_PLACEMENT_3D ( 'NONE', #1175, #3929, #5432 ) ;
#515 = EDGE_CURVE ( 'NONE', #2609, #3136, #152, .T. ) ;
#516 = DIRECTION ( 'NONE',  ( 0.0000000000000000000, 0.0000000000000000000, -1.000000000000000000 ) ) ;
#517 =( NAMED_UNIT ( * ) PLANE_ANGLE_UNIT ( ) SI_UNIT ( $, .RADIAN. ) );
#518 = LINE ( 'NONE', #1938, #5449 ) ;
#519 = EDGE_LOOP ( 'NONE', ( #2926, #1078, #3607, #2808 ) ) ;
#520 = PRESENTATION_LAYER_ASSIGNMENT (  '', '', ( #5302 ) ) ;
#521 = PRESENTATION_STYLE_ASSIGNMENT (( #3907 ) ) ;
#522 = B_SPLINE_CURVE_WITH_KNOTS ( 'NONE', 3,
 ( #5311, #224, #4416, #3952, #2580, #194, #5834, #1084 ),
 .UNSPECIFIED., .F., .F.,
 ( 4, 2, 2, 4 ),
 ( -1.415097175348330772E-05, 0.0001236517525272027012, 0.0001925531146675458962, 0.0002614544768078892268 ),
 .UNSPECIFIED. ) ;
#523 = CARTESIAN_POINT ( 'NONE',  ( -15.33060000000000223, -1.649999999999999911, -1.350000000000000089 ) ) ;
#524 = ADVANCED_FACE ( 'NONE', ( #5911 ), #554, .T. ) ;
#525 = ADVANCED_FACE ( 'NONE', ( #1587 ), #3533, .F. ) ;
#526 =( NAMED_UNIT ( * ) PLANE_ANGLE_UNIT ( ) SI_UNIT ( $, .RADIAN. ) );
#527 = AXIS2_PLACEMENT_3D ( 'NONE', #3273, #3367, #5724 ) ;
#528 = EDGE_LOOP ( 'NONE', ( #5530, #5650, #1617, #1725, #2678 ) ) ;
#529 = CARTESIAN_POINT ( 'NONE',  ( -4.150000000000000355, -1.750000000000000000, 1.449999999999999956 ) ) ;
#530 = ORIENTED_EDGE ( 'NONE', *, *, #775, .F. ) ;
#531 = ADVANCED_FACE ( 'NONE', ( #4891 ), #2536, .F. ) ;
#532 = DIRECTION ( 'NONE',  ( -0.0000000000000000000, 1.000000000000000000, -0.0000000000000000000 ) ) ;
#533 = DIRECTION ( 'NONE',  ( 1.000000000000000000, 0.0000000000000000000, 0.0000000000000000000 ) ) ;
#534 = ORIENTED_EDGE ( 'NONE', *, *, #484, .T. ) ;
#535 = CARTESIAN_POINT ( 'NONE',  ( 0.0000000000000000000, -1.449999999999999956, -2.049999999999999822 ) ) ;
#536 = VERTEX_POINT ( 'NONE', #792 ) ;
#537 = PLANE ( 'NONE',  #6090 ) ;
#538 = CARTESIAN_POINT ( 'NONE',  ( -1.550000000000000044, 1.000000000000000000, 3.408578643762690596 ) ) ;
#539 = AXIS2_PLACEMENT_3D ( 'NONE', #5387, #736, #2109 ) ;
#540 = VERTEX_POINT ( 'NONE', #1736 ) ;
#541 = LINE ( 'NONE', #4267, #5328 ) ;
#542 = AXIS2_PLACEMENT_3D ( 'NONE', #3335, #5774, #2927 ) ;
#543 = CARTESIAN_POINT ( 'NONE',  ( -1.899971562272618764, 0.8476474317472343367, 3.449999999999999289 ) ) ;
#544 = ORIENTED_EDGE ( 'NONE', *, *, #1984, .F. ) ;
#545 = CARTESIAN_POINT ( 'NONE',  ( -4.150000000000000355, -1.720710678118655634, -0.4207106781186540911 ) ) ;
#546 = VECTOR ( 'NONE', #5089, 1000.000000000000000 ) ;
#547 = DIRECTION ( 'NONE',  ( 0.0000000000000000000, 0.0000000000000000000, 1.000000000000000000 ) ) ;
#548 = CARTESIAN_POINT ( 'NONE',  ( -1.798115072312083340, 0.9999911174217771537, 3.409019300807195396 ) ) ;
#549 = CARTESIAN_POINT ( 'NONE',  ( -1.449999999999999956, -0.9000000000000000222, 3.449999999999999734 ) ) ;
#550 = EDGE_CURVE ( 'NONE', #1611, #3360, #6050, .T. ) ;
#551 = CARTESIAN_POINT ( 'NONE',  ( 4.049999999999999822, -1.750000000000000000, -0.4085786437626902634 ) ) ;
#552 = ORIENTED_EDGE ( 'NONE', *, *, #5701, .T. ) ;
#553 = ADVANCED_FACE ( 'NONE', ( #1648 ), #4602, .F. ) ;
#554 = PLANE ( 'NONE',  #574 ) ;
#555 = EDGE_LOOP ( 'NONE', ( #5040, #2544, #1318, #5048 ) ) ;
#556 = CARTESIAN_POINT ( 'NONE',  ( -4.250000000000000000, 1.649999999999999911, -0.4500000000000000666 ) ) ;
#557 = DIRECTION ( 'NONE',  ( -1.000000000000000000, 0.0000000000000000000, 0.0000000000000000000 ) ) ;
#558 = EDGE_CURVE ( 'NONE', #4767, #3343, #3624, .T. ) ;
#559 = CYLINDRICAL_SURFACE ( 'NONE', #2241, 0.09999999999999982514 ) ;
#560 = EDGE_CURVE ( 'NONE', #3037, #432, #1453, .T. ) ;
#561 = LINE ( 'NONE', #593, #1567 ) ;
#562 = EDGE_CURVE ( 'NONE', #665, #4361, #3145, .T. ) ;
#563 = ORIENTED_EDGE ( 'NONE', *, *, #2081, .T. ) ;
#564 = DIRECTION ( 'NONE',  ( -1.000000000000000000, 0.0000000000000000000, 0.0000000000000000000 ) ) ;
#565 = FILL_AREA_STYLE_COLOUR ( '', #5690 ) ;
#566 = CARTESIAN_POINT ( 'NONE',  ( 4.150000000000000355, 1.720710678118655190, -0.4207106781186544797 ) ) ;
#567 = ORIENTED_EDGE ( 'NONE', *, *, #5135, .T. ) ;
#568 = CARTESIAN_POINT ( 'NONE',  ( -2.100000000000000089, -1.080000000000000071, 1.449999999999999956 ) ) ;
#569 = FACE_OUTER_BOUND ( 'NONE', #3516, .T. ) ;
#570 = CARTESIAN_POINT ( 'NONE',  ( -1.883054503220536802, 0.8920713290438903043, 3.453208240984989796 ) ) ;
#571 = DIRECTION ( 'NONE',  ( 0.0000000000000000000, 1.000000000000000000, 0.0000000000000000000 ) ) ;
#572 = ORIENTED_EDGE ( 'NONE', *, *, #2527, .F. ) ;
#573 = DIRECTION ( 'NONE',  ( -1.000000000000000000, -0.0000000000000000000, -0.0000000000000000000 ) ) ;
#574 = AXIS2_PLACEMENT_3D ( 'NONE', #4859, #1616, #5385 ) ;
#575 = DIRECTION ( 'NONE',  ( 0.0000000000000000000, 0.0000000000000000000, 1.000000000000000000 ) ) ;
#576 = LINE ( 'NONE', #3873, #6045 ) ;
#577 = LINE ( 'NONE', #1998, #1272 ) ;
#578 = ORIENTED_EDGE ( 'NONE', *, *, #962, .T. ) ;
#579 = CARTESIAN_POINT ( 'NONE',  ( -0.1876941004112920308, -0.9872902564589871588, 3.398059803922345079 ) ) ;
#580 = VERTEX_POINT ( 'NONE', #2231 ) ;
#581 = CARTESIAN_POINT ( 'NONE',  ( -1.100000000000000311, 0.9999999999999995559, 3.350000000000000089 ) ) ;
#582 = AXIS2_PLACEMENT_3D ( 'NONE', #466, #2337, #3793 ) ;
#583 = CIRCLE ( 'NONE', #2360, 0.1000000000000000472 ) ;
#584 = UNCERTAINTY_MEASURE_WITH_UNIT (LENGTH_MEASURE( 1.000000000000000082E-05 ), #4776, 'distance_accuracy_value', 'NONE');
#585 = ORIENTED_EDGE ( 'NONE', *, *, #5316, .F. ) ;
#586 = STYLED_ITEM ( 'NONE', ( #1619 ), #1153 ) ;
#587 = ORIENTED_EDGE ( 'NONE', *, *, #1879, .F. ) ;
#588 = CARTESIAN_POINT ( 'NONE',  ( -1.250000000000000000, 6.312599999999999767, 3.294642898114000129 ) ) ;
#589 = SURFACE_STYLE_FILL_AREA ( #3943 ) ;
#590 = VECTOR ( 'NONE', #283, 1000.000000000000000 ) ;
#591 = DIRECTION ( 'NONE',  ( -0.0000000000000000000, -1.000000000000000000, -0.0000000000000000000 ) ) ;
#592 = EDGE_CURVE ( 'NONE', #3703, #5703, #5047, .T. ) ;
#593 = CARTESIAN_POINT ( 'NONE',  ( 2.700000000000000178, 0.8500000000000000888, -2.049999999999999822 ) ) ;
#594 = ORIENTED_EDGE ( 'NONE', *, *, #2219, .F. ) ;
#595 = LINE ( 'NONE', #628, #6079 ) ;
#596 = EDGE_LOOP ( 'NONE', ( #4688, #4558, #3101, #3933, #1527, #4348, #3918, #5610 ) ) ;
#597 = AXIS2_PLACEMENT_3D ( 'NONE', #1315, #3724, #142 ) ;
#598 = CARTESIAN_POINT ( 'NONE',  ( 4.250000000000000000, 6.312599999999999767, 1.350000000000000089 ) ) ;
#599 = DIRECTION ( 'NONE',  ( 1.000000000000000000, 0.0000000000000000000, 0.0000000000000000000 ) ) ;
#600 = ORIENTED_EDGE ( 'NONE', *, *, #4051, .T. ) ;
#601 = DIRECTION ( 'NONE',  ( 0.0000000000000000000, 0.0000000000000000000, -1.000000000000000000 ) ) ;
#602 = EDGE_CURVE ( 'NONE', #1822, #87, #3120, .T. ) ;
#603 = EDGE_CURVE ( 'NONE', #2030, #2795, #5075, .T. ) ;
#604 = VECTOR ( 'NONE', #2709, 1000.000000000000000 ) ;
#605 = DIRECTION ( 'NONE',  ( -1.000000000000000000, -0.0000000000000000000, -0.0000000000000000000 ) ) ;
#606 = ORIENTED_EDGE ( 'NONE', *, *, #2235, .T. ) ;
#607 = VECTOR ( 'NONE', #3197, 1000.000000000000000 ) ;
#608 = LINE ( 'NONE', #4395, #1124 ) ;
#609 = AXIS2_PLACEMENT_3D ( 'NONE', #4186, #2690, #3689 ) ;
#610 = LINE ( 'NONE', #635, #4556 ) ;
#611 = DIRECTION ( 'NONE',  ( -0.0000000000000000000, -0.0000000000000000000, 1.000000000000000000 ) ) ;
#612 = VERTEX_POINT ( 'NONE', #5507 ) ;
#613 = CARTESIAN_POINT ( 'NONE',  ( 2.700000000000000178, -1.449999999999999956, -2.049999999999999822 ) ) ;
#614 = DIRECTION ( 'NONE',  ( -0.0000000000000000000, 0.0000000000000000000, -1.000000000000000000 ) ) ;
#615 = SURFACE_SIDE_STYLE ('',( #1613 ) ) ;
#616 = STYLED_ITEM ( 'NONE', ( #2402 ), #4515 ) ;
#617 = CARTESIAN_POINT ( 'NONE',  ( 2.250000000000000444, -3.049999999999999822, -1.149999999999999911 ) ) ;
#618 = AXIS2_PLACEMENT_3D ( 'NONE', #2064, #2594, #4496 ) ;
#619 = VECTOR ( 'NONE', #4041, 1000.000000000000000 ) ;
#620 = SURFACE_SIDE_STYLE ('',( #4339 ) ) ;
#621 = EDGE_LOOP ( 'NONE', ( #4440, #2496, #5836, #5076, #793 ) ) ;
#622 =( NAMED_UNIT ( * ) PLANE_ANGLE_UNIT ( ) SI_UNIT ( $, .RADIAN. ) );
#623 =( NAMED_UNIT ( * ) SI_UNIT ( $, .STERADIAN. ) SOLID_ANGLE_UNIT ( ) );
#624 = CARTESIAN_POINT ( 'NONE',  ( 0.3500000000000000333, 2.250000000000000444, -1.449999999999999956 ) ) ;
#625 = CARTESIAN_POINT ( 'NONE',  ( 3.850000000000000089, 1.649999999999999911, -1.350000000000000533 ) ) ;
#626 = ORIENTED_EDGE ( 'NONE', *, *, #454, .T. ) ;
#627 =( BOUNDED_SURFACE ( )  B_SPLINE_SURFACE ( 3, 3, ( 
 ( #3507, #211, #2172, #271 ),
 ( #2538, #3062, #1618, #2628 ),
 ( #5445, #4927, #5976, #5479 ),
 ( #3473, #2202, #181, #240 ) ),
 .UNSPECIFIED., .F., .F., .F. ) 
 B_SPLINE_SURFACE_WITH_KNOTS ( ( 4, 4 ),
 ( 4, 4 ),
 ( 0.0000000000000000000, 1.000000000000000000 ),
 ( 0.0000000000000000000, 1.000000000000000000 ),
 .UNSPECIFIED. ) 
 GEOMETRIC_REPRESENTATION_ITEM ( )  RATIONAL_B_SPLINE_SURFACE ( (
 ( 1.000000000000000000, 0.8047378541243652705, 0.8047378541243652705, 1.000000000000000000),
 ( 0.8025111867385885667, 0.6458111303268095904, 0.6458111303268095904, 0.8025111867385885667),
 ( 0.8025111867385885667, 0.6458111303268095904, 0.6458111303268095904, 0.8025111867385885667),
 ( 1.000000000000000000, 0.8047378541243652705, 0.8047378541243652705, 1.000000000000000000) ) ) 
 REPRESENTATION_ITEM ( '' )  SURFACE ( )  );
#628 = CARTESIAN_POINT ( 'NONE',  ( -3.650000000000000355, -1.750000000000000000, -1.449999999999999956 ) ) ;
#629 = ORIENTED_EDGE ( 'NONE', *, *, #4161, .T. ) ;
#630 = DIRECTION ( 'NONE',  ( 0.0000000000000000000, 1.000000000000000000, 0.0000000000000000000 ) ) ;
#631 = EDGE_CURVE ( 'NONE', #163, #1139, #3060, .T. ) ;
#632 = EDGE_CURVE ( 'NONE', #92, #502, #4117, .T. ) ;
#633 = VERTEX_POINT ( 'NONE', #302 ) ;
#634 = CARTESIAN_POINT ( 'NONE',  ( -0.4500000000000001221, 1.000000000000000000, 3.350000000000000089 ) ) ;
#635 = CARTESIAN_POINT ( 'NONE',  ( 3.649999999999999911, -1.449999999999999956, -2.049999999999999822 ) ) ;
#636 = DIRECTION ( 'NONE',  ( -0.0000000000000000000, -1.000000000000000000, 0.0000000000000000000 ) ) ;
#637 = EDGE_CURVE ( 'NONE', #646, #3886, #5945, .T. ) ;
#638 = ORIENTED_EDGE ( 'NONE', *, *, #2592, .F. ) ;
#639 = FILL_AREA_STYLE_COLOUR ( '', #6086 ) ;
#640 = PRESENTATION_LAYER_ASSIGNMENT (  '', '', ( #2519 ) ) ;
#641 = CARTESIAN_POINT ( 'NONE',  ( -0.1913905859571440882, -0.9912375899889666053, 3.391314874726408135 ) ) ;
#642 = CARTESIAN_POINT ( 'NONE',  ( 0.0000000000000000000, 0.8000000000000000444, 10.61979999999999968 ) ) ;
#643 = DIRECTION ( 'NONE',  ( 0.0000000000000000000, -1.000000000000000000, 0.0000000000000000000 ) ) ;
#644 = UNCERTAINTY_MEASURE_WITH_UNIT (LENGTH_MEASURE( 1.000000000000000082E-05 ), #2600, 'distance_accuracy_value', 'NONE');
#645 = ORIENTED_EDGE ( 'NONE', *, *, #1745, .F. ) ;
#646 = VERTEX_POINT ( 'NONE', #6033 ) ;
#647 = CARTESIAN_POINT ( 'NONE',  ( -3.649999999999999911, 1.449999999999999956, -2.049999999999999822 ) ) ;
#648 = DIRECTION ( 'NONE',  ( 0.0000000000000000000, -1.000000000000000000, 0.0000000000000000000 ) ) ;
#649 = AXIS2_PLACEMENT_3D ( 'NONE', #4438, #2630, #1132 ) ;
#650 = DIRECTION ( 'NONE',  ( 0.0000000000000000000, 0.0000000000000000000, -1.000000000000000000 ) ) ;
#651 = CARTESIAN_POINT ( 'NONE',  ( -1.550000000000000266, -1.000000000000000000, 3.194642898114000040 ) ) ;
#652 = CARTESIAN_POINT ( 'NONE',  ( 4.049999999999999822, -1.750000000000000000, -0.3499999999999999778 ) ) ;
#653 = ORIENTED_EDGE ( 'NONE', *, *, #3163, .T. ) ;
#654 = FACE_OUTER_BOUND ( 'NONE', #130, .T. ) ;
#655 = LINE ( 'NONE', #3543, #2268 ) ;
#656 = ORIENTED_EDGE ( 'NONE', *, *, #3549, .T. ) ;
#657 = SURFACE_SIDE_STYLE ('',( #2149 ) ) ;
#658 = LINE ( 'NONE', #196, #3774 ) ;
#659 = ORIENTED_EDGE ( 'NONE', *, *, #5474, .F. ) ;
#660 = CARTESIAN_POINT ( 'NONE',  ( 4.150000000000000355, 1.650000000000000355, -0.3499999999999999778 ) ) ;
#661 = FILL_AREA_STYLE ('',( #5868 ) ) ;
#662 = CARTESIAN_POINT ( 'NONE',  ( -3.849999999999999201, 1.749999999999999556, -0.4328427124746190291 ) ) ;
#663 = EDGE_CURVE ( 'NONE', #1076, #612, #4145, .T. ) ;
#664 =( NAMED_UNIT ( * ) SI_UNIT ( $, .STERADIAN. ) SOLID_ANGLE_UNIT ( ) );
#665 = VERTEX_POINT ( 'NONE', #5109 ) ;
#666 = COLOUR_RGB ( '',0.9294117647058823817, 0.9294117647058823817, 0.9372549019607843146 ) ;
#667 = CARTESIAN_POINT ( 'NONE',  ( -0.1081305580350500756, -0.8579247153762150635, 3.449698510344538338 ) ) ;
#668 = VERTEX_POINT ( 'NONE', #4986 ) ;
#669 = LINE ( 'NONE', #642, #5518 ) ;
#670 = CARTESIAN_POINT ( 'NONE',  ( 3.908578643762690152, -1.750000000000000000, -0.5500000000000001554 ) ) ;
#671 = ADVANCED_FACE ( 'NONE', ( #824 ), #703, .T. ) ;
#672 = MECHANICAL_DESIGN_GEOMETRIC_PRESENTATION_REPRESENTATION (  '', ( #5653 ), #957 ) ;
#673 = EDGE_CURVE ( 'NONE', #5703, #2798, #518, .T. ) ;
#674 = CARTESIAN_POINT ( 'NONE',  ( 4.220710678118654968, -1.649999999999999911, 1.420710678118655368 ) ) ;
#675 = ORIENTED_EDGE ( 'NONE', *, *, #3018, .F. ) ;
#676 = AXIS2_PLACEMENT_3D ( 'NONE', #3683, #5477, #1710 ) ;
#677 = DIRECTION ( 'NONE',  ( 0.0000000000000000000, 0.0000000000000000000, 1.000000000000000000 ) ) ;
#678 = CARTESIAN_POINT ( 'NONE',  ( -1.899999999999999911, 0.8164711886251000417, 3.350000000000000089 ) ) ;
#679 = DIRECTION ( 'NONE',  ( 1.000000000000000000, -0.0000000000000000000, 0.0000000000000000000 ) ) ;
#680 = AXIS2_PLACEMENT_3D ( 'NONE', #2370, #3860, #4234 ) ;
#681 = DIRECTION ( 'NONE',  ( -1.000000000000000000, 0.0000000000000000000, 0.0000000000000000000 ) ) ;
#682 = ORIENTED_EDGE ( 'NONE', *, *, #183, .T. ) ;
#683 = DIRECTION ( 'NONE',  ( 1.000000000000000000, 0.0000000000000000000, 0.0000000000000000000 ) ) ;
#684 = VERTEX_POINT ( 'NONE', #4250 ) ;
#685 = CARTESIAN_POINT ( 'NONE',  ( 4.149999999999999467, 1.750000000000000000, -0.3499999999999998113 ) ) ;
#686 = ORIENTED_EDGE ( 'NONE', *, *, #3044, .T. ) ;
#687 = AXIS2_PLACEMENT_3D ( 'NONE', #4637, #368, #4149 ) ;
#688 = PRESENTATION_STYLE_ASSIGNMENT (( #227 ) ) ;
#689 = VERTEX_POINT ( 'NONE', #6103 ) ;
#690 = CARTESIAN_POINT ( 'NONE',  ( 0.0000000000000000000, 1.449999999999999956, 0.0000000000000000000 ) ) ;
#691 = CARTESIAN_POINT ( 'NONE',  ( -3.991421356237307982, 1.708578643762690419, -0.4500000000000002887 ) ) ;
#692 = CARTESIAN_POINT ( 'NONE',  ( 2.100000000000000089, -1.080000000000000071, 0.9499999999999999556 ) ) ;
#693 = ORIENTED_EDGE ( 'NONE', *, *, #1878, .T. ) ;
#694 = COLOUR_RGB ( '',0.9294117647058823817, 0.9294117647058823817, 0.9372549019607843146 ) ;
#695 = CARTESIAN_POINT ( 'NONE',  ( -1.800000000000000266, 0.8000000000000000444, 10.61979999999999968 ) ) ;
#696 = DIRECTION ( 'NONE',  ( -0.0000000000000000000, 1.000000000000000000, 0.0000000000000000000 ) ) ;
#697 = ORIENTED_EDGE ( 'NONE', *, *, #2441, .T. ) ;
#698 = DIRECTION ( 'NONE',  ( -1.000000000000000000, -0.0000000000000000000, 0.0000000000000000000 ) ) ;
#699 = CARTESIAN_POINT ( 'NONE',  ( -0.2000000000000000389, -1.000000000000000000, 3.294642898114000129 ) ) ;
#700 = CARTESIAN_POINT ( 'NONE',  ( -2.149999999999999911, -1.749999999999999778, -1.149999999999999911 ) ) ;
#701 = ADVANCED_FACE ( 'NONE', ( #2326 ), #4306, .T. ) ;
#702 = CARTESIAN_POINT ( 'NONE',  ( -2.750000000000000000, -4.549999999999999822, -1.149999999999999911 ) ) ;
#703 = PLANE ( 'NONE',  #2856 ) ;
#704 = AXIS2_PLACEMENT_3D ( 'NONE', #5396, #5739, #2046 ) ;
#705 = EDGE_CURVE ( 'NONE', #1396, #5336, #2094, .T. ) ;
#706 = ORIENTED_EDGE ( 'NONE', *, *, #5845, .T. ) ;
#707 = EDGE_CURVE ( 'NONE', #4964, #1844, #882, .T. ) ;
#708 = SURFACE_STYLE_FILL_AREA ( #4988 ) ;
#709 = LINE ( 'NONE', #2603, #453 ) ;
#710 = VECTOR ( 'NONE', #5762, 1000.000000000000000 ) ;
#711 = CARTESIAN_POINT ( 'NONE',  ( 4.220041115078381644, -1.708576042115767635, -0.2786260397723577809 ) ) ;
#712 = ORIENTED_EDGE ( 'NONE', *, *, #5880, .T. ) ;
#713 = CARTESIAN_POINT ( 'NONE',  ( -0.3499999999999999778, -1.000000000000000000, 3.294642898114000129 ) ) ;
#714 = EDGE_CURVE ( 'NONE', #5552, #4653, #5632, .T. ) ;
#715 = EDGE_LOOP ( 'NONE', ( #1578, #494, #1089, #2695 ) ) ;
#716 = CARTESIAN_POINT ( 'NONE',  ( -3.850000000000000089, -1.750000000000000000, -0.5500000000000001554 ) ) ;
#717 = PLANE ( 'NONE',  #1650 ) ;
#718 = ORIENTED_EDGE ( 'NONE', *, *, #5654, .T. ) ;
#719 = MECHANICAL_DESIGN_GEOMETRIC_PRESENTATION_REPRESENTATION (  '', ( #1901 ), #4291 ) ;
#720 = DIRECTION ( 'NONE',  ( 0.0000000000000000000, -0.0000000000000000000, 1.000000000000000000 ) ) ;
#721 = VECTOR ( 'NONE', #2396, 1000.000000000000000 ) ;
#722 = DIRECTION ( 'NONE',  ( 0.0000000000000000000, 1.000000000000000000, -0.0000000000000000000 ) ) ;
#723 = ORIENTED_EDGE ( 'NONE', *, *, #2458, .T. ) ;
#724 = DIRECTION ( 'NONE',  ( 0.0000000000000000000, 1.000000000000000000, 0.0000000000000000000 ) ) ;
#725 = DIRECTION ( 'NONE',  ( -0.0000000000000000000, 1.000000000000000000, -0.0000000000000000000 ) ) ;
#726 = SURFACE_SIDE_STYLE ('',( #2097 ) ) ;
#727 = ORIENTED_EDGE ( 'NONE', *, *, #2157, .F. ) ;
#728 = CARTESIAN_POINT ( 'NONE',  ( -4.150000000000000355, 1.650000000000000355, -0.3499999999999999778 ) ) ;
#729 = FACE_OUTER_BOUND ( 'NONE', #12, .T. ) ;
#730 = ORIENTED_EDGE ( 'NONE', *, *, #1290, .T. ) ;
#731 = CARTESIAN_POINT ( 'NONE',  ( -4.250551775759737083, -1.732713191421225929, -0.3494133729404622635 ) ) ;
#732 = DIRECTION ( 'NONE',  ( 0.0000000000000000000, 1.000000000000000000, -0.0000000000000000000 ) ) ;
#733 = PRESENTATION_LAYER_ASSIGNMENT (  '', '', ( #3411 ) ) ;
#734 = EDGE_CURVE ( 'NONE', #4366, #4512, #4448, .T. ) ;
#735 = ORIENTED_EDGE ( 'NONE', *, *, #4504, .T. ) ;
#736 = DIRECTION ( 'NONE',  ( 1.000000000000000000, 0.0000000000000000000, 0.0000000000000000000 ) ) ;
#737 = DIRECTION ( 'NONE',  ( 0.0000000000000000000, 0.0000000000000000000, -1.000000000000000000 ) ) ;
#738 = CIRCLE ( 'NONE', #5036, 0.1000000000000000472 ) ;
#739 = CARTESIAN_POINT ( 'NONE',  ( -1.199999999999999956, 6.312599999999999767, 3.194642898114000484 ) ) ;
#740 = ADVANCED_FACE ( 'NONE', ( #2848 ), #4649, .T. ) ;
#741 = CARTESIAN_POINT ( 'NONE',  ( 0.0000000000000000000, 1.449999999999999956, -1.750000000000000000 ) ) ;
#742 = ORIENTED_EDGE ( 'NONE', *, *, #1457, .T. ) ;
#743 = EDGE_CURVE ( 'NONE', #2320, #5627, #4861, .T. ) ;
#744 = VERTEX_POINT ( 'NONE', #4919 ) ;
#745 = SURFACE_STYLE_FILL_AREA ( #834 ) ;
#746 = ADVANCED_FACE ( 'NONE', ( #1462 ), #1096, .F. ) ;
#747 = EDGE_CURVE ( 'NONE', #1081, #2609, #961, .T. ) ;
#748 = DIRECTION ( 'NONE',  ( 0.0000000000000000000, 0.0000000000000000000, -1.000000000000000000 ) ) ;
#749 = ORIENTED_EDGE ( 'NONE', *, *, #1562, .T. ) ;
#750 = CARTESIAN_POINT ( 'NONE',  ( -0.3499999999999998113, -1.750000000000000000, -1.350000000000000089 ) ) ;
#751 = ORIENTED_EDGE ( 'NONE', *, *, #1257, .T. ) ;
#752 = DIRECTION ( 'NONE',  ( -0.0000000000000000000, 0.0000000000000000000, 1.000000000000000000 ) ) ;
#753 = DIRECTION ( 'NONE',  ( 0.4472135954999584828, 0.8944271909999155223, 0.0000000000000000000 ) ) ;
#754 = CARTESIAN_POINT ( 'NONE',  ( -3.908578643762689264, -1.749999999999999778, -0.4671572875253817703 ) ) ;
#755 =( NAMED_UNIT ( * ) PLANE_ANGLE_UNIT ( ) SI_UNIT ( $, .RADIAN. ) );
#756 = ORIENTED_EDGE ( 'NONE', *, *, #6128, .F. ) ;
#757 = EDGE_LOOP ( 'NONE', ( #5218, #5824, #4174, #2313, #202 ) ) ;
#758 = CARTESIAN_POINT ( 'NONE',  ( 3.891063282180844407, -1.691063282180844229, -1.450551775759736373 ) ) ;
#759 = CARTESIAN_POINT ( 'NONE',  ( 4.191063282180842009, -1.750551775759736417, 1.391063282180844407 ) ) ;
#760 = CARTESIAN_POINT ( 'NONE',  ( 4.149413372940463418, -1.750551775759736639, -0.4327131914212241637 ) ) ;
#761 = CARTESIAN_POINT ( 'NONE',  ( 2.850000000000000089, 2.100000000000000089, -1.149999999999999911 ) ) ;
#762 = ORIENTED_EDGE ( 'NONE', *, *, #3098, .T. ) ;
#763 = DIRECTION ( 'NONE',  ( 1.000000000000000000, 0.0000000000000000000, 0.0000000000000000000 ) ) ;
#764 = DIRECTION ( 'NONE',  ( -0.0000000000000000000, -0.0000000000000000000, -1.000000000000000000 ) ) ;
#765 = CARTESIAN_POINT ( 'NONE',  ( -0.8000000000000000444, 6.312599999999999767, 3.294642898114000129 ) ) ;
#766 = CARTESIAN_POINT ( 'NONE',  ( -1.550000000000000266, -1.000000000000000000, 3.350000000000000089 ) ) ;
#767 = EDGE_CURVE ( 'NONE', #3773, #2609, #1125, .T. ) ;
#768 = VECTOR ( 'NONE', #4567, 1000.000000000000000 ) ;
#769 = ORIENTED_EDGE ( 'NONE', *, *, #5288, .F. ) ;
#770 = CARTESIAN_POINT ( 'NONE',  ( 3.896264897318924003, -1.745156458918386111, -1.409017335549509697 ) ) ;
#771 = ORIENTED_EDGE ( 'NONE', *, *, #4198, .F. ) ;
#772 = CARTESIAN_POINT ( 'NONE',  ( -2.250000000000000444, -4.549999999999999822, -1.449999999999999956 ) ) ;
#773 = DIRECTION ( 'NONE',  ( 0.0000000000000000000, 0.0000000000000000000, -1.000000000000000000 ) ) ;
#774 = CIRCLE ( 'NONE', #3650, 0.1000000000000002554 ) ;
#775 = EDGE_CURVE ( 'NONE', #1965, #1165, #2782, .T. ) ;
#776 = CARTESIAN_POINT ( 'NONE',  ( -0.1006433447437342227, 0.8160706589083412954, 3.449997964186400701 ) ) ;
#777 = VERTEX_POINT ( 'NONE', #1181 ) ;
#778 = EDGE_LOOP ( 'NONE', ( #5603, #2443, #2391, #2959 ) ) ;
#779 = AXIS2_PLACEMENT_3D ( 'NONE', #523, #5751, #460 ) ;
#780 = ADVANCED_FACE ( 'NONE', ( #729 ), #3051, .T. ) ;
#781 = CARTESIAN_POINT ( 'NONE',  ( -2.000000000000000000, -0.7999999999999999334, 0.9499999999999996225 ) ) ;
#782 = EDGE_CURVE ( 'NONE', #219, #5700, #4239, .T. ) ;
#783 = PRESENTATION_STYLE_ASSIGNMENT (( #4134 ) ) ;
#784 = CARTESIAN_POINT ( 'NONE',  ( -3.920710678118654702, 1.720710678118655190, -1.350000000000000089 ) ) ;
#785 = DIRECTION ( 'NONE',  ( 1.000000000000000000, 0.0000000000000000000, -0.0000000000000000000 ) ) ;
#786 = ORIENTED_EDGE ( 'NONE', *, *, #5630, .T. ) ;
#787 = CARTESIAN_POINT ( 'NONE',  ( 0.0000000000000000000, 2.250000000000000444, 0.0000000000000000000 ) ) ;
#788 = CARTESIAN_POINT ( 'NONE',  ( -4.208576042115766747, -1.720041115078381200, -0.2786260397723569482 ) ) ;
#789 = DIRECTION ( 'NONE',  ( 0.0000000000000000000, 0.0000000000000000000, -1.000000000000000000 ) ) ;
#790 = AXIS2_PLACEMENT_3D ( 'NONE', #2520, #3045, #4968 ) ;
#791 = CARTESIAN_POINT ( 'NONE',  ( 4.119962439680786126, -1.650000000000000355, -0.4621641246809029546 ) ) ;
#792 = CARTESIAN_POINT ( 'NONE',  ( -0.7500000000000000000, 1.000000000000000000, 3.194642898114000040 ) ) ;
#793 = ORIENTED_EDGE ( 'NONE', *, *, #1633, .T. ) ;
#794 = CARTESIAN_POINT ( 'NONE',  ( 3.950000000000000178, -1.650000000000000133, -1.350000000000000311 ) ) ;
#795 = SURFACE_STYLE_USAGE ( .BOTH. , #1510 ) ;
#796 = AXIS2_PLACEMENT_3D ( 'NONE', #5524, #3135, #4582 ) ;
#797 = CARTESIAN_POINT ( 'NONE',  ( 3.920710678118655590, 1.709017335549511740, -1.420710678118655590 ) ) ;
#798 = VECTOR ( 'NONE', #918, 1000.000000000000000 ) ;
#799 = LINE ( 'NONE', #1655, #3663 ) ;
#800 = VERTEX_POINT ( 'NONE', #5123 ) ;
#801 = ORIENTED_EDGE ( 'NONE', *, *, #4583, .T. ) ;
#802 =( LENGTH_UNIT ( ) NAMED_UNIT ( * ) SI_UNIT ( .MILLI., .METRE. ) );
#803 = CYLINDRICAL_SURFACE ( 'NONE', #1751, 0.1000000000000000472 ) ;
#804 = CARTESIAN_POINT ( 'NONE',  ( -0.8000000000000000444, 1.000000000000000000, 3.194642898114000040 ) ) ;
#805 = LINE ( 'NONE', #1294, #3214 ) ;
#806 = CARTESIAN_POINT ( 'NONE',  ( -0.1020933806258622900, 0.8289370394854812529, 3.449978086386744192 ) ) ;
#807 = EDGE_LOOP ( 'NONE', ( #278, #5952, #2091, #1624 ) ) ;
#808 = AXIS2_PLACEMENT_3D ( 'NONE', #4894, #5265, #5755 ) ;
#809 = DIRECTION ( 'NONE',  ( 0.0000000000000000000, 0.0000000000000000000, -1.000000000000000000 ) ) ;
#810 = ADVANCED_FACE ( 'NONE', ( #5500 ), #870, .T. ) ;
#811 = CARTESIAN_POINT ( 'NONE',  ( -1.550000000000000266, 1.000000000000000000, 3.294642898114000129 ) ) ;
#812 = CARTESIAN_POINT ( 'NONE',  ( -0.3499999999999999778, 2.100000000000000089, -1.449999999999999956 ) ) ;
#813 = CIRCLE ( 'NONE', #2998, 0.09999999999999982514 ) ;
#814 = EDGE_CURVE ( 'NONE', #1047, #5648, #4203, .T. ) ;
#815 = DIRECTION ( 'NONE',  ( 0.0000000000000000000, 0.0000000000000000000, 1.000000000000000000 ) ) ;
#816 = ORIENTED_EDGE ( 'NONE', *, *, #1303, .T. ) ;
#817 =( BOUNDED_CURVE ( )  B_SPLINE_CURVE ( 3, ( #716, #5983, #250, #4577 ),
 .UNSPECIFIED., .F., .T. ) 
 B_SPLINE_CURVE_WITH_KNOTS ( ( 4, 4 ),
 ( 0.0000000000000000000, 1.000000000000000000 ),
 .UNSPECIFIED. ) 
 CURVE ( )  GEOMETRIC_REPRESENTATION_ITEM ( )  RATIONAL_B_SPLINE_CURVE ( ( 1.000000000000000000, 0.8047378541243648264, 0.8047378541243648264, 1.000000000000000000 ) ) 
 REPRESENTATION_ITEM ( '' )  );
#818 = DIRECTION ( 'NONE',  ( 0.0000000000000000000, 1.000000000000000000, 0.0000000000000000000 ) ) ;
#819 = DIRECTION ( 'NONE',  ( 0.0000000000000000000, 0.0000000000000000000, 1.000000000000000000 ) ) ;
#820 = ADVANCED_FACE ( 'NONE', ( #3081 ), #5438, .T. ) ;
#821 = EDGE_CURVE ( 'NONE', #1215, #4568, #774, .T. ) ;
#822 = LINE ( 'NONE', #4566, #3093 ) ;
#823 = AXIS2_PLACEMENT_3D ( 'NONE', #4032, #677, #763 ) ;
#824 = FACE_OUTER_BOUND ( 'NONE', #5139, .T. ) ;
#825 = ORIENTED_EDGE ( 'NONE', *, *, #2269, .T. ) ;
#826 = DIRECTION ( 'NONE',  ( 0.0000000000000000000, -1.000000000000000000, 0.0000000000000000000 ) ) ;
#827 = LINE ( 'NONE', #369, #3523 ) ;
#828 = AXIS2_PLACEMENT_3D ( 'NONE', #3714, #3144, #2224 ) ;
#829 = CARTESIAN_POINT ( 'NONE',  ( -1.649999999999999911, -1.000000000000000000, 3.194642898114000040 ) ) ;
#830 = VERTEX_POINT ( 'NONE', #5649 ) ;
#831 = SURFACE_SIDE_STYLE ('',( #5484 ) ) ;
#832 = ORIENTED_EDGE ( 'NONE', *, *, #962, .F. ) ;
#833 =( NAMED_UNIT ( * ) PLANE_ANGLE_UNIT ( ) SI_UNIT ( $, .RADIAN. ) );
#834 = FILL_AREA_STYLE ('',( #4543 ) ) ;
#835 = CARTESIAN_POINT ( 'NONE',  ( -0.2999999999999999889, 1.000000000000000000, 3.294642898114000129 ) ) ;
#836 = CARTESIAN_POINT ( 'NONE',  ( -0.9999999999999995559, -0.9000000000000000222, 3.449999999999999734 ) ) ;
#837 = VECTOR ( 'NONE', #3280, 1000.000000000000000 ) ;
#838 = CARTESIAN_POINT ( 'NONE',  ( -0.1966690354055021794, 0.9966408252681964175, 3.375594874365188236 ) ) ;
#839 = DIRECTION ( 'NONE',  ( 0.0000000000000000000, 1.000000000000000000, 0.0000000000000000000 ) ) ;
#840 = CARTESIAN_POINT ( 'NONE',  ( -0.1007253991313573349, -0.8170340737316243995, 3.449997368948914733 ) ) ;
#841 = CARTESIAN_POINT ( 'NONE',  ( -3.850000000000000089, -1.649999999999999911, -1.350000000000000089 ) ) ;
#842 = CARTESIAN_POINT ( 'NONE',  ( -0.2999999999999999889, 6.312599999999999767, 3.194642898114000484 ) ) ;
#843 = EDGE_CURVE ( 'NONE', #4568, #4833, #6161, .T. ) ;
#844 = PLANE ( 'NONE',  #475 ) ;
#845 = CARTESIAN_POINT ( 'NONE',  ( 0.0000000000000000000, -1.750000000000000000, -0.3499999999999999778 ) ) ;
#846 = ORIENTED_EDGE ( 'NONE', *, *, #2677, .F. ) ;
#847 = CARTESIAN_POINT ( 'NONE',  ( -1.000000000000000444, 0.9000000000000000222, 3.449999999999999734 ) ) ;
#848 = CARTESIAN_POINT ( 'NONE',  ( -1.099999999999999867, -1.000000000000000000, 3.350000000000000089 ) ) ;
#849 = CARTESIAN_POINT ( 'NONE',  ( 3.950000000000000178, 1.708578643762690863, -0.5500000000000002665 ) ) ;
#850 = EDGE_CURVE ( 'NONE', #3376, #5426, #4054, .T. ) ;
#851 =( BOUNDED_CURVE ( )  B_SPLINE_CURVE ( 3, ( #296, #357, #3206, #3800 ),
 .UNSPECIFIED., .F., .T. ) 
 B_SPLINE_CURVE_WITH_KNOTS ( ( 4, 4 ),
 ( 4.712388980384689674, 6.283185307179586232 ),
 .UNSPECIFIED. ) 
 CURVE ( )  GEOMETRIC_REPRESENTATION_ITEM ( )  RATIONAL_B_SPLINE_CURVE ( ( 1.000000000000000000, 0.8047378541243649375, 0.8047378541243649375, 1.000000000000000000 ) ) 
 REPRESENTATION_ITEM ( '' )  );
#852 = FACE_OUTER_BOUND ( 'NONE', #3731, .T. ) ;
#853 = EDGE_LOOP ( 'NONE', ( #2117, #125, #1449, #5514, #5946 ) ) ;
#854 = LINE ( 'NONE', #4148, #138 ) ;
#855 = CARTESIAN_POINT ( 'NONE',  ( -4.150000000000000355, -1.649999999999999911, -0.3499999999999996447 ) ) ;
#856 = ADVANCED_FACE ( 'NONE', ( #899 ), #5010, .F. ) ;
#857 = ADVANCED_FACE ( 'NONE', ( #232 ), #2133, .T. ) ;
#858 = LINE ( 'NONE', #2238, #2624 ) ;
#859 = FACE_OUTER_BOUND ( 'NONE', #4539, .T. ) ;
#860 = VERTEX_POINT ( 'NONE', #2836 ) ;
#861 = ORIENTED_EDGE ( 'NONE', *, *, #4016, .T. ) ;
#862 = FACE_OUTER_BOUND ( 'NONE', #1638, .T. ) ;
#863 = CARTESIAN_POINT ( 'NONE',  ( -1.350000000000000089, 6.312599999999999767, 3.294642898114000129 ) ) ;
#864 =( NAMED_UNIT ( * ) SI_UNIT ( $, .STERADIAN. ) SOLID_ANGLE_UNIT ( ) );
#865 = CARTESIAN_POINT ( 'NONE',  ( 2.700000000000000178, -0.8499999999999999778, -1.750000000000000000 ) ) ;
#866 = CARTESIAN_POINT ( 'NONE',  ( -0.1526752568798746545, 0.9457194117285175894, 3.435529640618183223 ) ) ;
#867 = EDGE_LOOP ( 'NONE', ( #3146, #3927, #1772, #4519 ) ) ;
#868 = DIRECTION ( 'NONE',  ( -1.000000000000000000, -0.0000000000000000000, -0.0000000000000000000 ) ) ;
#869 = VERTEX_POINT ( 'NONE', #4297 ) ;
#870 = CYLINDRICAL_SURFACE ( 'NONE', #185, 0.1000000000000000472 ) ;
#871 = ORIENTED_EDGE ( 'NONE', *, *, #5391, .T. ) ;
#872 = LINE ( 'NONE', #4104, #3320 ) ;
#873 = CIRCLE ( 'NONE', #282, 0.1000000000000000472 ) ;
#874 = DIRECTION ( 'NONE',  ( -1.000000000000000000, 0.0000000000000000000, 0.0000000000000000000 ) ) ;
#875 = CARTESIAN_POINT ( 'NONE',  ( -3.949999999999998845, -1.708578643762690419, -0.4914213562373102584 ) ) ;
#876 = CARTESIAN_POINT ( 'NONE',  ( 0.0000000000000000000, 1.000000000000000000, 3.350000000000000089 ) ) ;
#877 = EDGE_LOOP ( 'NONE', ( #5764, #4154, #2607 ) ) ;
#878 = CARTESIAN_POINT ( 'NONE',  ( 3.920710678118656034, -1.720710678118654746, -1.409017335549510364 ) ) ;
#879 = CARTESIAN_POINT ( 'NONE',  ( 4.220041115078380756, -1.708576042115768523, 1.278626039772358336 ) ) ;
#880 = CIRCLE ( 'NONE', #1970, 0.1999999999999998723 ) ;
#881 = DIRECTION ( 'NONE',  ( -1.000000000000000000, 0.0000000000000000000, 0.0000000000000000000 ) ) ;
#882 = LINE ( 'NONE', #4219, #4141 ) ;
#883 = PRODUCT_RELATED_PRODUCT_CATEGORY ( 'part', '', ( #2708 ) ) ;
#884 = CARTESIAN_POINT ( 'NONE',  ( -4.209017335549511074, 1.720710678118654524, 1.420710678118654924 ) ) ;
#885 = EDGE_CURVE ( 'NONE', #3162, #432, #2952, .T. ) ;
#886 = DIRECTION ( 'NONE',  ( 0.0000000000000000000, -1.000000000000000000, 0.0000000000000000000 ) ) ;
#887 = VECTOR ( 'NONE', #6125, 1000.000000000000000 ) ;
#888 = DIRECTION ( 'NONE',  ( 0.0000000000000000000, -1.000000000000000000, 0.0000000000000000000 ) ) ;
#889 = UNCERTAINTY_MEASURE_WITH_UNIT (LENGTH_MEASURE( 1.000000000000000082E-05 ), #4544, 'distance_accuracy_value', 'NONE');
#890 = EDGE_CURVE ( 'NONE', #1179, #5209, #3385, .T. ) ;
#891 = DIRECTION ( 'NONE',  ( 1.000000000000000000, 0.0000000000000000000, 0.0000000000000000000 ) ) ;
#892 = ORIENTED_EDGE ( 'NONE', *, *, #1450, .T. ) ;
#893 = VECTOR ( 'NONE', #5829, 1000.000000000000000 ) ;
#894 = DIRECTION ( 'NONE',  ( 0.0000000000000000000, 0.0000000000000000000, -1.000000000000000000 ) ) ;
#895 = DIRECTION ( 'NONE',  ( 0.0000000000000000000, 0.0000000000000000000, -1.000000000000000000 ) ) ;
#896 = VECTOR ( 'NONE', #1983, 1000.000000000000000 ) ;
#897 = EDGE_CURVE ( 'NONE', #4772, #3541, #1015, .T. ) ;
#898 = PLANE ( 'NONE',  #4373 ) ;
#899 = FACE_OUTER_BOUND ( 'NONE', #4257, .T. ) ;
#900 = VERTEX_POINT ( 'NONE', #4326 ) ;
#901 = VECTOR ( 'NONE', #2825, 1000.000000000000000 ) ;
#902 = FACE_OUTER_BOUND ( 'NONE', #5944, .T. ) ;
#903 = LINE ( 'NONE', #4553, #3185 ) ;
#904 = DIRECTION ( 'NONE',  ( 0.0000000000000000000, -1.000000000000000000, 0.0000000000000000000 ) ) ;
#905 = ORIENTED_EDGE ( 'NONE', *, *, #5588, .T. ) ;
#906 = DIRECTION ( 'NONE',  ( 1.000000000000000000, 0.0000000000000000000, -0.0000000000000000000 ) ) ;
#907 = CARTESIAN_POINT ( 'NONE',  ( 3.849999999999999645, 1.750000000000000000, -0.5500000000000001554 ) ) ;
#908 = MECHANICAL_DESIGN_GEOMETRIC_PRESENTATION_REPRESENTATION (  '', ( #1794 ), #2506 ) ;
#909 = SURFACE_STYLE_FILL_AREA ( #3242 ) ;
#910 = FILL_AREA_STYLE ('',( #5198 ) ) ;
#911 = PRESENTATION_STYLE_ASSIGNMENT (( #53 ) ) ;
#912 = ORIENTED_EDGE ( 'NONE', *, *, #3323, .T. ) ;
#913 = LINE ( 'NONE', #459, #1508 ) ;
#914 = LINE ( 'NONE', #1741, #1229 ) ;
#915 = EDGE_CURVE ( 'NONE', #3602, #4797, #3147, .T. ) ;
#916 = LINE ( 'NONE', #2823, #5180 ) ;
#917 = ORIENTED_EDGE ( 'NONE', *, *, #3398, .T. ) ;
#918 = DIRECTION ( 'NONE',  ( -0.0000000000000000000, -0.0000000000000000000, -1.000000000000000000 ) ) ;
#919 = ORIENTED_EDGE ( 'NONE', *, *, #3857, .T. ) ;
#920 = CARTESIAN_POINT ( 'NONE',  ( -4.149999999999999467, -1.650000000000000133, 1.449999999999999956 ) ) ;
#921 = CARTESIAN_POINT ( 'NONE',  ( -2.149999999999999911, 2.250000000000000444, -1.149999999999999911 ) ) ;
#922 = MECHANICAL_DESIGN_GEOMETRIC_PRESENTATION_REPRESENTATION (  '', ( #236 ), #2218 ) ;
#923 = LINE ( 'NONE', #5181, #3900 ) ;
#924 = CARTESIAN_POINT ( 'NONE',  ( 4.150000000000000355, -1.650000000000000355, -0.3499999999999999778 ) ) ;
#925 = EDGE_CURVE ( 'NONE', #1376, #1953, #3956, .T. ) ;
#926 = CARTESIAN_POINT ( 'NONE',  ( 3.962164124680903399, 1.708901866519356716, -1.319962439680784971 ) ) ;
#927 = ORIENTED_EDGE ( 'NONE', *, *, #1526, .F. ) ;
#928 = STYLED_ITEM ( 'NONE', ( #521 ), #5087 ) ;
#929 = ORIENTED_EDGE ( 'NONE', *, *, #4794, .F. ) ;
#930 = CARTESIAN_POINT ( 'NONE',  ( 0.3500000000000000333, -2.850000000000000089, -1.449999999999999956 ) ) ;
#931 = ORIENTED_EDGE ( 'NONE', *, *, #3901, .F. ) ;
#932 = CARTESIAN_POINT ( 'NONE',  ( 4.250000000000000000, 2.250000000000000444, -1.449999999999999956 ) ) ;
#933 = DIRECTION ( 'NONE',  ( -1.000000000000000000, -0.0000000000000000000, -0.0000000000000000000 ) ) ;
#934 = EDGE_CURVE ( 'NONE', #1423, #3940, #4966, .T. ) ;
#935 = EDGE_CURVE ( 'NONE', #3136, #3302, #1448, .T. ) ;
#936 = VECTOR ( 'NONE', #3076, 1000.000000000000000 ) ;
#937 = PRESENTATION_STYLE_ASSIGNMENT (( #5769 ) ) ;
#938 = PLANE ( 'NONE',  #2973 ) ;
#939 = ORIENTED_EDGE ( 'NONE', *, *, #3249, .T. ) ;
#940 =( LENGTH_UNIT ( ) NAMED_UNIT ( * ) SI_UNIT ( .MILLI., .METRE. ) );
#941 = CARTESIAN_POINT ( 'NONE',  ( -1.699999999999999956, 1.000000000000000000, 3.294642898114000129 ) ) ;
#942 = EDGE_LOOP ( 'NONE', ( #3046, #1793, #426, #1013 ) ) ;
#943 = CARTESIAN_POINT ( 'NONE',  ( -3.920710678118654258, -1.649999999999999467, -1.420710678118654924 ) ) ;
#944 = ORIENTED_EDGE ( 'NONE', *, *, #3049, .T. ) ;
#945 = CARTESIAN_POINT ( 'NONE',  ( -4.220710678118649639, -1.709017335549510630, 1.420710678118659809 ) ) ;
#946 = FILL_AREA_STYLE_COLOUR ( '', #2111 ) ;
#947 = SURFACE_SIDE_STYLE ('',( #5240 ) ) ;
#948 = CARTESIAN_POINT ( 'NONE',  ( 3.920710678118654702, 1.650000000000000133, -1.420710678118654924 ) ) ;
#949 = EDGE_LOOP ( 'NONE', ( #3985, #4125, #1702, #1917 ) ) ;
#950 = FILL_AREA_STYLE ('',( #1855 ) ) ;
#951 = DIRECTION ( 'NONE',  ( 0.0000000000000000000, 0.0000000000000000000, 1.000000000000000000 ) ) ;
#952 = DIRECTION ( 'NONE',  ( 0.0000000000000000000, 0.0000000000000000000, -1.000000000000000000 ) ) ;
#953 = VERTEX_POINT ( 'NONE', #1952 ) ;
#954 = DIRECTION ( 'NONE',  ( 0.0000000000000000000, 0.0000000000000000000, -1.000000000000000000 ) ) ;
#955 = EDGE_CURVE ( 'NONE', #432, #4911, #873, .T. ) ;
#956 = CARTESIAN_POINT ( 'NONE',  ( -1.350000000000000089, 1.000000000000000000, 3.194642898114000040 ) ) ;
#957 =( GEOMETRIC_REPRESENTATION_CONTEXT ( 3 ) GLOBAL_UNCERTAINTY_ASSIGNED_CONTEXT ( ( #1495 ) ) GLOBAL_UNIT_ASSIGNED_CONTEXT ( ( #3003, #4377, #1101 ) ) REPRESENTATION_CONTEXT ( 'NONE', 'WORKASPACE' ) );
#958 = PLANE ( 'NONE',  #1180 ) ;
#959 = ADVANCED_FACE ( 'NONE', ( #3351 ), #2343, .T. ) ;
#960 = ORIENTED_EDGE ( 'NONE', *, *, #5585, .F. ) ;
#961 = CIRCLE ( 'NONE', #5259, 0.1000000000000000472 ) ;
#962 = EDGE_CURVE ( 'NONE', #3726, #830, #4889, .T. ) ;
#963 = SURFACE_SIDE_STYLE ('',( #3336 ) ) ;
#964 = DIRECTION ( 'NONE',  ( 1.000000000000000000, -0.0000000000000000000, 0.0000000000000000000 ) ) ;
#965 = AXIS2_PLACEMENT_3D ( 'NONE', #162, #5831, #1538 ) ;
#966 = EDGE_CURVE ( 'NONE', #3039, #1570, #6150, .T. ) ;
#967 = ORIENTED_EDGE ( 'NONE', *, *, #6128, .T. ) ;
#968 = PRESENTATION_LAYER_ASSIGNMENT (  '', '', ( #2863 ) ) ;
#969 = CYLINDRICAL_SURFACE ( 'NONE', #5122, 0.09999999999999982514 ) ;
#970 = LINE ( 'NONE', #2789, #2566 ) ;
#971 =( GEOMETRIC_REPRESENTATION_CONTEXT ( 3 ) GLOBAL_UNCERTAINTY_ASSIGNED_CONTEXT ( ( #3437 ) ) GLOBAL_UNIT_ASSIGNED_CONTEXT ( ( #2101, #3209, #2225 ) ) REPRESENTATION_CONTEXT ( 'NONE', 'WORKASPACE' ) );
#972 = LINE ( 'NONE', #2881, #3586 ) ;
#973 = EDGE_LOOP ( 'NONE', ( #3128, #2038, #4028 ) ) ;
#974 = DIRECTION ( 'NONE',  ( 0.0000000000000000000, -1.000000000000000000, 0.0000000000000000000 ) ) ;
#975 = VECTOR ( 'NONE', #611, 1000.000000000000000 ) ;
#976 = SURFACE_SIDE_STYLE ('',( #2855 ) ) ;
#977 = PLANE ( 'NONE',  #1719 ) ;
#978 = VECTOR ( 'NONE', #355, 1000.000000000000000 ) ;
#979 = CARTESIAN_POINT ( 'NONE',  ( 3.649999999999999911, 0.8500000000000000888, -1.750000000000000000 ) ) ;
#980 = CARTESIAN_POINT ( 'NONE',  ( 2.700000000000000178, -0.8499999999999999778, -1.750000000000000000 ) ) ;
#981 = ORIENTED_EDGE ( 'NONE', *, *, #15, .T. ) ;
#982 = CARTESIAN_POINT ( 'NONE',  ( -4.150000000000000355, 1.720710678118654746, 1.420710678118655368 ) ) ;
#983 = CARTESIAN_POINT ( 'NONE',  ( -1.449999999999999956, 0.9000000000000000222, 3.449999999999999734 ) ) ;
#984 = VECTOR ( 'NONE', #5710, 1000.000000000000000 ) ;
#985 = CARTESIAN_POINT ( 'NONE',  ( -1.806404850293095610, 0.9944272539380749620, 3.389782286515572896 ) ) ;
#986 = ADVANCED_FACE ( 'NONE', ( #5682 ), #2168, .T. ) ;
#987 = CARTESIAN_POINT ( 'NONE',  ( -3.778626039772344569, 1.720041115078394967, -1.408576042115749161 ) ) ;
#988 = VERTEX_POINT ( 'NONE', #5924 ) ;
#989 = AXIS2_PLACEMENT_3D ( 'NONE', #435, #2359, #2330 ) ;
#990 = LINE ( 'NONE', #3870, #3612 ) ;
#991 = MECHANICAL_DESIGN_GEOMETRIC_PRESENTATION_REPRESENTATION (  '', ( #213 ), #2199 ) ;
#992 = EDGE_CURVE ( 'NONE', #1608, #284, #655, .T. ) ;
#993 = AXIS2_PLACEMENT_3D ( 'NONE', #1330, #4105, #3234 ) ;
#994 = DIRECTION ( 'NONE',  ( 0.0000000000000000000, 0.0000000000000000000, -1.000000000000000000 ) ) ;
#995 = ADVANCED_FACE ( 'NONE', ( #221 ), #4478, .F. ) ;
#996 = VERTEX_POINT ( 'NONE', #191 ) ;
#997 = COLOUR_RGB ( '',0.9294117647058823817, 0.9294117647058823817, 0.9372549019607843146 ) ;
#998 = FILL_AREA_STYLE_COLOUR ( '', #2910 ) ;
#999 = DIRECTION ( 'NONE',  ( 0.0000000000000000000, 0.0000000000000000000, 1.000000000000000000 ) ) ;
#1000 = DIRECTION ( 'NONE',  ( 1.000000000000000000, 0.0000000000000000000, 0.0000000000000000000 ) ) ;
#1001 = ADVANCED_FACE ( 'NONE', ( #4963 ), #717, .T. ) ;
#1002 = ADVANCED_FACE ( 'NONE', ( #2488 ), #4012, .F. ) ;
#1003 =( NAMED_UNIT ( * ) SI_UNIT ( $, .STERADIAN. ) SOLID_ANGLE_UNIT ( ) );
#1004 = MECHANICAL_DESIGN_GEOMETRIC_PRESENTATION_REPRESENTATION (  '', ( #5211 ), #2811 ) ;
#1005 = ORIENTED_EDGE ( 'NONE', *, *, #5436, .T. ) ;
#1006 = DIRECTION ( 'NONE',  ( 0.0000000000000000000, -0.0000000000000000000, 1.000000000000000000 ) ) ;
#1007 = ORIENTED_EDGE ( 'NONE', *, *, #216, .T. ) ;
#1008 = DIRECTION ( 'NONE',  ( 0.0000000000000000000, 0.0000000000000000000, -1.000000000000000000 ) ) ;
#1009 = FACE_OUTER_BOUND ( 'NONE', #2300, .T. ) ;
#1010 = CARTESIAN_POINT ( 'NONE',  ( 14.57046589736999920, 0.9000000000000001332, 3.350000000000000089 ) ) ;
#1011 = ORIENTED_EDGE ( 'NONE', *, *, #602, .T. ) ;
#1012 =( NAMED_UNIT ( * ) SI_UNIT ( $, .STERADIAN. ) SOLID_ANGLE_UNIT ( ) );
#1013 = ORIENTED_EDGE ( 'NONE', *, *, #5425, .F. ) ;
#1014 = SURFACE_SIDE_STYLE ('',( #3011 ) ) ;
#1015 = LINE ( 'NONE', #930, #1552 ) ;
#1016 = AXIS2_PLACEMENT_3D ( 'NONE', #32, #1918, #3822 ) ;
#1017 = ORIENTED_EDGE ( 'NONE', *, *, #3820, .F. ) ;
#1018 = DIRECTION ( 'NONE',  ( 0.0000000000000000000, -1.000000000000000000, 0.0000000000000000000 ) ) ;
#1019 = DIRECTION ( 'NONE',  ( 0.0000000000000000000, -2.168404344971007685E-15, -1.000000000000000000 ) ) ;
#1020 = AXIS2_PLACEMENT_3D ( 'NONE', #3618, #4560, #5532 ) ;
#1021 = UNCERTAINTY_MEASURE_WITH_UNIT (LENGTH_MEASURE( 1.000000000000000082E-05 ), #3809, 'distance_accuracy_value', 'NONE');
#1022 = CARTESIAN_POINT ( 'NONE',  ( -0.6500000000000001332, -1.000000000000000000, 3.294642898114000129 ) ) ;
#1023 = ORIENTED_EDGE ( 'NONE', *, *, #1797, .T. ) ;
#1024 = DIRECTION ( 'NONE',  ( 1.000000000000000000, 0.0000000000000000000, -0.0000000000000000000 ) ) ;
#1025 = VECTOR ( 'NONE', #3164, 1000.000000000000000 ) ;
#1026 = EDGE_CURVE ( 'NONE', #2474, #3726, #3191, .T. ) ;
#1027 = CYLINDRICAL_SURFACE ( 'NONE', #1260, 0.09999999999999982514 ) ;
#1028 = AXIS2_PLACEMENT_3D ( 'NONE', #4093, #888, #5540 ) ;
#1029 = CARTESIAN_POINT ( 'NONE',  ( -4.220041115078386085, -1.708576042115768079, 1.278626039772363443 ) ) ;
#1030 = ORIENTED_EDGE ( 'NONE', *, *, #550, .T. ) ;
#1031 = LINE ( 'NONE', #1968, #3766 ) ;
#1032 = DIRECTION ( 'NONE',  ( 0.0000000000000000000, 0.0000000000000000000, -1.000000000000000000 ) ) ;
#1033 = ADVANCED_FACE ( 'NONE', ( #1569 ), #5577, .T. ) ;
#1034 =( NAMED_UNIT ( * ) SI_UNIT ( $, .STERADIAN. ) SOLID_ANGLE_UNIT ( ) );
#1035 = EDGE_LOOP ( 'NONE', ( #5746, #1991, #4385, #927 ) ) ;
#1036 = CARTESIAN_POINT ( 'NONE',  ( -0.9000000000000001332, 1.000000000000000000, 3.194642898114000040 ) ) ;
#1037 = ADVANCED_FACE ( 'NONE', ( #6112 ), #803, .T. ) ;
#1038 = ORIENTED_EDGE ( 'NONE', *, *, #4803, .F. ) ;
#1039 = ADVANCED_FACE ( 'NONE', ( #2178 ), #279, .T. ) ;
#1040 = DIRECTION ( 'NONE',  ( -1.000000000000000000, -0.0000000000000000000, 0.0000000000000000000 ) ) ;
#1041 = DIRECTION ( 'NONE',  ( 0.0000000000000000000, 0.0000000000000000000, -1.000000000000000000 ) ) ;
#1042 =( NAMED_UNIT ( * ) SI_UNIT ( $, .STERADIAN. ) SOLID_ANGLE_UNIT ( ) );
#1043 = CARTESIAN_POINT ( 'NONE',  ( -1.100000000000000089, 1.000000000000000000, 3.194642898114000040 ) ) ;
#1044 = ORIENTED_EDGE ( 'NONE', *, *, #3553, .F. ) ;
#1045 =( BOUNDED_SURFACE ( )  B_SPLINE_SURFACE ( 3, 3, ( 
 ( #8, #982, #73, #3803 ),
 ( #4328, #3834, #5277, #3735 ),
 ( #4724, #4785, #4237, #2809 ),
 ( #449, #6120, #5651, #5765 ) ),
 .UNSPECIFIED., .F., .F., .F. ) 
 B_SPLINE_SURFACE_WITH_KNOTS ( ( 4, 4 ),
 ( 4, 4 ),
 ( 0.0000000000000000000, 1.000000000000000000 ),
 ( 0.0000000000000000000, 1.000000000000000000 ),
 .UNSPECIFIED. ) 
 GEOMETRIC_REPRESENTATION_ITEM ( )  RATIONAL_B_SPLINE_SURFACE ( (
 ( 1.000000000000000000, 0.8047378541243563888, 0.8047378541243563888, 1.000000000000000000),
 ( 0.8025111867385943398, 0.6458111303268070369, 0.6458111303268070369, 0.8025111867385943398),
 ( 0.8025111867385943398, 0.6458111303268070369, 0.6458111303268070369, 0.8025111867385943398),
 ( 1.000000000000000000, 0.8047378541243563888, 0.8047378541243563888, 1.000000000000000000) ) ) 
 REPRESENTATION_ITEM ( '' )  SURFACE ( )  );
#1046 = CARTESIAN_POINT ( 'NONE',  ( 2.850000000000000089, -2.850000000000000089, -1.449999999999999956 ) ) ;
#1047 = VERTEX_POINT ( 'NONE', #772 ) ;
#1048 = CARTESIAN_POINT ( 'NONE',  ( -2.000000000000000000, 0.7999999997852500488, 0.9499999999999996225 ) ) ;
#1049 = CARTESIAN_POINT ( 'NONE',  ( -2.149999999999999911, -2.850000000000000089, -1.149999999999999911 ) ) ;
#1050 = ORIENTED_EDGE ( 'NONE', *, *, #1401, .T. ) ;
#1051 = DIRECTION ( 'NONE',  ( 1.000000000000000000, 0.0000000000000000000, 0.0000000000000000000 ) ) ;
#1052 = AXIS2_PLACEMENT_3D ( 'NONE', #1518, #4796, #4333 ) ;
#1053 = ORIENTED_EDGE ( 'NONE', *, *, #5839, .T. ) ;
#1054 = CARTESIAN_POINT ( 'NONE',  ( 3.850000000000000089, 1.750000000000000000, -0.5500000000000001554 ) ) ;
#1055 = EDGE_LOOP ( 'NONE', ( #801, #5110, #1087, #2189, #366, #439, #3352, #1463, #4137, #1673, #5900, #5236 ) ) ;
#1056 = CARTESIAN_POINT ( 'NONE',  ( 4.150000000000000355, -1.649999999999999911, -0.3499999999999999778 ) ) ;
#1057 = MECHANICAL_DESIGN_GEOMETRIC_PRESENTATION_REPRESENTATION (  '', ( #3042 ), #3142 ) ;
#1058 = CARTESIAN_POINT ( 'NONE',  ( -2.150000000000000799, -1.649999999999999911, -1.449999999999999956 ) ) ;
#1059 = LINE ( 'NONE', #2128, #2258 ) ;
#1060 = CARTESIAN_POINT ( 'NONE',  ( 3.850000000000000533, 1.750000000000000000, -0.4944044445392183906 ) ) ;
#1061 = ORIENTED_EDGE ( 'NONE', *, *, #4430, .F. ) ;
#1062 = CARTESIAN_POINT ( 'NONE',  ( -3.950000000000000178, 1.650000000000000133, -1.350000000000000311 ) ) ;
#1063 = CARTESIAN_POINT ( 'NONE',  ( -0.2000000000000000111, -0.9999999999996111999, 3.358676129281445988 ) ) ;
#1064 =( LENGTH_UNIT ( ) NAMED_UNIT ( * ) SI_UNIT ( .MILLI., .METRE. ) );
#1065 = VECTOR ( 'NONE', #6047, 1000.000000000000000 ) ;
#1066 = MECHANICAL_DESIGN_GEOMETRIC_PRESENTATION_REPRESENTATION (  '', ( #2158 ), #4761 ) ;
#1067 = UNCERTAINTY_MEASURE_WITH_UNIT (LENGTH_MEASURE( 1.000000000000000082E-05 ), #6063, 'distance_accuracy_value', 'NONE');
#1068 = ORIENTED_EDGE ( 'NONE', *, *, #3331, .T. ) ;
#1069 = COLOUR_RGB ( '',0.9294117647058823817, 0.9294117647058823817, 0.9372549019607843146 ) ;
#1070 = EDGE_CURVE ( 'NONE', #2579, #5491, #2302, .T. ) ;
#1071 = ORIENTED_EDGE ( 'NONE', *, *, #5818, .T. ) ;
#1072 =( LENGTH_UNIT ( ) NAMED_UNIT ( * ) SI_UNIT ( .MILLI., .METRE. ) );
#1073 = VECTOR ( 'NONE', #1150, 1000.000000000000000 ) ;
#1074 = DIRECTION ( 'NONE',  ( 0.0000000000000000000, 0.0000000000000000000, 1.000000000000000000 ) ) ;
#1075 = ADVANCED_FACE ( 'NONE', ( #5612 ), #6018, .T. ) ;
#1076 = VERTEX_POINT ( 'NONE', #3192 ) ;
#1077 = FACE_OUTER_BOUND ( 'NONE', #5772, .T. ) ;
#1078 = ORIENTED_EDGE ( 'NONE', *, *, #3836, .T. ) ;
#1079 = STYLED_ITEM ( 'NONE', ( #5269 ), #1799 ) ;
#1080 = PLANE ( 'NONE',  #1988 ) ;
#1081 = VERTEX_POINT ( 'NONE', #4646 ) ;
#1082 = PRODUCT_DEFINITION_SHAPE ( 'NONE', 'NONE',  #1324 ) ;
#1083 = LINE ( 'NONE', #2820, #6087 ) ;
#1084 = CARTESIAN_POINT ( 'NONE',  ( -1.800000000000000044, -0.9999999999999171774, 3.350000000000000533 ) ) ;
#1085 = EDGE_CURVE ( 'NONE', #1109, #6148, #2733, .T. ) ;
#1086 = AXIS2_PLACEMENT_3D ( 'NONE', #4020, #5457, #2615 ) ;
#1087 = ORIENTED_EDGE ( 'NONE', *, *, #1990, .F. ) ;
#1088 =( LENGTH_UNIT ( ) NAMED_UNIT ( * ) SI_UNIT ( .MILLI., .METRE. ) );
#1089 = ORIENTED_EDGE ( 'NONE', *, *, #1459, .F. ) ;
#1090 = VECTOR ( 'NONE', #36, 1000.000000000000000 ) ;
#1091 = LINE ( 'NONE', #1668, #3490 ) ;
#1092 = PRESENTATION_LAYER_ASSIGNMENT (  '', '', ( #1992 ) ) ;
#1093 = CARTESIAN_POINT ( 'NONE',  ( 2.149999999999999911, -2.850000000000000089, -1.449999999999999956 ) ) ;
#1094 = VERTEX_POINT ( 'NONE', #1784 ) ;
#1095 = CARTESIAN_POINT ( 'NONE',  ( -2.850000000000000089, 1.649999999999999911, -1.350000000000000089 ) ) ;
#1096 = PLANE ( 'NONE',  #180 ) ;
#1097 = VECTOR ( 'NONE', #3577, 1000.000000000000000 ) ;
#1098 = VECTOR ( 'NONE', #753, 1000.000000000000114 ) ;
#1099 = ORIENTED_EDGE ( 'NONE', *, *, #2604, .T. ) ;
#1100 = MECHANICAL_DESIGN_GEOMETRIC_PRESENTATION_REPRESENTATION (  '', ( #1995 ), #3592 ) ;
#1101 =( NAMED_UNIT ( * ) SI_UNIT ( $, .STERADIAN. ) SOLID_ANGLE_UNIT ( ) );
#1102 = EDGE_LOOP ( 'NONE', ( #2015, #5322, #2779, #534 ) ) ;
#1103 = CARTESIAN_POINT ( 'NONE',  ( -2.100000000000000089, 1.080000000000000071, 0.9499999999999999556 ) ) ;
#1104 = AXIS2_PLACEMENT_3D ( 'NONE', #6133, #2719, #881 ) ;
#1105 = CARTESIAN_POINT ( 'NONE',  ( 4.149999999999998579, 1.619962439680784794, -0.4621641246809019554 ) ) ;
#1106 = ADVANCED_FACE ( 'NONE', ( #378 ), #4678, .T. ) ;
#1107 = DIRECTION ( 'NONE',  ( 0.0000000000000000000, 0.0000000000000000000, 1.000000000000000000 ) ) ;
#1108 = ORIENTED_EDGE ( 'NONE', *, *, #2388, .T. ) ;
#1109 = VERTEX_POINT ( 'NONE', #3882 ) ;
#1110 = DIRECTION ( 'NONE',  ( 0.0000000000000000000, 0.0000000000000000000, -1.000000000000000000 ) ) ;
#1111 = DIRECTION ( 'NONE',  ( -0.8944271909998958714, 0.4472135954999979512, 0.0000000000000000000 ) ) ;
#1112 = EDGE_LOOP ( 'NONE', ( #5017, #2921, #3433, #5146, #3732 ) ) ;
#1113 = FACE_OUTER_BOUND ( 'NONE', #5939, .T. ) ;
#1114 = EDGE_CURVE ( 'NONE', #3643, #2745, #2445, .T. ) ;
#1115 = CIRCLE ( 'NONE', #5120, 0.1000000000000000472 ) ;
#1116 = FACE_OUTER_BOUND ( 'NONE', #3534, .T. ) ;
#1117 = ORIENTED_EDGE ( 'NONE', *, *, #5595, .T. ) ;
#1118 = EDGE_CURVE ( 'NONE', #6140, #1228, #1654, .T. ) ;
#1119 = ADVANCED_FACE ( 'NONE', ( #1412 ), #5520, .T. ) ;
#1120 = PRESENTATION_LAYER_ASSIGNMENT (  '', '', ( #928 ) ) ;
#1121 = CARTESIAN_POINT ( 'NONE',  ( 4.150000000000000355, -1.649999999999999911, 1.350000000000000533 ) ) ;
#1122 = ORIENTED_EDGE ( 'NONE', *, *, #2183, .T. ) ;
#1123 =( NAMED_UNIT ( * ) SI_UNIT ( $, .STERADIAN. ) SOLID_ANGLE_UNIT ( ) );
#1124 = VECTOR ( 'NONE', #752, 1000.000000000000000 ) ;
#1125 = LINE ( 'NONE', #4851, #2956 ) ;
#1126 = CARTESIAN_POINT ( 'NONE',  ( -4.150000000000000355, -1.720710678118654302, -0.4207106781186553124 ) ) ;
#1127 = CIRCLE ( 'NONE', #5132, 0.1000000000000001443 ) ;
#1128 = UNCERTAINTY_MEASURE_WITH_UNIT (LENGTH_MEASURE( 1.000000000000000082E-05 ), #2048, 'distance_accuracy_value', 'NONE');
#1129 = ORIENTED_EDGE ( 'NONE', *, *, #3564, .F. ) ;
#1130 = ORIENTED_EDGE ( 'NONE', *, *, #5022, .F. ) ;
#1131 = LINE ( 'NONE', #5018, #2018 ) ;
#1132 = DIRECTION ( 'NONE',  ( 1.000000000000000000, 0.0000000000000000000, 0.0000000000000000000 ) ) ;
#1133 = ORIENTED_EDGE ( 'NONE', *, *, #603, .T. ) ;
#1134 = DIRECTION ( 'NONE',  ( 0.0000000000000000000, -1.000000000000000000, 0.0000000000000000000 ) ) ;
#1135 = ORIENTED_EDGE ( 'NONE', *, *, #663, .T. ) ;
#1136 = ORIENTED_EDGE ( 'NONE', *, *, #288, .T. ) ;
#1137 = FACE_OUTER_BOUND ( 'NONE', #5951, .T. ) ;
#1138 = DIRECTION ( 'NONE',  ( -0.0000000000000000000, -0.0000000000000000000, -1.000000000000000000 ) ) ;
#1139 = VERTEX_POINT ( 'NONE', #5734 ) ;
#1140 = EDGE_CURVE ( 'NONE', #5188, #4164, #3737, .T. ) ;
#1141 = LINE ( 'NONE', #1174, #936 ) ;
#1142 = EDGE_CURVE ( 'NONE', #294, #5608, #4746, .T. ) ;
#1143 = ADVANCED_FACE ( 'NONE', ( #1009 ), #3256, .F. ) ;
#1144 = CARTESIAN_POINT ( 'NONE',  ( -4.049999999999998934, 1.749999999999999556, -0.4085786437626903744 ) ) ;
#1145 = LINE ( 'NONE', #5966, #2287 ) ;
#1146 = ORIENTED_EDGE ( 'NONE', *, *, #2843, .F. ) ;
#1147 = PRESENTATION_LAYER_ASSIGNMENT (  '', '', ( #5549 ) ) ;
#1148 = ORIENTED_EDGE ( 'NONE', *, *, #4941, .F. ) ;
#1149 = LINE ( 'NONE', #2135, #2915 ) ;
#1150 = DIRECTION ( 'NONE',  ( 1.000000000000000000, -0.0000000000000000000, 0.0000000000000000000 ) ) ;
#1151 = CARTESIAN_POINT ( 'NONE',  ( -1.250000000000000000, -1.000000000000000000, 3.294642898114000129 ) ) ;
#1152 = AXIS2_PLACEMENT_3D ( 'NONE', #3244, #2355, #1873 ) ;
#1153 = ADVANCED_FACE ( 'NONE', ( #4502 ), #4408, .T. ) ;
#1154 = VERTEX_POINT ( 'NONE', #4436 ) ;
#1155 = DIRECTION ( 'NONE',  ( 0.0000000000000000000, 0.0000000000000000000, -1.000000000000000000 ) ) ;
#1156 = ORIENTED_EDGE ( 'NONE', *, *, #4466, .F. ) ;
#1157 = VECTOR ( 'NONE', #5119, 1000.000000000000000 ) ;
#1158 = FACE_BOUND ( 'NONE', #5713, .T. ) ;
#1159 = SURFACE_STYLE_FILL_AREA ( #2010 ) ;
#1160 = DIRECTION ( 'NONE',  ( 0.0000000000000000000, 0.0000000000000000000, -1.000000000000000000 ) ) ;
#1161 = VECTOR ( 'NONE', #4739, 1000.000000000000000 ) ;
#1162 = CARTESIAN_POINT ( 'NONE',  ( 4.220710678118655856, 1.720710678118655190, 1.350000000000000311 ) ) ;
#1163 = ORIENTED_EDGE ( 'NONE', *, *, #3672, .T. ) ;
#1164 = LINE ( 'NONE', #3448, #1886 ) ;
#1165 = VERTEX_POINT ( 'NONE', #4863 ) ;
#1166 = SURFACE_STYLE_FILL_AREA ( #190 ) ;
#1167 = SURFACE_SIDE_STYLE ('',( #2118 ) ) ;
#1168 = EDGE_LOOP ( 'NONE', ( #2893, #5709, #4259, #3205 ) ) ;
#1169 = VECTOR ( 'NONE', #1525, 1000.000000000000000 ) ;
#1170 = CARTESIAN_POINT ( 'NONE',  ( -2.700000000000000178, -1.449999999999999956, -1.750000000000000000 ) ) ;
#1171 = STYLED_ITEM ( 'NONE', ( #3932 ), #2195 ) ;
#1172 = SURFACE_SIDE_STYLE ('',( #2051 ) ) ;
#1173 = ORIENTED_EDGE ( 'NONE', *, *, #850, .F. ) ;
#1174 = CARTESIAN_POINT ( 'NONE',  ( -2.850000000000000089, 1.749999999999999778, -1.449999999999999956 ) ) ;
#1175 = CARTESIAN_POINT ( 'NONE',  ( 4.150000000000000355, 1.649999999999999911, 1.350000000000000089 ) ) ;
#1176 = COLOUR_RGB ( '',0.9294117647058823817, 0.9294117647058823817, 0.9372549019607843146 ) ;
#1177 = EDGE_CURVE ( 'NONE', #5456, #2745, #5446, .T. ) ;
#1178 = CARTESIAN_POINT ( 'NONE',  ( -4.191063282180840233, 1.750551775759737083, -0.3910632821808462944 ) ) ;
#1179 = VERTEX_POINT ( 'NONE', #2142 ) ;
#1180 = AXIS2_PLACEMENT_3D ( 'NONE', #4272, #1455, #4819 ) ;
#1181 = CARTESIAN_POINT ( 'NONE',  ( 0.0000000000000000000, -0.7999999998391548184, 3.350000000000000533 ) ) ;
#1182 = ORIENTED_EDGE ( 'NONE', *, *, #2349, .F. ) ;
#1183 = CARTESIAN_POINT ( 'NONE',  ( -4.209017335549511074, -1.745156458918386555, -0.3962648973189245583 ) ) ;
#1184 = SURFACE_SIDE_STYLE ('',( #2683 ) ) ;
#1185 = EDGE_CURVE ( 'NONE', #1953, #540, #4033, .T. ) ;
#1186 = CIRCLE ( 'NONE', #4694, 0.1000000000000002554 ) ;
#1187 = LINE ( 'NONE', #702, #3138 ) ;
#1188 = CARTESIAN_POINT ( 'NONE',  ( -0.3499999999999999778, -5.179999999999999716, -1.149999999999999911 ) ) ;
#1189 = AXIS2_PLACEMENT_3D ( 'NONE', #2892, #161, #1506 ) ;
#1190 = ORIENTED_EDGE ( 'NONE', *, *, #5624, .T. ) ;
#1191 = CIRCLE ( 'NONE', #116, 0.09999999999999982514 ) ;
#1192 = CARTESIAN_POINT ( 'NONE',  ( 0.3500000000000000333, -2.850000000000000089, -1.449999999999999956 ) ) ;
#1193 = CARTESIAN_POINT ( 'NONE',  ( -0.3500000000000004774, 1.649999999999999911, -1.449999999999999956 ) ) ;
#1194 = EDGE_CURVE ( 'NONE', #5656, #3602, #1861, .T. ) ;
#1195 = EDGE_CURVE ( 'NONE', #5700, #2542, #241, .T. ) ;
#1196 = DIRECTION ( 'NONE',  ( -1.000000000000000000, -0.0000000000000000000, -0.0000000000000000000 ) ) ;
#1197 = AXIS2_PLACEMENT_3D ( 'NONE', #4645, #377, #3660 ) ;
#1198 = VECTOR ( 'NONE', #2526, 1000.000000000000000 ) ;
#1199 = CARTESIAN_POINT ( 'NONE',  ( 3.995142088675765812, 1.749999999999999778, -0.3499999999999999223 ) ) ;
#1200 = ORIENTED_EDGE ( 'NONE', *, *, #515, .F. ) ;
#1201 =( NAMED_UNIT ( * ) SI_UNIT ( $, .STERADIAN. ) SOLID_ANGLE_UNIT ( ) );
#1202 = ORIENTED_EDGE ( 'NONE', *, *, #136, .F. ) ;
#1203 = CARTESIAN_POINT ( 'NONE',  ( -0.3499999999999999778, 1.000000000000000000, 3.194642898114000040 ) ) ;
#1204 =( NAMED_UNIT ( * ) PLANE_ANGLE_UNIT ( ) SI_UNIT ( $, .RADIAN. ) );
#1205 = CIRCLE ( 'NONE', #2311, 0.1000000000000000472 ) ;
#1206 = CARTESIAN_POINT ( 'NONE',  ( -0.7500000000000000000, 1.000000000000000000, 3.294642898114000129 ) ) ;
#1207 = VECTOR ( 'NONE', #4129, 1000.000000000000000 ) ;
#1208 = DIRECTION ( 'NONE',  ( 1.000000000000000000, 0.0000000000000000000, 0.0000000000000000000 ) ) ;
#1209 = ORIENTED_EDGE ( 'NONE', *, *, #216, .F. ) ;
#1210 = LINE ( 'NONE', #4201, #2674 ) ;
#1211 = ORIENTED_EDGE ( 'NONE', *, *, #1878, .F. ) ;
#1212 = CARTESIAN_POINT ( 'NONE',  ( 4.220710678118654968, -1.650000000000000133, 1.420710678118654924 ) ) ;
#1213 = CARTESIAN_POINT ( 'NONE',  ( -4.220710678118649639, 1.649999999999999911, -0.4207106781186599198 ) ) ;
#1214 = FACE_OUTER_BOUND ( 'NONE', #3880, .T. ) ;
#1215 = VERTEX_POINT ( 'NONE', #3063 ) ;
#1216 = CARTESIAN_POINT ( 'NONE',  ( -1.100000000000000089, 1.000000000000000000, 3.294642898114000129 ) ) ;
#1217 = PRESENTATION_LAYER_ASSIGNMENT (  '', '', ( #3308 ) ) ;
#1218 = AXIS2_PLACEMENT_3D ( 'NONE', #3840, #3303, #1993 ) ;
#1219 = VERTEX_POINT ( 'NONE', #2569 ) ;
#1220 = DIRECTION ( 'NONE',  ( 0.0000000000000000000, -1.000000000000000000, -0.0000000000000000000 ) ) ;
#1221 =( NAMED_UNIT ( * ) SI_UNIT ( $, .STERADIAN. ) SOLID_ANGLE_UNIT ( ) );
#1222 = EDGE_CURVE ( 'NONE', #5902, #1965, #2075, .T. ) ;
#1223 = AXIS2_PLACEMENT_3D ( 'NONE', #4913, #2156, #5460 ) ;
#1224 = LINE ( 'NONE', #2077, #3925 ) ;
#1225 = ADVANCED_FACE ( 'NONE', ( #5360 ), #4972, .T. ) ;
#1226 = CARTESIAN_POINT ( 'NONE',  ( 0.3499999999999997002, 1.749999999999999778, -1.350000000000000089 ) ) ;
#1227 = EDGE_CURVE ( 'NONE', #5525, #5483, #3508, .T. ) ;
#1228 = VERTEX_POINT ( 'NONE', #3123 ) ;
#1229 = VECTOR ( 'NONE', #3222, 1000.000000000000000 ) ;
#1230 = CARTESIAN_POINT ( 'NONE',  ( -1.800000000000000266, 0.8000000000000000444, 3.350000000000000533 ) ) ;
#1231 = ORIENTED_EDGE ( 'NONE', *, *, #2571, .T. ) ;
#1232 = CARTESIAN_POINT ( 'NONE',  ( 4.220710678118654968, 1.720710678118654524, 1.409017335549510364 ) ) ;
#1233 = ORIENTED_EDGE ( 'NONE', *, *, #1915, .F. ) ;
#1234 = FACE_OUTER_BOUND ( 'NONE', #1055, .T. ) ;
#1235 = DIRECTION ( 'NONE',  ( 0.0000000000000000000, 0.0000000000000000000, -1.000000000000000000 ) ) ;
#1236 = CARTESIAN_POINT ( 'NONE',  ( -3.962442236293277631, 1.678979119944034482, -1.384571554749779887 ) ) ;
#1237 = CARTESIAN_POINT ( 'NONE',  ( -4.149999999999999467, 1.649999999999999911, -0.3499999999999999778 ) ) ;
#1238 = ORIENTED_EDGE ( 'NONE', *, *, #4983, .F. ) ;
#1239 = FACE_OUTER_BOUND ( 'NONE', #5415, .T. ) ;
#1240 = FILL_AREA_STYLE_COLOUR ( '', #5174 ) ;
#1241 = DIRECTION ( 'NONE',  ( -0.0000000000000000000, 0.0000000000000000000, -1.000000000000000000 ) ) ;
#1242 = AXIS2_PLACEMENT_3D ( 'NONE', #4599, #5197, #1338 ) ;
#1243 = CARTESIAN_POINT ( 'NONE',  ( 4.049999999999999822, -1.650000000000000355, -0.5500000000000000444 ) ) ;
#1244 = DIRECTION ( 'NONE',  ( 0.0000000000000000000, 1.000000000000000000, -0.0000000000000000000 ) ) ;
#1245 = DIRECTION ( 'NONE',  ( 0.0000000000000000000, 0.0000000000000000000, 1.000000000000000000 ) ) ;
#1246 = VERTEX_POINT ( 'NONE', #2629 ) ;
#1247 = DIRECTION ( 'NONE',  ( 0.0000000000000000000, -0.0000000000000000000, 1.000000000000000000 ) ) ;
#1248 = DIRECTION ( 'NONE',  ( 0.0000000000000000000, 0.0000000000000000000, 1.000000000000000000 ) ) ;
#1249 = FACE_OUTER_BOUND ( 'NONE', #3230, .T. ) ;
#1250 = EDGE_CURVE ( 'NONE', #1790, #5483, #3183, .T. ) ;
#1251 = CARTESIAN_POINT ( 'NONE',  ( 4.220710678118655856, -1.709017335549511074, -0.4207106781186554234 ) ) ;
#1252 = VECTOR ( 'NONE', #5016, 1000.000000000000000 ) ;
#1253 = ORIENTED_EDGE ( 'NONE', *, *, #3599, .F. ) ;
#1254 = DIRECTION ( 'NONE',  ( -1.000000000000000000, 0.0000000000000000000, 0.0000000000000000000 ) ) ;
#1255 = ORIENTED_EDGE ( 'NONE', *, *, #1194, .F. ) ;
#1256 = PRESENTATION_STYLE_ASSIGNMENT (( #4647 ) ) ;
#1257 = EDGE_CURVE ( 'NONE', #3162, #4999, #489, .T. ) ;
#1258 = PRESENTATION_LAYER_ASSIGNMENT (  '', '', ( #5066 ) ) ;
#1259 = DIRECTION ( 'NONE',  ( 0.0000000000000000000, 0.0000000000000000000, 1.000000000000000000 ) ) ;
#1260 = AXIS2_PLACEMENT_3D ( 'NONE', #5747, #994, #4305 ) ;
#1261 = VERTEX_POINT ( 'NONE', #5050 ) ;
#1262 = CARTESIAN_POINT ( 'NONE',  ( -0.2500000000000000555, 2.100000000000000089, -1.149999999999999911 ) ) ;
#1263 = EDGE_LOOP ( 'NONE', ( #5130, #3438, #587, #1146 ) ) ;
#1264 = CARTESIAN_POINT ( 'NONE',  ( 4.149333577425369235, -1.749995558710895072, 1.349333577425369413 ) ) ;
#1265 =( NAMED_UNIT ( * ) SI_UNIT ( $, .STERADIAN. ) SOLID_ANGLE_UNIT ( ) );
#1266 = EDGE_CURVE ( 'NONE', #2503, #5450, #5112, .T. ) ;
#1267 = MECHANICAL_DESIGN_GEOMETRIC_PRESENTATION_REPRESENTATION (  '', ( #2773 ), #971 ) ;
#1268 = CARTESIAN_POINT ( 'NONE',  ( -3.920710678118655146, 1.720710678118655190, -1.350000000000000311 ) ) ;
#1269 = DIRECTION ( 'NONE',  ( -0.0000000000000000000, -0.0000000000000000000, -1.000000000000000000 ) ) ;
#1270 = ORIENTED_EDGE ( 'NONE', *, *, #2754, .F. ) ;
#1271 = DIRECTION ( 'NONE',  ( -1.000000000000000000, 0.0000000000000000000, 0.0000000000000000000 ) ) ;
#1272 = VECTOR ( 'NONE', #3428, 1000.000000000000000 ) ;
#1273 = CARTESIAN_POINT ( 'NONE',  ( 3.962164124680903843, -1.619962439680785238, -1.349999999999999867 ) ) ;
#1274 = CARTESIAN_POINT ( 'NONE',  ( -0.2000000000000000111, 0.8000000000000000444, 10.61979999999999968 ) ) ;
#1275 = AXIS2_PLACEMENT_3D ( 'NONE', #4549, #4686, #809 ) ;
#1276 =( BOUNDED_SURFACE ( )  B_SPLINE_SURFACE ( 3, 3, ( 
 ( #3501, #1126, #2591, #4029 ),
 ( #5413, #5043, #1183, #3083 ),
 ( #1678, #5013, #731, #265 ),
 ( #3678, #788, #2747, #6129 ) ),
 .UNSPECIFIED., .F., .F., .F. ) 
 B_SPLINE_SURFACE_WITH_KNOTS ( ( 4, 4 ),
 ( 4, 4 ),
 ( 0.0000000000000000000, 1.000000000000000000 ),
 ( 0.0000000000000000000, 1.000000000000000000 ),
 .UNSPECIFIED. ) 
 GEOMETRIC_REPRESENTATION_ITEM ( )  RATIONAL_B_SPLINE_SURFACE ( (
 ( 1.000000000000000000, 0.8047378541243587202, 0.8047378541243587202, 1.000000000000000000),
 ( 0.8025111867385923414, 0.6458111303268073700, 0.6458111303268073700, 0.8025111867385923414),
 ( 0.8025111867385923414, 0.6458111303268073700, 0.6458111303268073700, 0.8025111867385923414),
 ( 1.000000000000000000, 0.8047378541243587202, 0.8047378541243587202, 1.000000000000000000) ) ) 
 REPRESENTATION_ITEM ( '' )  SURFACE ( )  );
#1277 = DIRECTION ( 'NONE',  ( 0.0000000000000000000, -0.0000000000000000000, 1.000000000000000000 ) ) ;
#1278 = CARTESIAN_POINT ( 'NONE',  ( -0.2500000000000002220, -3.049999999999999822, -1.449999999999999956 ) ) ;
#1279 = ORIENTED_EDGE ( 'NONE', *, *, #1114, .T. ) ;
#1280 = DIRECTION ( 'NONE',  ( 0.0000000000000000000, -0.0000000000000000000, 1.000000000000000000 ) ) ;
#1281 = PLANE ( 'NONE',  #4481 ) ;
#1282 = CARTESIAN_POINT ( 'NONE',  ( 2.250000000000000444, -3.049999999999999822, -1.149999999999999911 ) ) ;
#1283 = CIRCLE ( 'NONE', #2887, 0.1999999999999998723 ) ;
#1284 = CARTESIAN_POINT ( 'NONE',  ( 4.262164124680902333, 1.619962439680784794, 1.349999999999999867 ) ) ;
#1285 = ORIENTED_EDGE ( 'NONE', *, *, #1185, .T. ) ;
#1286 = CARTESIAN_POINT ( 'NONE',  ( 3.849413372940464040, -1.732713191421224153, -1.450551775759735706 ) ) ;
#1287 = ORIENTED_EDGE ( 'NONE', *, *, #2838, .T. ) ;
#1288 = DIRECTION ( 'NONE',  ( 1.000000000000000000, -0.0000000000000000000, 0.0000000000000000000 ) ) ;
#1289 = DIRECTION ( 'NONE',  ( 0.0000000000000000000, -0.0000000000000000000, 1.000000000000000000 ) ) ;
#1290 = EDGE_CURVE ( 'NONE', #2270, #5357, #337, .T. ) ;
#1291 = LINE ( 'NONE', #3193, #5012 ) ;
#1292 = AXIS2_PLACEMENT_3D ( 'NONE', #2210, #3983, #2545 ) ;
#1293 = AXIS2_PLACEMENT_3D ( 'NONE', #941, #2850, #4770 ) ;
#1294 = CARTESIAN_POINT ( 'NONE',  ( -0.2000000000000000111, -1.000000000000000000, 3.194642898114000040 ) ) ;
#1295 = CARTESIAN_POINT ( 'NONE',  ( -0.1913905859571309043, 0.9912375899890821795, 3.391314874726437001 ) ) ;
#1296 = ORIENTED_EDGE ( 'NONE', *, *, #4073, .T. ) ;
#1297 = SURFACE_SIDE_STYLE ('',( #2738 ) ) ;
#1298 = ORIENTED_EDGE ( 'NONE', *, *, #2754, .T. ) ;
#1299 = VECTOR ( 'NONE', #3700, 1000.000000000000000 ) ;
#1300 = LINE ( 'NONE', #842, #2900 ) ;
#1301 = CARTESIAN_POINT ( 'NONE',  ( -3.920710678118654702, 1.720710678118654968, -1.350000000000000089 ) ) ;
#1302 = CARTESIAN_POINT ( 'NONE',  ( -0.8999999999999998002, -0.9999999999999997780, 3.350000000000000089 ) ) ;
#1303 = EDGE_CURVE ( 'NONE', #2418, #1602, #4875, .T. ) ;
#1304 = VERTEX_POINT ( 'NONE', #1193 ) ;
#1305 = EDGE_CURVE ( 'NONE', #284, #684, #3569, .T. ) ;
#1306 = CARTESIAN_POINT ( 'NONE',  ( -0.4500000000000000111, 1.000000000000000000, 3.294642898114000129 ) ) ;
#1307 = SURFACE_STYLE_USAGE ( .BOTH. , #3177 ) ;
#1308 = AXIS2_PLACEMENT_3D ( 'NONE', #5567, #1810, #3720 ) ;
#1309 = VERTEX_POINT ( 'NONE', #3092 ) ;
#1310 = CARTESIAN_POINT ( 'NONE',  ( 0.3499999999999999778, -1.750000000000000000, 0.0000000000000000000 ) ) ;
#1311 = PRESENTATION_STYLE_ASSIGNMENT (( #5078 ) ) ;
#1312 = FACE_OUTER_BOUND ( 'NONE', #4204, .T. ) ;
#1313 = DIRECTION ( 'NONE',  ( 1.000000000000000000, 0.0000000000000000000, -0.0000000000000000000 ) ) ;
#1314 = AXIS2_PLACEMENT_3D ( 'NONE', #4847, #573, #2464 ) ;
#1315 = CARTESIAN_POINT ( 'NONE',  ( -4.150000000000000355, -1.649999999999999911, 10.61979999999999968 ) ) ;
#1316 = ORIENTED_EDGE ( 'NONE', *, *, #5534, .T. ) ;
#1317 = DIRECTION ( 'NONE',  ( -0.7071067811864966135, 0.0000000000000000000, 0.7071067811865984210 ) ) ;
#1318 = ORIENTED_EDGE ( 'NONE', *, *, #4504, .F. ) ;
#1319 = DIRECTION ( 'NONE',  ( 0.0000000000000000000, 0.0000000000000000000, 1.000000000000000000 ) ) ;
#1320 = CARTESIAN_POINT ( 'NONE',  ( -0.3499999999999999778, 1.749999999999999778, -1.449999999999999956 ) ) ;
#1321 = LINE ( 'NONE', #6178, #4217 ) ;
#1322 = PLANE ( 'NONE',  #4877 ) ;
#1323 = EDGE_LOOP ( 'NONE', ( #5683, #4467, #2209, #585 ) ) ;
#1324 = PRODUCT_DEFINITION ( 'UNKNOWN', '', #5728, #1392 ) ;
#1325 = DIRECTION ( 'NONE',  ( 0.0000000000000000000, -1.000000000000000000, -0.0000000000000000000 ) ) ;
#1326 = ORIENTED_EDGE ( 'NONE', *, *, #558, .F. ) ;
#1327 = CARTESIAN_POINT ( 'NONE',  ( -0.1006433447308880541, -0.8160706589028337010, 3.449997964186483745 ) ) ;
#1328 = ORIENTED_EDGE ( 'NONE', *, *, #767, .F. ) ;
#1329 = CARTESIAN_POINT ( 'NONE',  ( -3.778626039772358336, -1.649999999999966827, -1.420041115078381377 ) ) ;
#1330 = CARTESIAN_POINT ( 'NONE',  ( -0.3499999999999999778, -5.179999999999999716, -1.449999999999999956 ) ) ;
#1331 = SURFACE_STYLE_FILL_AREA ( #3709 ) ;
#1332 = ADVANCED_FACE ( 'NONE', ( #3219 ), #5019, .T. ) ;
#1333 = VERTEX_POINT ( 'NONE', #2293 ) ;
#1334 = CARTESIAN_POINT ( 'NONE',  ( -1.058578643762690064, -0.9585786437626905299, 3.449999999999999734 ) ) ;
#1335 = PLANE ( 'NONE',  #5672 ) ;
#1336 = ADVANCED_FACE ( 'NONE', ( #5568 ), #3148, .T. ) ;
#1337 = EDGE_CURVE ( 'NONE', #4312, #3602, #6069, .T. ) ;
#1338 = DIRECTION ( 'NONE',  ( -1.000000000000000000, 0.0000000000000000000, 0.0000000000000000000 ) ) ;
#1339 = CARTESIAN_POINT ( 'NONE',  ( -4.149999999999999467, 1.650000000000000133, -0.4500000000000000111 ) ) ;
#1340 = ORIENTED_EDGE ( 'NONE', *, *, #992, .T. ) ;
#1341 = CARTESIAN_POINT ( 'NONE',  ( 0.0000000000000000000, 1.750000000000000000, 0.0000000000000000000 ) ) ;
#1342 = CARTESIAN_POINT ( 'NONE',  ( -4.184571554749779487, 1.678979119944034037, 1.462442236293276299 ) ) ;
#1343 = CARTESIAN_POINT ( 'NONE',  ( -2.250000000000000444, -1.750000000000000000, -1.449999999999999956 ) ) ;
#1344 = ADVANCED_FACE ( 'NONE', ( #5293 ), #3396, .T. ) ;
#1345 = EDGE_LOOP ( 'NONE', ( #1730, #4315, #5175, #3067 ) ) ;
#1346 = LINE ( 'NONE', #3344, #5489 ) ;
#1347 = COLOUR_RGB ( '',0.9294117647058823817, 0.9294117647058823817, 0.9372549019607843146 ) ;
#1348 = LINE ( 'NONE', #865, #546 ) ;
#1349 =( GEOMETRIC_REPRESENTATION_CONTEXT ( 3 ) GLOBAL_UNCERTAINTY_ASSIGNED_CONTEXT ( ( #150 ) ) GLOBAL_UNIT_ASSIGNED_CONTEXT ( ( #4281, #6165, #3748 ) ) REPRESENTATION_CONTEXT ( 'NONE', 'WORKASPACE' ) );
#1350 = LINE ( 'NONE', #4231, #6176 ) ;
#1351 = ORIENTED_EDGE ( 'NONE', *, *, #65, .T. ) ;
#1352 = CARTESIAN_POINT ( 'NONE',  ( -3.649999999999999911, -0.8499999999999999778, -2.049999999999999822 ) ) ;
#1353 = EDGE_LOOP ( 'NONE', ( #417, #5542, #5476, #931 ) ) ;
#1354 = CARTESIAN_POINT ( 'NONE',  ( -2.750000000000000444, -4.549999999999999822, -1.449999999999999956 ) ) ;
#1355 = COLOUR_RGB ( '',0.9294117647058823817, 0.9294117647058823817, 0.9372549019607843146 ) ;
#1356 = CIRCLE ( 'NONE', #4867, 0.09999999999999999167 ) ;
#1357 = CARTESIAN_POINT ( 'NONE',  ( -2.700000000000000178, -1.449999999999999956, -2.049999999999999822 ) ) ;
#1358 = VECTOR ( 'NONE', #5538, 1000.000000000000000 ) ;
#1359 = SURFACE_STYLE_USAGE ( .BOTH. , #2812 ) ;
#1360 = LINE ( 'NONE', #5998, #2089 ) ;
#1361 = ORIENTED_EDGE ( 'NONE', *, *, #1911, .F. ) ;
#1362 = DIRECTION ( 'NONE',  ( -1.000000000000000000, -0.0000000000000000000, -0.0000000000000000000 ) ) ;
#1363 = PRESENTATION_LAYER_ASSIGNMENT (  '', '', ( #3364 ) ) ;
#1364 = EDGE_CURVE ( 'NONE', #3058, #4401, #1910, .T. ) ;
#1365 = DIRECTION ( 'NONE',  ( -1.000000000000000000, -0.0000000000000000000, -0.0000000000000000000 ) ) ;
#1366 = LINE ( 'NONE', #487, #4600 ) ;
#1367 =( LENGTH_UNIT ( ) NAMED_UNIT ( * ) SI_UNIT ( .MILLI., .METRE. ) );
#1368 = CARTESIAN_POINT ( 'NONE',  ( -4.208576042115765858, 1.578626039772357714, 1.420041115078381155 ) ) ;
#1369 = PRESENTATION_STYLE_ASSIGNMENT (( #3752 ) ) ;
#1370 = CIRCLE ( 'NONE', #4885, 0.09999999999999983902 ) ;
#1371 = CARTESIAN_POINT ( 'NONE',  ( 3.920710678118655146, 1.650000000000000133, -1.420710678118655368 ) ) ;
#1372 = LINE ( 'NONE', #2298, #1871 ) ;
#1373 = EDGE_LOOP ( 'NONE', ( #4729, #2866, #1130, #5633 ) ) ;
#1374 = LINE ( 'NONE', #5640, #421 ) ;
#1375 = EDGE_CURVE ( 'NONE', #5192, #3232, #970, .T. ) ;
#1376 = VERTEX_POINT ( 'NONE', #1876 ) ;
#1377 = CIRCLE ( 'NONE', #2679, 0.1000000000000000194 ) ;
#1378 = EDGE_CURVE ( 'NONE', #1566, #1556, #3247, .T. ) ;
#1379 = CARTESIAN_POINT ( 'NONE',  ( 2.700000000000000178, -1.449999999999999956, -2.049999999999999822 ) ) ;
#1380 = CARTESIAN_POINT ( 'NONE',  ( -4.196264897318917164, -1.709017335549510630, 1.445156458918389175 ) ) ;
#1381 = DIRECTION ( 'NONE',  ( -0.0000000000000000000, 0.0000000000000000000, -1.000000000000000000 ) ) ;
#1382 = CARTESIAN_POINT ( 'NONE',  ( -0.8999999999999994671, -1.000000000000000000, 3.408578643762690596 ) ) ;
#1383 =( GEOMETRIC_REPRESENTATION_CONTEXT ( 3 ) GLOBAL_UNCERTAINTY_ASSIGNED_CONTEXT ( ( #3503 ) ) GLOBAL_UNIT_ASSIGNED_CONTEXT ( ( #5079, #2518, #4446 ) ) REPRESENTATION_CONTEXT ( 'NONE', 'WORKASPACE' ) );
#1384 = FACE_OUTER_BOUND ( 'NONE', #1780, .T. ) ;
#1385 = VERTEX_POINT ( 'NONE', #5232 ) ;
#1386 = DIRECTION ( 'NONE',  ( 0.0000000000000000000, -1.000000000000000000, 0.0000000000000000000 ) ) ;
#1387 = ORIENTED_EDGE ( 'NONE', *, *, #5543, .F. ) ;
#1388 = CARTESIAN_POINT ( 'NONE',  ( 4.149999999999998579, 1.762442236293275455, -0.3789791199440338820 ) ) ;
#1389 = ORIENTED_EDGE ( 'NONE', *, *, #3207, .F. ) ;
#1390 = VECTOR ( 'NONE', #1734, 1000.000000000000000 ) ;
#1391 = DIRECTION ( 'NONE',  ( 0.0000000000000000000, 1.000000000000000000, 0.0000000000000000000 ) ) ;
#1392 = PRODUCT_DEFINITION_CONTEXT ( 'detailed design', #5776, 'design' ) ;
#1393 = CIRCLE ( 'NONE', #3391, 0.09999999999999982514 ) ;
#1394 = SURFACE_SIDE_STYLE ('',( #1331 ) ) ;
#1395 = CARTESIAN_POINT ( 'NONE',  ( -3.819962439680771205, 1.762164124680916988, -1.408901866519337354 ) ) ;
#1396 = VERTEX_POINT ( 'NONE', #549 ) ;
#1397 = FACE_OUTER_BOUND ( 'NONE', #3560, .T. ) ;
#1398 = LINE ( 'NONE', #2322, #4783 ) ;
#1399 = CIRCLE ( 'NONE', #2211, 0.1000000000000000472 ) ;
#1400 = FACE_OUTER_BOUND ( 'NONE', #4846, .T. ) ;
#1401 = EDGE_CURVE ( 'NONE', #1309, #2260, #434, .T. ) ;
#1402 = CARTESIAN_POINT ( 'NONE',  ( -1.350000000000000089, -1.000000000000000000, 3.350000000000000089 ) ) ;
#1403 = ORIENTED_EDGE ( 'NONE', *, *, #3599, .T. ) ;
#1404 = CARTESIAN_POINT ( 'NONE',  ( -4.149999999999996803, 1.619962439680785016, 1.462164124680902733 ) ) ;
#1405 =( NAMED_UNIT ( * ) PLANE_ANGLE_UNIT ( ) SI_UNIT ( $, .RADIAN. ) );
#1406 = EDGE_LOOP ( 'NONE', ( #4156, #2978, #2393, #2906 ) ) ;
#1407 = ORIENTED_EDGE ( 'NONE', *, *, #5927, .F. ) ;
#1408 = ADVANCED_FACE ( 'NONE', ( #3721 ), #2819, .T. ) ;
#1409 = CARTESIAN_POINT ( 'NONE',  ( -1.199999999999999956, -1.000000000000000000, 3.194642898114000040 ) ) ;
#1410 = ORIENTED_EDGE ( 'NONE', *, *, #673, .F. ) ;
#1411 = DIRECTION ( 'NONE',  ( -0.0000000000000000000, -1.000000000000000000, 0.0000000000000000000 ) ) ;
#1412 = FACE_OUTER_BOUND ( 'NONE', #4826, .T. ) ;
#1413 = LINE ( 'NONE', #3321, #721 ) ;
#1414 = CARTESIAN_POINT ( 'NONE',  ( -1.699999999999999956, 6.312599999999999767, 3.294642898114000129 ) ) ;
#1415 = EDGE_CURVE ( 'NONE', #3712, #5608, #4262, .T. ) ;
#1416 = ADVANCED_FACE ( 'NONE', ( #1464 ), #5667, .T. ) ;
#1417 = CARTESIAN_POINT ( 'NONE',  ( 3.962442236293274966, 1.650000000000000133, -1.378979119944034659 ) ) ;
#1418 = ORIENTED_EDGE ( 'NONE', *, *, #330, .T. ) ;
#1419 = VECTOR ( 'NONE', #591, 1000.000000000000000 ) ;
#1420 = SURFACE_SIDE_STYLE ('',( #3383 ) ) ;
#1421 = CARTESIAN_POINT ( 'NONE',  ( 4.049999999999999822, 6.312599999999999767, -0.4500000000000000666 ) ) ;
#1422 = CARTESIAN_POINT ( 'NONE',  ( -0.2000000000000000944, -1.000000000000000000, 0.9499999999999999556 ) ) ;
#1423 = VERTEX_POINT ( 'NONE', #3782 ) ;
#1424 = CARTESIAN_POINT ( 'NONE',  ( -3.649999999999999911, -1.449999999999999956, -2.049999999999999822 ) ) ;
#1425 = VECTOR ( 'NONE', #5247, 1000.000000000000000 ) ;
#1426 = DIRECTION ( 'NONE',  ( -0.7071067811865453523, 0.7071067811865496822, 0.0000000000000000000 ) ) ;
#1427 = ORIENTED_EDGE ( 'NONE', *, *, #5996, .F. ) ;
#1428 = AXIS2_PLACEMENT_3D ( 'NONE', #1414, #1442, #1533 ) ;
#1429 = CARTESIAN_POINT ( 'NONE',  ( 2.750000000000000000, -3.049999999999999822, -1.149999999999999911 ) ) ;
#1430 = CARTESIAN_POINT ( 'NONE',  ( -0.6500000000000000222, -1.000000000000000000, 3.350000000000000089 ) ) ;
#1431 = DIRECTION ( 'NONE',  ( -0.0000000000000000000, 1.000000000000000000, 0.0000000000000000000 ) ) ;
#1432 = CYLINDRICAL_SURFACE ( 'NONE', #5363, 0.1000000000000000472 ) ;
#1433 = VERTEX_POINT ( 'NONE', #2387 ) ;
#1434 = DIRECTION ( 'NONE',  ( -0.0000000000000000000, -0.0000000000000000000, 1.000000000000000000 ) ) ;
#1435 = DIRECTION ( 'NONE',  ( -0.0000000000000000000, -1.000000000000000000, -0.0000000000000000000 ) ) ;
#1436 = ORIENTED_EDGE ( 'NONE', *, *, #5505, .F. ) ;
#1437 = DIRECTION ( 'NONE',  ( 0.0000000000000000000, -0.0000000000000000000, 1.000000000000000000 ) ) ;
#1438 = ORIENTED_EDGE ( 'NONE', *, *, #1754, .T. ) ;
#1439 = PLANE ( 'NONE',  #3811 ) ;
#1440 =( BOUNDED_CURVE ( )  B_SPLINE_CURVE ( 3, ( #634, #5962, #5430, #2523 ),
 .UNSPECIFIED., .F., .T. ) 
 B_SPLINE_CURVE_WITH_KNOTS ( ( 4, 4 ),
 ( 3.141592653589793116, 4.712388980384689674 ),
 .UNSPECIFIED. ) 
 CURVE ( )  GEOMETRIC_REPRESENTATION_ITEM ( )  RATIONAL_B_SPLINE_CURVE ( ( 1.000000000000000000, 0.8047378541243649375, 0.8047378541243649375, 1.000000000000000000 ) ) 
 REPRESENTATION_ITEM ( '' )  );
#1441 = DIRECTION ( 'NONE',  ( 0.0000000000000000000, 0.0000000000000000000, -1.000000000000000000 ) ) ;
#1442 = DIRECTION ( 'NONE',  ( 0.0000000000000000000, -1.000000000000000000, 0.0000000000000000000 ) ) ;
#1443 = ADVANCED_FACE ( 'NONE', ( #5635 ), #2329, .T. ) ;
#1444 = SURFACE_SIDE_STYLE ('',( #67 ) ) ;
#1445 = AXIS2_PLACEMENT_3D ( 'NONE', #3648, #4059, #2198 ) ;
#1446 = CARTESIAN_POINT ( 'NONE',  ( 3.850000000000000977, 1.649999999999999911, -1.350000000000000089 ) ) ;
#1447 = ORIENTED_EDGE ( 'NONE', *, *, #3790, .F. ) ;
#1448 = LINE ( 'NONE', #3326, #2862 ) ;
#1449 = ORIENTED_EDGE ( 'NONE', *, *, #562, .T. ) ;
#1450 = EDGE_CURVE ( 'NONE', #3440, #1566, #195, .T. ) ;
#1451 = DIRECTION ( 'NONE',  ( 0.0000000000000000000, 0.0000000000000000000, 1.000000000000000000 ) ) ;
#1452 = LINE ( 'NONE', #956, #2002 ) ;
#1453 = CIRCLE ( 'NONE', #676, 0.1000000000000002554 ) ;
#1454 = UNCERTAINTY_MEASURE_WITH_UNIT (LENGTH_MEASURE( 1.000000000000000082E-05 ), #5786, 'distance_accuracy_value', 'NONE');
#1455 = DIRECTION ( 'NONE',  ( -0.8944271909998958714, 0.4472135954999979512, 0.0000000000000000000 ) ) ;
#1456 = ORIENTED_EDGE ( 'NONE', *, *, #1664, .T. ) ;
#1457 = EDGE_CURVE ( 'NONE', #3019, #860, #1031, .T. ) ;
#1458 = CARTESIAN_POINT ( 'NONE',  ( -4.184571554749778599, -1.678979119944033815, -0.4624422362932756325 ) ) ;
#1459 = EDGE_CURVE ( 'NONE', #4804, #4494, #4981, .T. ) ;
#1460 = PLANE ( 'NONE',  #214 ) ;
#1461 = LINE ( 'NONE', #4364, #1860 ) ;
#1462 = FACE_OUTER_BOUND ( 'NONE', #336, .T. ) ;
#1463 = ORIENTED_EDGE ( 'NONE', *, *, #2276, .T. ) ;
#1464 = FACE_OUTER_BOUND ( 'NONE', #5705, .T. ) ;
#1465 = PRODUCT_CONTEXT ( 'NONE', #4830, 'mechanical' ) ;
#1466 = VECTOR ( 'NONE', #4245, 1000.000000000000000 ) ;
#1467 = ORIENTED_EDGE ( 'NONE', *, *, #1671, .T. ) ;
#1468 = CARTESIAN_POINT ( 'NONE',  ( -3.850000000000000089, 1.750000000000000000, 0.0000000000000000000 ) ) ;
#1469 = EDGE_LOOP ( 'NONE', ( #3141, #5420, #257 ) ) ;
#1470 = VECTOR ( 'NONE', #3007, 1000.000000000000000 ) ;
#1471 = CARTESIAN_POINT ( 'NONE',  ( -1.800000000000000266, -1.000000000000000000, 3.194642898114000040 ) ) ;
#1472 =( LENGTH_UNIT ( ) NAMED_UNIT ( * ) SI_UNIT ( .MILLI., .METRE. ) );
#1473 =( BOUNDED_SURFACE ( )  B_SPLINE_SURFACE ( 3, 3, ( 
 ( #1727, #1798, #2250, #3137 ),
 ( #3707, #3638, #5621, #4133 ),
 ( #3233, #5554, #3200, #5035 ),
 ( #1329, #4689, #4206, #1826 ) ),
 .UNSPECIFIED., .F., .F., .F. ) 
 B_SPLINE_SURFACE_WITH_KNOTS ( ( 4, 4 ),
 ( 4, 4 ),
 ( 0.0000000000000000000, 1.000000000000000000 ),
 ( 0.0000000000000000000, 1.000000000000000000 ),
 .UNSPECIFIED. ) 
 GEOMETRIC_REPRESENTATION_ITEM ( )  RATIONAL_B_SPLINE_SURFACE ( (
 ( 1.000000000000000000, 0.8047378541242858896, 0.8047378541242858896, 1.000000000000000000),
 ( 0.8025111867385940068, 0.6458111303267501935, 0.6458111303267501935, 0.8025111867385940068),
 ( 0.8025111867385940068, 0.6458111303267501935, 0.6458111303267501935, 0.8025111867385940068),
 ( 1.000000000000000000, 0.8047378541242858896, 0.8047378541242858896, 1.000000000000000000) ) ) 
 REPRESENTATION_ITEM ( '' )  SURFACE ( )  );
#1474 = PLANE ( 'NONE',  #2482 ) ;
#1475 = DIRECTION ( 'NONE',  ( -0.0000000000000000000, 1.000000000000000000, -0.0000000000000000000 ) ) ;
#1476 = DIRECTION ( 'NONE',  ( 0.0000000000000000000, 0.0000000000000000000, -1.000000000000000000 ) ) ;
#1477 = ORIENTED_EDGE ( 'NONE', *, *, #2909, .F. ) ;
#1478 = CARTESIAN_POINT ( 'NONE',  ( 2.100000000000000089, -1.080000000000000071, 1.449999999999999956 ) ) ;
#1479 = CARTESIAN_POINT ( 'NONE',  ( -0.2500000000000000000, -3.049999999999999822, -1.149999999999999911 ) ) ;
#1480 = AXIS2_PLACEMENT_3D ( 'NONE', #470, #4264, #5737 ) ;
#1481 =( LENGTH_UNIT ( ) NAMED_UNIT ( * ) SI_UNIT ( .MILLI., .METRE. ) );
#1482 = VECTOR ( 'NONE', #5349, 1000.000000000000000 ) ;
#1483 = CARTESIAN_POINT ( 'NONE',  ( -3.807914060830232206, 1.690753094020509106, -1.449995558710894583 ) ) ;
#1484 = ORIENTED_EDGE ( 'NONE', *, *, #2317, .T. ) ;
#1485 =( GEOMETRIC_REPRESENTATION_CONTEXT ( 3 ) GLOBAL_UNCERTAINTY_ASSIGNED_CONTEXT ( ( #2822 ) ) GLOBAL_UNIT_ASSIGNED_CONTEXT ( ( #3278, #1405, #5233 ) ) REPRESENTATION_CONTEXT ( 'NONE', 'WORKASPACE' ) );
#1486 = EDGE_CURVE ( 'NONE', #5426, #744, #2032, .T. ) ;
#1487 = SURFACE_SIDE_STYLE ('',( #4792 ) ) ;
#1488 = AXIS2_PLACEMENT_3D ( 'NONE', #3899, #1936, #4396 ) ;
#1489 = ADVANCED_FACE ( 'NONE', ( #2932 ), #1494, .F. ) ;
#1490 = EDGE_CURVE ( 'NONE', #5608, #4808, #2284, .T. ) ;
#1491 = DIRECTION ( 'NONE',  ( -0.0000000000000000000, -1.000000000000000000, -0.0000000000000000000 ) ) ;
#1492 = VECTOR ( 'NONE', #3894, 1000.000000000000000 ) ;
#1493 = CARTESIAN_POINT ( 'NONE',  ( -4.150000000000000355, 1.649999999999999911, 1.350000000000000533 ) ) ;
#1494 = CYLINDRICAL_SURFACE ( 'NONE', #3260, 0.1000000000000000472 ) ;
#1495 = UNCERTAINTY_MEASURE_WITH_UNIT (LENGTH_MEASURE( 1.000000000000000082E-05 ), #3003, 'distance_accuracy_value', 'NONE');
#1496 = AXIS2_PLACEMENT_3D ( 'NONE', #2324, #4089, #3718 ) ;
#1497 = ORIENTED_EDGE ( 'NONE', *, *, #1085, .T. ) ;
#1498 =( NAMED_UNIT ( * ) SI_UNIT ( $, .STERADIAN. ) SOLID_ANGLE_UNIT ( ) );
#1499 = ORIENTED_EDGE ( 'NONE', *, *, #1923, .T. ) ;
#1500 = DIRECTION ( 'NONE',  ( -0.0000000000000000000, -0.0000000000000000000, 1.000000000000000000 ) ) ;
#1501 = DIRECTION ( 'NONE',  ( 1.000000000000000000, 0.0000000000000000000, -0.0000000000000000000 ) ) ;
#1502 = CARTESIAN_POINT ( 'NONE',  ( 2.850000000000000089, -2.850000000000000089, -1.449999999999999956 ) ) ;
#1503 = EDGE_LOOP ( 'NONE', ( #3588, #6109, #3463, #4168 ) ) ;
#1504 = CARTESIAN_POINT ( 'NONE',  ( 4.220710678118654968, 1.720710678118654746, 1.350000000000000533 ) ) ;
#1505 = ORIENTED_EDGE ( 'NONE', *, *, #1605, .F. ) ;
#1506 = DIRECTION ( 'NONE',  ( 0.0000000000000000000, 0.0000000000000000000, -1.000000000000000000 ) ) ;
#1507 = DIRECTION ( 'NONE',  ( 1.000000000000000000, -0.0000000000000000000, 0.0000000000000000000 ) ) ;
#1508 = VECTOR ( 'NONE', #3750, 1000.000000000000000 ) ;
#1509 = ORIENTED_EDGE ( 'NONE', *, *, #3713, .F. ) ;
#1510 = SURFACE_SIDE_STYLE ('',( #2656 ) ) ;
#1511 =( BOUNDED_SURFACE ( )  B_SPLINE_SURFACE ( 3, 3, ( 
 ( #2535, #5879, #4953, #674 ),
 ( #2626, #2596, #269, #2167 ),
 ( #759, #2650, #151, #1554 ),
 ( #6004, #4088, #879, #2229 ) ),
 .UNSPECIFIED., .F., .F., .F. ) 
 B_SPLINE_SURFACE_WITH_KNOTS ( ( 4, 4 ),
 ( 4, 4 ),
 ( 0.0000000000000000000, 1.000000000000000000 ),
 ( 0.0000000000000000000, 1.000000000000000000 ),
 .UNSPECIFIED. ) 
 GEOMETRIC_REPRESENTATION_ITEM ( )  RATIONAL_B_SPLINE_SURFACE ( (
 ( 1.000000000000000000, 0.8047378541243622729, 0.8047378541243622729, 1.000000000000000000),
 ( 0.8025111867385923414, 0.6458111303268101455, 0.6458111303268101455, 0.8025111867385923414),
 ( 0.8025111867385923414, 0.6458111303268101455, 0.6458111303268101455, 0.8025111867385923414),
 ( 1.000000000000000000, 0.8047378541243622729, 0.8047378541243622729, 1.000000000000000000) ) ) 
 REPRESENTATION_ITEM ( '' )  SURFACE ( )  );
#1512 = CARTESIAN_POINT ( 'NONE',  ( -1.099999999999999867, -1.000000000000000000, 3.350000000000000089 ) ) ;
#1513 = EDGE_LOOP ( 'NONE', ( #3719, #5922, #3725, #143 ) ) ;
#1514 = CARTESIAN_POINT ( 'NONE',  ( -4.209017335549511074, -1.720710678118654968, -0.4207106781186545907 ) ) ;
#1515 = VECTOR ( 'NONE', #2775, 1000.000000000000000 ) ;
#1516 = DIRECTION ( 'NONE',  ( 0.0000000000000000000, 1.000000000000000000, -0.0000000000000000000 ) ) ;
#1517 = ADVANCED_FACE ( 'NONE', ( #3936 ), #175, .T. ) ;
#1518 = CARTESIAN_POINT ( 'NONE',  ( -3.849999999999999645, 1.649999999999999911, -0.5500000000000000444 ) ) ;
#1519 = PRESENTATION_LAYER_ASSIGNMENT (  '', '', ( #4223 ) ) ;
#1520 = LINE ( 'NONE', #5346, #5970 ) ;
#1521 = EDGE_LOOP ( 'NONE', ( #1053, #5084, #4852, #742, #4940 ) ) ;
#1522 = DIRECTION ( 'NONE',  ( 0.0000000000000000000, 0.0000000000000000000, -1.000000000000000000 ) ) ;
#1523 = CARTESIAN_POINT ( 'NONE',  ( -0.1112976793694197136, -0.8679224945511297973, 3.449432978928810289 ) ) ;
#1524 = DIRECTION ( 'NONE',  ( -1.000000000000000000, -0.0000000000000000000, -0.0000000000000000000 ) ) ;
#1525 = DIRECTION ( 'NONE',  ( -0.0000000000000000000, -1.000000000000000000, -0.0000000000000000000 ) ) ;
#1526 = EDGE_CURVE ( 'NONE', #4127, #1261, #2968, .T. ) ;
#1527 = ORIENTED_EDGE ( 'NONE', *, *, #3553, .T. ) ;
#1528 = DIRECTION ( 'NONE',  ( -1.000000000000000000, 0.0000000000000000000, -0.0000000000000000000 ) ) ;
#1529 = ORIENTED_EDGE ( 'NONE', *, *, #5059, .F. ) ;
#1530 = PLANE ( 'NONE',  #1016 ) ;
#1531 = PRESENTATION_STYLE_ASSIGNMENT (( #4989 ) ) ;
#1532 = EDGE_CURVE ( 'NONE', #1657, #3447, #4000, .T. ) ;
#1533 = DIRECTION ( 'NONE',  ( 0.0000000000000000000, 0.0000000000000000000, -1.000000000000000000 ) ) ;
#1534 = DIRECTION ( 'NONE',  ( -1.000000000000000000, 0.0000000000000000000, 0.0000000000000000000 ) ) ;
#1535 = ORIENTED_EDGE ( 'NONE', *, *, #4462, .F. ) ;
#1536 = FACE_OUTER_BOUND ( 'NONE', #5842, .T. ) ;
#1537 = ORIENTED_EDGE ( 'NONE', *, *, #915, .F. ) ;
#1538 = DIRECTION ( 'NONE',  ( 0.0000000000000000000, -0.0000000000000000000, -1.000000000000000000 ) ) ;
#1539 = CARTESIAN_POINT ( 'NONE',  ( -3.890753094020497738, -1.749995558710894850, -1.307914060830242198 ) ) ;
#1540 = CARTESIAN_POINT ( 'NONE',  ( -3.850000000000000977, -1.649999999999999911, -1.350000000000000089 ) ) ;
#1541 = AXIS2_PLACEMENT_3D ( 'NONE', #5778, #5722, #81 ) ;
#1542 = EDGE_LOOP ( 'NONE', ( #1407, #5732, #3615, #3324, #2052, #5536, #464, #3950 ) ) ;
#1543 = ORIENTED_EDGE ( 'NONE', *, *, #2349, .T. ) ;
#1544 = LINE ( 'NONE', #5004, #2525 ) ;
#1545 = VECTOR ( 'NONE', #5377, 1000.000000000000000 ) ;
#1546 = LINE ( 'NONE', #2056, #375 ) ;
#1547 = FACE_OUTER_BOUND ( 'NONE', #5812, .T. ) ;
#1548 = ORIENTED_EDGE ( 'NONE', *, *, #6077, .F. ) ;
#1549 = CARTESIAN_POINT ( 'NONE',  ( -1.916144501250880205, 1.001103551521170809, 3.350000000000000089 ) ) ;
#1550 = FACE_OUTER_BOUND ( 'NONE', #4002, .T. ) ;
#1551 = EDGE_CURVE ( 'NONE', #5980, #5828, #2437, .T. ) ;
#1552 = VECTOR ( 'NONE', #2455, 1000.000000000000114 ) ;
#1553 = UNCERTAINTY_MEASURE_WITH_UNIT (LENGTH_MEASURE( 1.000000000000000082E-05 ), #3496, 'distance_accuracy_value', 'NONE');
#1554 = CARTESIAN_POINT ( 'NONE',  ( 4.262164124680902333, -1.649999999999999911, 1.319962439680784305 ) ) ;
#1555 =( GEOMETRIC_REPRESENTATION_CONTEXT ( 3 ) GLOBAL_UNCERTAINTY_ASSIGNED_CONTEXT ( ( #2005 ) ) GLOBAL_UNIT_ASSIGNED_CONTEXT ( ( #272, #5511, #1221 ) ) REPRESENTATION_CONTEXT ( 'NONE', 'WORKASPACE' ) );
#1556 = VERTEX_POINT ( 'NONE', #581 ) ;
#1557 = CARTESIAN_POINT ( 'NONE',  ( -2.150000000000000799, -1.649999999999999911, -1.350000000000000089 ) ) ;
#1558 = CARTESIAN_POINT ( 'NONE',  ( -4.049999999999999822, -1.650000000000000355, -0.5500000000000000444 ) ) ;
#1559 = ADVANCED_FACE ( 'NONE', ( #1550 ), #3908, .T. ) ;
#1560 = AXIS2_PLACEMENT_3D ( 'NONE', #1274, #2136, #235 ) ;
#1561 = DIRECTION ( 'NONE',  ( -0.0000000000000000000, 1.000000000000000000, -0.0000000000000000000 ) ) ;
#1562 = EDGE_CURVE ( 'NONE', #996, #4964, #5104, .T. ) ;
#1563 = ADVANCED_FACE ( 'NONE', ( #4530 ), #5597, .F. ) ;
#1564 = ORIENTED_EDGE ( 'NONE', *, *, #4284, .F. ) ;
#1565 = DIRECTION ( 'NONE',  ( 0.7071067811865474617, 0.7071067811865474617, 0.0000000000000000000 ) ) ;
#1566 = VERTEX_POINT ( 'NONE', #1216 ) ;
#1567 = VECTOR ( 'NONE', #2977, 1000.000000000000000 ) ;
#1568 = CARTESIAN_POINT ( 'NONE',  ( 2.850000000000000089, 2.100000000000000089, -1.449999999999999956 ) ) ;
#1569 = FACE_OUTER_BOUND ( 'NONE', #949, .T. ) ;
#1570 = VERTEX_POINT ( 'NONE', #699 ) ;
#1571 = FACE_BOUND ( 'NONE', #1345, .T. ) ;
#1572 = MECHANICAL_DESIGN_GEOMETRIC_PRESENTATION_REPRESENTATION (  '', ( #1171 ), #5183 ) ;
#1573 = CARTESIAN_POINT ( 'NONE',  ( -0.4500000000000001221, 1.000000000000000000, 3.350000000000000089 ) ) ;
#1574 = VERTEX_POINT ( 'NONE', #6002 ) ;
#1575 = AXIS2_PLACEMENT_3D ( 'NONE', #4839, #1927, #3830 ) ;
#1576 = AXIS2_PLACEMENT_3D ( 'NONE', #1812, #3652, #2724 ) ;
#1577 = CARTESIAN_POINT ( 'NONE',  ( -3.949999999999999734, 1.649999999999999911, -0.5500000000000000444 ) ) ;
#1578 = ORIENTED_EDGE ( 'NONE', *, *, #3977, .F. ) ;
#1579 = CARTESIAN_POINT ( 'NONE',  ( 3.649999999999999911, -0.8499999999999999778, -1.750000000000000000 ) ) ;
#1580 = CARTESIAN_POINT ( 'NONE',  ( -0.3499999999999996447, -1.649999999999999911, -1.350000000000000089 ) ) ;
#1581 = VERTEX_POINT ( 'NONE', #4030 ) ;
#1582 = CARTESIAN_POINT ( 'NONE',  ( -2.000000000000000000, -1.000000000000000000, 0.9499999999999999556 ) ) ;
#1583 = SURFACE_STYLE_USAGE ( .BOTH. , #615 ) ;
#1584 = STYLED_ITEM ( 'NONE', ( #4351 ), #4545 ) ;
#1585 = VECTOR ( 'NONE', #4982, 1000.000000000000000 ) ;
#1586 =( GEOMETRIC_REPRESENTATION_CONTEXT ( 3 ) GLOBAL_UNCERTAINTY_ASSIGNED_CONTEXT ( ( #4115 ) ) GLOBAL_UNIT_ASSIGNED_CONTEXT ( ( #802, #2732, #4260 ) ) REPRESENTATION_CONTEXT ( 'NONE', 'WORKASPACE' ) );
#1587 = FACE_OUTER_BOUND ( 'NONE', #3768, .T. ) ;
#1588 = ORIENTED_EDGE ( 'NONE', *, *, #4284, .T. ) ;
#1589 = FACE_OUTER_BOUND ( 'NONE', #343, .T. ) ;
#1590 = DIRECTION ( 'NONE',  ( -0.0000000000000000000, -1.000000000000000000, -0.0000000000000000000 ) ) ;
#1591 = PLANE ( 'NONE',  #1932 ) ;
#1592 = EDGE_CURVE ( 'NONE', #5959, #5552, #4979, .T. ) ;
#1593 = CARTESIAN_POINT ( 'NONE',  ( 0.0000000000000000000, 2.250000000000000444, -1.149999999999999911 ) ) ;
#1594 = ORIENTED_EDGE ( 'NONE', *, *, #6071, .F. ) ;
#1595 = DIRECTION ( 'NONE',  ( -0.0000000000000000000, 1.000000000000000000, -0.0000000000000000000 ) ) ;
#1596 = VERTEX_POINT ( 'NONE', #5972 ) ;
#1597 = VERTEX_POINT ( 'NONE', #3113 ) ;
#1598 = DIRECTION ( 'NONE',  ( 0.0000000000000000000, 1.000000000000000000, 0.0000000000000000000 ) ) ;
#1599 = EDGE_CURVE ( 'NONE', #3019, #4568, #5044, .T. ) ;
#1600 = EDGE_CURVE ( 'NONE', #4494, #1756, #2193, .T. ) ;
#1601 = VECTOR ( 'NONE', #3311, 1000.000000000000000 ) ;
#1602 = VERTEX_POINT ( 'NONE', #5720 ) ;
#1603 = PLANE ( 'NONE',  #1223 ) ;
#1604 = DIRECTION ( 'NONE',  ( 0.0000000000000000000, 0.0000000000000000000, -1.000000000000000000 ) ) ;
#1605 = EDGE_CURVE ( 'NONE', #3675, #2623, #2131, .T. ) ;
#1606 = CARTESIAN_POINT ( 'NONE',  ( -15.33060000000000223, -1.649999999999999911, -1.450000000000000178 ) ) ;
#1607 = DIRECTION ( 'NONE',  ( -0.0000000000000000000, -1.000000000000000000, -0.0000000000000000000 ) ) ;
#1608 = VERTEX_POINT ( 'NONE', #14 ) ;
#1609 = AXIS2_PLACEMENT_3D ( 'NONE', #841, #5064, #4585 ) ;
#1610 = DIRECTION ( 'NONE',  ( 0.0000000000000000000, 0.0000000000000000000, -1.000000000000000000 ) ) ;
#1611 = VERTEX_POINT ( 'NONE', #394 ) ;
#1612 = CARTESIAN_POINT ( 'NONE',  ( -1.550000000000000266, -1.000000000000000000, 3.350000000000000089 ) ) ;
#1613 = SURFACE_STYLE_FILL_AREA ( #5877 ) ;
#1614 = UNCERTAINTY_MEASURE_WITH_UNIT (LENGTH_MEASURE( 1.000000000000000082E-05 ), #1481, 'distance_accuracy_value', 'NONE');
#1615 = VERTEX_POINT ( 'NONE', #4661 ) ;
#1616 = DIRECTION ( 'NONE',  ( 1.000000000000000000, -0.0000000000000000000, 0.0000000000000000000 ) ) ;
#1617 = ORIENTED_EDGE ( 'NONE', *, *, #365, .T. ) ;
#1618 = CARTESIAN_POINT ( 'NONE',  ( -4.245156458918383890, 1.709017335549512406, -0.3962648973189313861 ) ) ;
#1619 = PRESENTATION_STYLE_ASSIGNMENT (( #4955 ) ) ;
#1620 = CARTESIAN_POINT ( 'NONE',  ( -1.508578643762690019, -0.9585786437626905299, 3.449999999999999734 ) ) ;
#1621 = CARTESIAN_POINT ( 'NONE',  ( 15.33060000000000223, 1.649999999999999911, -0.3499999999999999778 ) ) ;
#1622 = ORIENTED_EDGE ( 'NONE', *, *, #5973, .T. ) ;
#1623 = DIRECTION ( 'NONE',  ( 0.0000000000000000000, 0.0000000000000000000, 1.000000000000000000 ) ) ;
#1624 = ORIENTED_EDGE ( 'NONE', *, *, #3158, .F. ) ;
#1625 =( NAMED_UNIT ( * ) SI_UNIT ( $, .STERADIAN. ) SOLID_ANGLE_UNIT ( ) );
#1626 = ORIENTED_EDGE ( 'NONE', *, *, #331, .F. ) ;
#1627 = ADVANCED_FACE ( 'NONE', ( #1905 ), #1335, .T. ) ;
#1628 = DIRECTION ( 'NONE',  ( 0.0000000000000000000, -1.000000000000000000, -0.0000000000000000000 ) ) ;
#1629 = ORIENTED_EDGE ( 'NONE', *, *, #5662, .T. ) ;
#1630 = FILL_AREA_STYLE_COLOUR ( '', #694 ) ;
#1631 = ADVANCED_FACE ( 'NONE', ( #3270 ), #5195, .F. ) ;
#1632 = ORIENTED_EDGE ( 'NONE', *, *, #2417, .T. ) ;
#1633 = EDGE_CURVE ( 'NONE', #953, #4954, #1398, .T. ) ;
#1634 = DIRECTION ( 'NONE',  ( -0.0000000000000000000, 1.000000000000000000, 0.0000000000000000000 ) ) ;
#1635 = CARTESIAN_POINT ( 'NONE',  ( -2.700000000000000178, -1.449999999999999956, -2.049999999999999822 ) ) ;
#1636 = CARTESIAN_POINT ( 'NONE',  ( 2.100000000000000089, 1.080000000000000071, 0.9499999999999999556 ) ) ;
#1637 = EDGE_CURVE ( 'NONE', #1692, #1076, #6130, .T. ) ;
#1638 = EDGE_LOOP ( 'NONE', ( #4066, #4166, #1436, #5152 ) ) ;
#1639 = VECTOR ( 'NONE', #5744, 1000.000000000000000 ) ;
#1640 = EDGE_CURVE ( 'NONE', #4378, #1556, #4275, .T. ) ;
#1641 = SURFACE_SIDE_STYLE ('',( #3464 ) ) ;
#1642 = DIRECTION ( 'NONE',  ( -1.000000000000000000, 0.0000000000000000000, 0.0000000000000000000 ) ) ;
#1643 = ORIENTED_EDGE ( 'NONE', *, *, #2975, .T. ) ;
#1644 = SURFACE_SIDE_STYLE ('',( #3529 ) ) ;
#1645 = DIRECTION ( 'NONE',  ( -1.000000000000000000, 0.0000000000000000000, 0.0000000000000000000 ) ) ;
#1646 = FACE_OUTER_BOUND ( 'NONE', #3245, .T. ) ;
#1647 = ORIENTED_EDGE ( 'NONE', *, *, #23, .F. ) ;
#1648 = FACE_OUTER_BOUND ( 'NONE', #5439, .T. ) ;
#1649 = ORIENTED_EDGE ( 'NONE', *, *, #714, .F. ) ;
#1650 = AXIS2_PLACEMENT_3D ( 'NONE', #2578, #599, #2148 ) ;
#1651 = CARTESIAN_POINT ( 'NONE',  ( -0.3500000000000029199, -2.850000000000001865, -1.149999999999999911 ) ) ;
#1652 = CARTESIAN_POINT ( 'NONE',  ( 2.850000000000000089, 2.250000000000000444, -1.149999999999999911 ) ) ;
#1653 = CARTESIAN_POINT ( 'NONE',  ( 4.209017335549511074, 1.720710678118654968, -0.4207106781186545907 ) ) ;
#1654 = CIRCLE ( 'NONE', #5169, 0.1000000000000001443 ) ;
#1655 = CARTESIAN_POINT ( 'NONE',  ( 0.0000000000000000000, -1.449999999999999956, -1.750000000000000000 ) ) ;
#1656 = ORIENTED_EDGE ( 'NONE', *, *, #5766, .F. ) ;
#1657 = VERTEX_POINT ( 'NONE', #6158 ) ;
#1658 =( LENGTH_UNIT ( ) NAMED_UNIT ( * ) SI_UNIT ( .MILLI., .METRE. ) );
#1659 = MECHANICAL_DESIGN_GEOMETRIC_PRESENTATION_REPRESENTATION (  '', ( #3566 ), #290 ) ;
#1660 = CARTESIAN_POINT ( 'NONE',  ( 4.220710678118654968, 1.720710678118654968, 1.350000000000000089 ) ) ;
#1661 = VECTOR ( 'NONE', #2399, 1000.000000000000000 ) ;
#1662 = CARTESIAN_POINT ( 'NONE',  ( -0.1081305580360220620, 0.8579247153766718093, 3.449698510344444635 ) ) ;
#1663 = ORIENTED_EDGE ( 'NONE', *, *, #1832, .F. ) ;
#1664 = EDGE_CURVE ( 'NONE', #41, #3343, #2736, .T. ) ;
#1665 = CARTESIAN_POINT ( 'NONE',  ( 3.649999999999999911, 1.449999999999999956, -1.449999999999999956 ) ) ;
#1666 = VERTEX_POINT ( 'NONE', #6080 ) ;
#1667 = LINE ( 'NONE', #5495, #4623 ) ;
#1668 = CARTESIAN_POINT ( 'NONE',  ( 3.850000000000000089, -1.750000000000000000, -1.449999999999999956 ) ) ;
#1669 = VECTOR ( 'NONE', #3772, 1000.000000000000000 ) ;
#1670 = DIRECTION ( 'NONE',  ( -0.0000000000000000000, -0.0000000000000000000, -1.000000000000000000 ) ) ;
#1671 = EDGE_CURVE ( 'NONE', #5902, #5523, #4631, .T. ) ;
#1672 = FILL_AREA_STYLE_COLOUR ( '', #1176 ) ;
#1673 = ORIENTED_EDGE ( 'NONE', *, *, #637, .F. ) ;
#1674 = MECHANICAL_DESIGN_GEOMETRIC_PRESENTATION_REPRESENTATION (  '', ( #4070 ), #1986 ) ;
#1675 = CARTESIAN_POINT ( 'NONE',  ( 3.950000000000000178, 1.750000000000000000, -1.449999999999999956 ) ) ;
#1676 = CARTESIAN_POINT ( 'NONE',  ( -0.1015214975501227135, -0.8249844370188553766, 3.449990060700235173 ) ) ;
#1677 = ORIENTED_EDGE ( 'NONE', *, *, #1290, .F. ) ;
#1678 = CARTESIAN_POINT ( 'NONE',  ( -4.149999999999997691, -1.762164124680902777, -0.3199624396807845272 ) ) ;
#1679 = EDGE_CURVE ( 'NONE', #1611, #1304, #3664, .T. ) ;
#1680 =( GEOMETRIC_REPRESENTATION_CONTEXT ( 3 ) GLOBAL_UNCERTAINTY_ASSIGNED_CONTEXT ( ( #1128 ) ) GLOBAL_UNIT_ASSIGNED_CONTEXT ( ( #2048, #1714, #2954 ) ) REPRESENTATION_CONTEXT ( 'NONE', 'WORKASPACE' ) );
#1681 = ADVANCED_FACE ( 'NONE', ( #5151 ), #1322, .T. ) ;
#1682 = VECTOR ( 'NONE', #231, 1000.000000000000000 ) ;
#1683 = ORIENTED_EDGE ( 'NONE', *, *, #2970, .F. ) ;
#1684 = CIRCLE ( 'NONE', #314, 0.09999999999999982514 ) ;
#1685 = CARTESIAN_POINT ( 'NONE',  ( 2.100000000000000089, -1.750000000000000000, 1.449999999999999956 ) ) ;
#1686 = SURFACE_SIDE_STYLE ('',( #2756 ) ) ;
#1687 = CARTESIAN_POINT ( 'NONE',  ( 4.149999999999999467, -1.750000000000000000, 1.350000000000000311 ) ) ;
#1688 = VECTOR ( 'NONE', #1040, 1000.000000000000000 ) ;
#1689 = CIRCLE ( 'NONE', #2103, 0.09999999999999997780 ) ;
#1690 = CARTESIAN_POINT ( 'NONE',  ( 4.220041115078381644, 1.578626039772358158, 1.349999999999999867 ) ) ;
#1691 = ORIENTED_EDGE ( 'NONE', *, *, #5402, .F. ) ;
#1692 = VERTEX_POINT ( 'NONE', #4517 ) ;
#1693 = CIRCLE ( 'NONE', #5600, 0.1000000000000002554 ) ;
#1694 = LINE ( 'NONE', #5551, #3965 ) ;
#1695 = ORIENTED_EDGE ( 'NONE', *, *, #4346, .F. ) ;
#1696 = CARTESIAN_POINT ( 'NONE',  ( -0.7500000000000000000, 6.312599999999999767, 3.194642898114000484 ) ) ;
#1697 = ORIENTED_EDGE ( 'NONE', *, *, #705, .F. ) ;
#1698 = DIRECTION ( 'NONE',  ( 1.000000000000000000, 0.0000000000000000000, 0.0000000000000000000 ) ) ;
#1699 = DIRECTION ( 'NONE',  ( -0.0000000000000000000, -0.0000000000000000000, -1.000000000000000000 ) ) ;
#1700 = CARTESIAN_POINT ( 'NONE',  ( -3.890753094020497294, 1.607914060830242020, -1.449995558710895693 ) ) ;
#1701 = DIRECTION ( 'NONE',  ( -1.000000000000000000, 0.0000000000000000000, 0.0000000000000000000 ) ) ;
#1702 = ORIENTED_EDGE ( 'NONE', *, *, #1592, .T. ) ;
#1703 = DIRECTION ( 'NONE',  ( -0.0000000000000000000, 0.0000000000000000000, -1.000000000000000000 ) ) ;
#1704 = CARTESIAN_POINT ( 'NONE',  ( 3.920710678118654702, -1.720710678118654746, -1.350000000000000089 ) ) ;
#1705 = CARTESIAN_POINT ( 'NONE',  ( 4.250000000000000000, -4.549999999999999822, -1.449999999999999956 ) ) ;
#1706 = EDGE_CURVE ( 'NONE', #4568, #3712, #1694, .T. ) ;
#1707 = FILL_AREA_STYLE ('',( #4699 ) ) ;
#1708 =( BOUNDED_SURFACE ( )  B_SPLINE_SURFACE ( 3, 3, ( 
 ( #2619, #662, #3077, #2501 ),
 ( #5463, #4916, #4945, #1144 ),
 ( #2529, #3994, #691, #3587 ),
 ( #1577, #3048, #4974, #4491 ) ),
 .UNSPECIFIED., .F., .F., .F. ) 
 B_SPLINE_SURFACE_WITH_KNOTS ( ( 4, 4 ),
 ( 4, 4 ),
 ( 0.0000000000000000000, 1.000000000000000000 ),
 ( 0.0000000000000000000, 1.000000000000000000 ),
 .UNSPECIFIED. ) 
 GEOMETRIC_REPRESENTATION_ITEM ( )  RATIONAL_B_SPLINE_SURFACE ( (
 ( 1.000000000000000000, 0.8047378541243649375, 0.8047378541243649375, 1.000000000000000000),
 ( 0.8047378541243649375, 0.6476030138606876374, 0.6476030138606876374, 0.8047378541243649375),
 ( 0.8047378541243649375, 0.6476030138606876374, 0.6476030138606876374, 0.8047378541243649375),
 ( 1.000000000000000000, 0.8047378541243649375, 0.8047378541243649375, 1.000000000000000000) ) ) 
 REPRESENTATION_ITEM ( '' )  SURFACE ( )  );
#1709 = CIRCLE ( 'NONE', #542, 0.09999999999999982514 ) ;
#1710 = DIRECTION ( 'NONE',  ( -1.000000000000000000, 0.0000000000000000000, 0.0000000000000000000 ) ) ;
#1711 = ADVANCED_FACE ( 'NONE', ( #2151 ), #5490, .F. ) ;
#1712 = ORIENTED_EDGE ( 'NONE', *, *, #1605, .T. ) ;
#1713 = SURFACE_STYLE_USAGE ( .BOTH. , #6035 ) ;
#1714 =( NAMED_UNIT ( * ) PLANE_ANGLE_UNIT ( ) SI_UNIT ( $, .RADIAN. ) );
#1715 = VECTOR ( 'NONE', #5678, 1000.000000000000000 ) ;
#1716 = LINE ( 'NONE', #436, #3423 ) ;
#1717 = DIRECTION ( 'NONE',  ( 1.000000000000000000, -0.0000000000000000000, 0.0000000000000000000 ) ) ;
#1718 = VERTEX_POINT ( 'NONE', #6146 ) ;
#1719 = AXIS2_PLACEMENT_3D ( 'NONE', #4813, #2423, #2943 ) ;
#1720 = ADVANCED_FACE ( 'NONE', ( #5184 ), #5760, .T. ) ;
#1721 = ORIENTED_EDGE ( 'NONE', *, *, #6154, .F. ) ;
#1722 = DIRECTION ( 'NONE',  ( 1.000000000000000000, -0.0000000000000000000, 0.0000000000000000000 ) ) ;
#1723 = CARTESIAN_POINT ( 'NONE',  ( 0.0000000000000000000, 2.250000000000000444, 0.0000000000000000000 ) ) ;
#1724 = DIRECTION ( 'NONE',  ( 0.0000000000000000000, -0.0000000000000000000, 1.000000000000000000 ) ) ;
#1725 = ORIENTED_EDGE ( 'NONE', *, *, #5402, .T. ) ;
#1726 = LINE ( 'NONE', #1262, #2791 ) ;
#1727 = CARTESIAN_POINT ( 'NONE',  ( -3.920710678118655146, -1.650000000000000133, -1.420710678118654924 ) ) ;
#1728 = CARTESIAN_POINT ( 'NONE',  ( -3.920710678118655146, 1.720710678118654968, -1.409017335549510586 ) ) ;
#1729 = CARTESIAN_POINT ( 'NONE',  ( 3.950000000000000178, 1.649999999999999911, -1.449999999999999956 ) ) ;
#1730 = ORIENTED_EDGE ( 'NONE', *, *, #1532, .T. ) ;
#1731 = LINE ( 'NONE', #1421, #4286 ) ;
#1732 = LINE ( 'NONE', #4083, #4733 ) ;
#1733 = CARTESIAN_POINT ( 'NONE',  ( 4.250000000000000000, -1.449999999999999956, -1.449999999999999956 ) ) ;
#1734 = DIRECTION ( 'NONE',  ( -1.000000000000000000, 0.0000000000000000000, -0.0000000000000000000 ) ) ;
#1735 =( LENGTH_UNIT ( ) NAMED_UNIT ( * ) SI_UNIT ( .MILLI., .METRE. ) );
#1736 = CARTESIAN_POINT ( 'NONE',  ( 2.150000000000000799, 1.749999999999999778, -1.350000000000000089 ) ) ;
#1737 = VERTEX_POINT ( 'NONE', #2804 ) ;
#1738 = DIRECTION ( 'NONE',  ( -0.0000000000000000000, 1.000000000000000000, 0.0000000000000000000 ) ) ;
#1739 = DIRECTION ( 'NONE',  ( -0.0000000000000000000, -0.0000000000000000000, 1.000000000000000000 ) ) ;
#1740 = MECHANICAL_DESIGN_GEOMETRIC_PRESENTATION_REPRESENTATION (  '', ( #5549 ), #3847 ) ;
#1741 = CARTESIAN_POINT ( 'NONE',  ( -1.100000000000000089, -1.000000000000000000, 3.194642898114000040 ) ) ;
#1742 = CARTESIAN_POINT ( 'NONE',  ( 4.262164124680904109, 1.619962439680784572, 1.408901866519355561 ) ) ;
#1743 = VECTOR ( 'NONE', #335, 1000.000000000000000 ) ;
#1744 = ORIENTED_EDGE ( 'NONE', *, *, #1955, .T. ) ;
#1745 = EDGE_CURVE ( 'NONE', #3532, #2567, #2873, .T. ) ;
#1746 = CARTESIAN_POINT ( 'NONE',  ( 3.920710678118654702, -1.720710678118654968, -1.349999999999999423 ) ) ;
#1747 = ORIENTED_EDGE ( 'NONE', *, *, #485, .T. ) ;
#1748 = SURFACE_STYLE_FILL_AREA ( #465 ) ;
#1749 = DIRECTION ( 'NONE',  ( 0.0000000000000000000, 1.000000000000000000, 0.0000000000000000000 ) ) ;
#1750 = LINE ( 'NONE', #5578, #26 ) ;
#1751 = AXIS2_PLACEMENT_3D ( 'NONE', #5149, #4612, #5643 ) ;
#1752 = CARTESIAN_POINT ( 'NONE',  ( -2.700000000000000178, -1.449999999999999956, 0.0000000000000000000 ) ) ;
#1753 = ADVANCED_FACE ( 'NONE', ( #2888 ), #4068, .T. ) ;
#1754 = EDGE_CURVE ( 'NONE', #1047, #4401, #416, .T. ) ;
#1755 = CARTESIAN_POINT ( 'NONE',  ( -0.1112976793702053629, 0.8679224945514023570, 3.449432978928712590 ) ) ;
#1756 = VERTEX_POINT ( 'NONE', #4199 ) ;
#1757 = CARTESIAN_POINT ( 'NONE',  ( -1.699999999999999956, 1.000000000000000000, 3.194642898114000040 ) ) ;
#1758 = ORIENTED_EDGE ( 'NONE', *, *, #6160, .T. ) ;
#1759 = CARTESIAN_POINT ( 'NONE',  ( 4.220710678118654968, -1.650000000000000133, 1.420710678118654924 ) ) ;
#1760 = CARTESIAN_POINT ( 'NONE',  ( -3.950000000000000178, -1.650000000000000355, -0.5500000000000000444 ) ) ;
#1761 = CARTESIAN_POINT ( 'NONE',  ( -3.932842712474617919, -1.749999999999999778, -0.3500000000000009215 ) ) ;
#1762 = CARTESIAN_POINT ( 'NONE',  ( 0.2500000000000000000, -4.549999999999999822, 0.0000000000000000000 ) ) ;
#1763 = ORIENTED_EDGE ( 'NONE', *, *, #5020, .T. ) ;
#1764 = SURFACE_SIDE_STYLE ('',( #4628 ) ) ;
#1765 = VECTOR ( 'NONE', #5365, 1000.000000000000000 ) ;
#1766 = CARTESIAN_POINT ( 'NONE',  ( 3.920710678118654702, -1.720710678118654746, -1.349999999999999867 ) ) ;
#1767 = CARTESIAN_POINT ( 'NONE',  ( 4.049999999999999822, 1.750000000000000000, -0.3499999999999999223 ) ) ;
#1768 = PRESENTATION_LAYER_ASSIGNMENT (  '', '', ( #1171 ) ) ;
#1769 = DIRECTION ( 'NONE',  ( 0.0000000000000000000, 1.000000000000000000, 0.0000000000000000000 ) ) ;
#1770 = CARTESIAN_POINT ( 'NONE',  ( -1.350000000000000089, 1.000000000000000000, 3.350000000000000089 ) ) ;
#1771 = DIRECTION ( 'NONE',  ( -0.4472135954999564289, 0.8944271909999166326, 0.0000000000000000000 ) ) ;
#1772 = ORIENTED_EDGE ( 'NONE', *, *, #3699, .F. ) ;
#1773 = LINE ( 'NONE', #3246, #2614 ) ;
#1774 = CARTESIAN_POINT ( 'NONE',  ( -3.950000000000000178, 1.750000000000000000, -0.5500000000000000444 ) ) ;
#1775 = CARTESIAN_POINT ( 'NONE',  ( -4.250000000000000000, -1.650000000000000133, -0.3499999999999998113 ) ) ;
#1776 = AXIS2_PLACEMENT_3D ( 'NONE', #503, #4751, #1979 ) ;
#1777 = LINE ( 'NONE', #3723, #3021 ) ;
#1778 = AXIS2_PLACEMENT_3D ( 'NONE', #5896, #630, #3598 ) ;
#1779 = CARTESIAN_POINT ( 'NONE',  ( 4.191063282180844674, -1.750551775759738193, -0.3910632821808443516 ) ) ;
#1780 = EDGE_LOOP ( 'NONE', ( #2576, #756, #1622, #2181 ) ) ;
#1781 = DIRECTION ( 'NONE',  ( -1.000000000000000000, 0.0000000000000000000, 0.0000000000000000000 ) ) ;
#1782 = ORIENTED_EDGE ( 'NONE', *, *, #5282, .T. ) ;
#1783 = SURFACE_SIDE_STYLE ('',( #4157 ) ) ;
#1784 = CARTESIAN_POINT ( 'NONE',  ( 2.250000000000000444, -3.049999999999999378, -1.149999999999999911 ) ) ;
#1785 = CARTESIAN_POINT ( 'NONE',  ( -4.150000000000000355, 1.750000000000000000, 0.0000000000000000000 ) ) ;
#1786 = COLOUR_RGB ( '',0.9294117647058823817, 0.9294117647058823817, 0.9372549019607843146 ) ;
#1787 = DIRECTION ( 'NONE',  ( 0.0000000000000000000, 1.000000000000000000, 0.0000000000000000000 ) ) ;
#1788 = EDGE_CURVE ( 'NONE', #4833, #1215, #2667, .T. ) ;
#1789 = CARTESIAN_POINT ( 'NONE',  ( -0.1001672890914957204, 0.8094368937746525550, 3.450000413567392954 ) ) ;
#1790 = VERTEX_POINT ( 'NONE', #5645 ) ;
#1791 = VECTOR ( 'NONE', #1500, 1000.000000000000000 ) ;
#1792 = DIRECTION ( 'NONE',  ( 0.0000000000000000000, 0.0000000000000000000, -1.000000000000000000 ) ) ;
#1793 = ORIENTED_EDGE ( 'NONE', *, *, #6040, .T. ) ;
#1794 = STYLED_ITEM ( 'NONE', ( #2088 ), #3871 ) ;
#1795 = DIRECTION ( 'NONE',  ( 1.000000000000000000, -0.0000000000000000000, 0.0000000000000000000 ) ) ;
#1796 = ORIENTED_EDGE ( 'NONE', *, *, #177, .F. ) ;
#1797 = EDGE_CURVE ( 'NONE', #1154, #5969, #1350, .T. ) ;
#1798 = CARTESIAN_POINT ( 'NONE',  ( -3.920710678118655146, -1.650000000000000133, -1.420710678118654924 ) ) ;
#1799 = ADVANCED_FACE ( 'NONE', ( #1384 ), #1924, .F. ) ;
#1800 = CARTESIAN_POINT ( 'NONE',  ( -4.150000000000000355, 1.649999999999999911, -0.3499999999999999778 ) ) ;
#1801 = ADVANCED_FACE ( 'NONE', ( #3946 ), #3538, .T. ) ;
#1802 = CARTESIAN_POINT ( 'NONE',  ( -3.949999999999999734, -1.708578643762690419, -0.5500000000000010436 ) ) ;
#1803 = DIRECTION ( 'NONE',  ( -1.000000000000000000, -0.0000000000000000000, -0.0000000000000000000 ) ) ;
#1804 = ORIENTED_EDGE ( 'NONE', *, *, #1925, .T. ) ;
#1805 = EDGE_CURVE ( 'NONE', #2798, #4055, #3978, .T. ) ;
#1806 = FACE_OUTER_BOUND ( 'NONE', #4038, .T. ) ;
#1807 = PRESENTATION_STYLE_ASSIGNMENT (( #2845 ) ) ;
#1808 = DIRECTION ( 'NONE',  ( -1.000000000000000000, 0.0000000000000000000, -0.0000000000000000000 ) ) ;
#1809 = DIRECTION ( 'NONE',  ( -0.4472135954999979512, 0.8944271909998958714, 0.0000000000000000000 ) ) ;
#1810 = DIRECTION ( 'NONE',  ( 0.0000000000000000000, -1.000000000000000000, 0.0000000000000000000 ) ) ;
#1811 = CARTESIAN_POINT ( 'NONE',  ( -4.208901866519354051, 1.619962439680783906, 1.462164124680903621 ) ) ;
#1812 = CARTESIAN_POINT ( 'NONE',  ( -1.699999999999999956, -1.000000000000000000, 3.294642898114000129 ) ) ;
#1813 = DIRECTION ( 'NONE',  ( 0.0000000000000000000, -1.000000000000000000, 0.0000000000000000000 ) ) ;
#1814 = DIRECTION ( 'NONE',  ( 0.0000000000000000000, 0.0000000000000000000, 1.000000000000000000 ) ) ;
#1815 = ORIENTED_EDGE ( 'NONE', *, *, #782, .F. ) ;
#1816 = DIRECTION ( 'NONE',  ( 0.0000000000000000000, 0.0000000000000000000, -1.000000000000000000 ) ) ;
#1817 = AXIS2_PLACEMENT_3D ( 'NONE', #5794, #3412, #4779 ) ;
#1818 = DIRECTION ( 'NONE',  ( -0.0000000000000000000, -1.000000000000000000, 0.0000000000000000000 ) ) ;
#1819 = VECTOR ( 'NONE', #2295, 1000.000000000000000 ) ;
#1820 = CARTESIAN_POINT ( 'NONE',  ( 3.945156458918385844, 1.709017335549510852, -1.396264897318924003 ) ) ;
#1821 = DIRECTION ( 'NONE',  ( 0.0000000000000000000, -1.000000000000000000, 0.0000000000000000000 ) ) ;
#1822 = VERTEX_POINT ( 'NONE', #4347 ) ;
#1823 = DIRECTION ( 'NONE',  ( 0.0000000000000000000, 0.0000000000000000000, 1.000000000000000000 ) ) ;
#1824 = ADVANCED_FACE ( 'NONE', ( #124 ), #4473, .T. ) ;
#1825 = ORIENTED_EDGE ( 'NONE', *, *, #1551, .T. ) ;
#1826 = CARTESIAN_POINT ( 'NONE',  ( -3.849333577425370301, -1.749995558710895516, -1.349333577425370079 ) ) ;
#1827 = DIRECTION ( 'NONE',  ( 0.0000000000000000000, 0.0000000000000000000, -1.000000000000000000 ) ) ;
#1828 = EDGE_CURVE ( 'NONE', #1756, #1608, #4958, .T. ) ;
#1829 = DIRECTION ( 'NONE',  ( 0.0000000000000000000, 0.0000000000000000000, -1.000000000000000000 ) ) ;
#1830 = DIRECTION ( 'NONE',  ( -0.0000000000000000000, -1.000000000000000000, -0.0000000000000000000 ) ) ;
#1831 = ORIENTED_EDGE ( 'NONE', *, *, #4022, .F. ) ;
#1832 = EDGE_CURVE ( 'NONE', #1666, #1246, #561, .T. ) ;
#1833 = CARTESIAN_POINT ( 'NONE',  ( 3.890753094020497738, -1.607914060830242020, -1.449995558710895249 ) ) ;
#1834 = CARTESIAN_POINT ( 'NONE',  ( -0.2500000000000002220, -1.750000000000000000, -1.449999999999999956 ) ) ;
#1835 = EDGE_CURVE ( 'NONE', #4096, #5483, #880, .T. ) ;
#1836 = EDGE_CURVE ( 'NONE', #3940, #536, #2483, .T. ) ;
#1837 = FACE_OUTER_BOUND ( 'NONE', #4703, .T. ) ;
#1838 = LINE ( 'NONE', #2230, #3295 ) ;
#1839 = CARTESIAN_POINT ( 'NONE',  ( 15.33060000000000223, -1.649999999999999911, 1.450000000000000178 ) ) ;
#1840 = CARTESIAN_POINT ( 'NONE',  ( -4.249995558710894628, 1.607914060830241132, 1.390753094020497738 ) ) ;
#1841 = DIRECTION ( 'NONE',  ( -1.000000000000000000, 0.0000000000000000000, 0.0000000000000000000 ) ) ;
#1842 = CARTESIAN_POINT ( 'NONE',  ( 3.920710678118656034, 1.650000000000000799, -1.420710678118655146 ) ) ;
#1843 = DIRECTION ( 'NONE',  ( 0.0000000000000000000, 0.0000000000000000000, -1.000000000000000000 ) ) ;
#1844 = VERTEX_POINT ( 'NONE', #2114 ) ;
#1845 = CARTESIAN_POINT ( 'NONE',  ( -2.149999999999999911, -2.850000000000000089, -1.449999999999999956 ) ) ;
#1846 = ORIENTED_EDGE ( 'NONE', *, *, #2296, .F. ) ;
#1847 = PRESENTATION_LAYER_ASSIGNMENT (  '', '', ( #2160 ) ) ;
#1848 = PRESENTATION_STYLE_ASSIGNMENT (( #4193 ) ) ;
#1849 = CARTESIAN_POINT ( 'NONE',  ( -4.119962439680776356, -1.708901866519355606, 1.462164124680900290 ) ) ;
#1850 = DIRECTION ( 'NONE',  ( 1.000000000000000000, 0.0000000000000000000, 0.0000000000000000000 ) ) ;
#1851 = LINE ( 'NONE', #3634, #3818 ) ;
#1852 = AXIS2_PLACEMENT_3D ( 'NONE', #2060, #5381, #2505 ) ;
#1853 = CARTESIAN_POINT ( 'NONE',  ( -2.250000000000000444, -4.549999999999999822, -1.149999999999999911 ) ) ;
#1854 = ORIENTED_EDGE ( 'NONE', *, *, #5773, .T. ) ;
#1855 = FILL_AREA_STYLE_COLOUR ( '', #3377 ) ;
#1856 = CARTESIAN_POINT ( 'NONE',  ( -0.8000000000000000444, 1.000000000000000000, 3.294642898114000129 ) ) ;
#1857 = ORIENTED_EDGE ( 'NONE', *, *, #5128, .T. ) ;
#1858 = CARTESIAN_POINT ( 'NONE',  ( 0.3499999999999999778, 2.250000000000000444, -1.149999999999999911 ) ) ;
#1859 = AXIS2_PLACEMENT_3D ( 'NONE', #1856, #3888, #5740 ) ;
#1860 = VECTOR ( 'NONE', #51, 1000.000000000000000 ) ;
#1861 = CIRCLE ( 'NONE', #5758, 0.1000000000000000472 ) ;
#1862 = CARTESIAN_POINT ( 'NONE',  ( -1.841867708917649837, 0.9538718733130052696, 3.432797400023169132 ) ) ;
#1863 = FACE_OUTER_BOUND ( 'NONE', #2119, .T. ) ;
#1864 = ORIENTED_EDGE ( 'NONE', *, *, #1640, .T. ) ;
#1865 = CARTESIAN_POINT ( 'NONE',  ( -4.250551775759736195, -1.649413372940462308, -0.4327131914212249408 ) ) ;
#1866 = CARTESIAN_POINT ( 'NONE',  ( -1.000000000000000444, 0.9000000000000000222, 3.449999999999999734 ) ) ;
#1867 = FACE_OUTER_BOUND ( 'NONE', #5243, .T. ) ;
#1868 = AXIS2_PLACEMENT_3D ( 'NONE', #115, #2534, #4427 ) ;
#1869 = EDGE_CURVE ( 'NONE', #1950, #5160, #5827, .T. ) ;
#1870 = CARTESIAN_POINT ( 'NONE',  ( -0.2000000000000000111, 1.000000000000000000, 3.294642898114000129 ) ) ;
#1871 = VECTOR ( 'NONE', #6139, 1000.000000000000000 ) ;
#1872 = SURFACE_SIDE_STYLE ('',( #4249 ) ) ;
#1873 = DIRECTION ( 'NONE',  ( 0.0000000000000000000, 0.0000000000000000000, 1.000000000000000000 ) ) ;
#1874 = ORIENTED_EDGE ( 'NONE', *, *, #3203, .F. ) ;
#1875 = CARTESIAN_POINT ( 'NONE',  ( -2.000000000000000000, 0.7999999995705000533, 0.9499999999999999556 ) ) ;
#1876 = CARTESIAN_POINT ( 'NONE',  ( 0.3499999999999998113, 1.649999999999999911, -1.449999999999999956 ) ) ;
#1877 = CARTESIAN_POINT ( 'NONE',  ( -1.800000000000000266, -0.8000000000000000444, 0.9499999999999995115 ) ) ;
#1878 = EDGE_CURVE ( 'NONE', #5902, #2891, #4463, .T. ) ;
#1879 = EDGE_CURVE ( 'NONE', #3316, #4804, #2510, .T. ) ;
#1880 = CIRCLE ( 'NONE', #100, 0.1000000000000000472 ) ;
#1881 = UNCERTAINTY_MEASURE_WITH_UNIT (LENGTH_MEASURE( 1.000000000000000082E-05 ), #4564, 'distance_accuracy_value', 'NONE');
#1882 = ORIENTED_EDGE ( 'NONE', *, *, #4876, .F. ) ;
#1883 = ORIENTED_EDGE ( 'NONE', *, *, #2073, .F. ) ;
#1884 = CARTESIAN_POINT ( 'NONE',  ( 4.149999999999999467, 1.749999999999999778, 1.349999999999988320 ) ) ;
#1885 = ORIENTED_EDGE ( 'NONE', *, *, #1640, .F. ) ;
#1886 = VECTOR ( 'NONE', #3066, 1000.000000000000000 ) ;
#1887 = PLANE ( 'NONE',  #317 ) ;
#1888 =( BOUNDED_SURFACE ( )  B_SPLINE_SURFACE ( 3, 3, ( 
 ( #201, #1213, #5905, #5465 ),
 ( #229, #3108, #2129, #4422 ),
 ( #1178, #5409, #4946, #5007 ),
 ( #2993, #3960, #4024, #4917 ) ),
 .UNSPECIFIED., .F., .F., .F. ) 
 B_SPLINE_SURFACE_WITH_KNOTS ( ( 4, 4 ),
 ( 4, 4 ),
 ( 0.0000000000000000000, 1.000000000000000000 ),
 ( 0.0000000000000000000, 1.000000000000000000 ),
 .UNSPECIFIED. ) 
 GEOMETRIC_REPRESENTATION_ITEM ( )  RATIONAL_B_SPLINE_SURFACE ( (
 ( 1.000000000000000000, 0.8047378541243660477, 0.8047378541243660477, 1.000000000000000000),
 ( 0.8025111867385914532, 0.6458111303268124770, 0.6458111303268124770, 0.8025111867385914532),
 ( 0.8025111867385914532, 0.6458111303268124770, 0.6458111303268124770, 0.8025111867385914532),
 ( 1.000000000000000000, 0.8047378541243660477, 0.8047378541243660477, 1.000000000000000000) ) ) 
 REPRESENTATION_ITEM ( '' )  SURFACE ( )  );
#1889 = SURFACE_STYLE_USAGE ( .BOTH. , #976 ) ;
#1890 = PRESENTATION_STYLE_ASSIGNMENT (( #5361 ) ) ;
#1891 = CARTESIAN_POINT ( 'NONE',  ( 3.850000000000000089, -1.649999999999999911, -0.5500000000000001554 ) ) ;
#1892 = ORIENTED_EDGE ( 'NONE', *, *, #3661, .F. ) ;
#1893 = LINE ( 'NONE', #3798, #4472 ) ;
#1894 = CARTESIAN_POINT ( 'NONE',  ( -0.2000000000000000111, 1.000000000000000000, 3.294642898114000129 ) ) ;
#1895 = CARTESIAN_POINT ( 'NONE',  ( 4.184571554749778599, 1.762442236293276565, -0.3789791199440332159 ) ) ;
#1896 = ORIENTED_EDGE ( 'NONE', *, *, #2604, .F. ) ;
#1897 = VECTOR ( 'NONE', #4559, 1000.000000000000000 ) ;
#1898 = STYLED_ITEM ( 'NONE', ( #783 ), #3600 ) ;
#1899 = CARTESIAN_POINT ( 'NONE',  ( 4.049999999999999822, 1.649999999999999911, -0.4500000000000001221 ) ) ;
#1900 = DIRECTION ( 'NONE',  ( -0.0000000000000000000, -0.0000000000000000000, 1.000000000000000000 ) ) ;
#1901 = STYLED_ITEM ( 'NONE', ( #1256 ), #3974 ) ;
#1902 = CARTESIAN_POINT ( 'NONE',  ( -1.100000000000000089, -1.000000000000000000, 3.701099892519000178 ) ) ;
#1903 = ORIENTED_EDGE ( 'NONE', *, *, #705, .T. ) ;
#1904 = LINE ( 'NONE', #1429, #445 ) ;
#1905 = FACE_OUTER_BOUND ( 'NONE', #596, .T. ) ;
#1906 = CARTESIAN_POINT ( 'NONE',  ( -1.199999999999999956, 1.000000000000000000, 3.194642898114000040 ) ) ;
#1907 = CIRCLE ( 'NONE', #5799, 0.09999999999999982514 ) ;
#1908 = CARTESIAN_POINT ( 'NONE',  ( 3.649999999999999911, -1.449999999999999956, -2.049999999999999822 ) ) ;
#1909 = CARTESIAN_POINT ( 'NONE',  ( -4.150000000000000355, -1.750000000000000000, 0.0000000000000000000 ) ) ;
#1910 = LINE ( 'NONE', #55, #1161 ) ;
#1911 = EDGE_CURVE ( 'NONE', #3232, #4772, #3413, .T. ) ;
#1912 = CARTESIAN_POINT ( 'NONE',  ( 3.850000000000000089, -1.649999999999999911, -1.350000000000000533 ) ) ;
#1913 = ORIENTED_EDGE ( 'NONE', *, *, #5585, .T. ) ;
#1914 = CIRCLE ( 'NONE', #5414, 0.1000000000000002554 ) ;
#1915 = EDGE_CURVE ( 'NONE', #352, #5357, #5889, .T. ) ;
#1916 = LINE ( 'NONE', #2797, #5688 ) ;
#1917 = ORIENTED_EDGE ( 'NONE', *, *, #714, .T. ) ;
#1918 = DIRECTION ( 'NONE',  ( 1.000000000000000000, -0.0000000000000000000, 0.0000000000000000000 ) ) ;
#1919 = CARTESIAN_POINT ( 'NONE',  ( -4.107914060830239578, -1.749995558710894850, 1.390753094020493963 ) ) ;
#1920 = CIRCLE ( 'NONE', #3012, 0.1000000000000000194 ) ;
#1921 = DIRECTION ( 'NONE',  ( 0.0000000000000000000, 0.0000000000000000000, 1.000000000000000000 ) ) ;
#1922 = LINE ( 'NONE', #3796, #1419 ) ;
#1923 = EDGE_CURVE ( 'NONE', #3457, #341, #2945, .T. ) ;
#1924 = PLANE ( 'NONE',  #5869 ) ;
#1925 = EDGE_CURVE ( 'NONE', #2260, #953, #402, .T. ) ;
#1926 =( BOUNDED_CURVE ( )  B_SPLINE_CURVE ( 3, ( #848, #3645, #1334, #5596 ),
 .UNSPECIFIED., .F., .T. ) 
 B_SPLINE_CURVE_WITH_KNOTS ( ( 4, 4 ),
 ( 0.0000000000000000000, 1.570796326794896558 ),
 .UNSPECIFIED. ) 
 CURVE ( )  GEOMETRIC_REPRESENTATION_ITEM ( )  RATIONAL_B_SPLINE_CURVE ( ( 1.000000000000000000, 0.8047378541243649375, 0.8047378541243649375, 1.000000000000000000 ) ) 
 REPRESENTATION_ITEM ( '' )  );
#1927 = DIRECTION ( 'NONE',  ( -0.0000000000000000000, 1.000000000000000000, -0.0000000000000000000 ) ) ;
#1928 = ORIENTED_EDGE ( 'NONE', *, *, #3862, .F. ) ;
#1929 = ORIENTED_EDGE ( 'NONE', *, *, #5779, .T. ) ;
#1930 = DIRECTION ( 'NONE',  ( 0.0000000000000000000, 1.000000000000000000, 0.0000000000000000000 ) ) ;
#1931 = CARTESIAN_POINT ( 'NONE',  ( 2.749999999999991118, -3.049999999999995381, -1.149999999999999911 ) ) ;
#1932 = AXIS2_PLACEMENT_3D ( 'NONE', #5388, #5052, #4035 ) ;
#1933 = DIRECTION ( 'NONE',  ( 1.000000000000000000, 0.0000000000000000000, 0.0000000000000000000 ) ) ;
#1934 = CARTESIAN_POINT ( 'NONE',  ( -3.920710678118655590, 1.720710678118655634, -1.350000000000000089 ) ) ;
#1935 = ORIENTED_EDGE ( 'NONE', *, *, #5316, .T. ) ;
#1936 = DIRECTION ( 'NONE',  ( 1.000000000000000000, 0.0000000000000000000, 0.0000000000000000000 ) ) ;
#1937 = DIRECTION ( 'NONE',  ( 0.0000000000000000000, 1.000000000000000000, 0.0000000000000000000 ) ) ;
#1938 = CARTESIAN_POINT ( 'NONE',  ( -2.850000000000000089, -2.850000000000000089, -1.149999999999999911 ) ) ;
#1939 = CARTESIAN_POINT ( 'NONE',  ( 3.991421356237308871, -1.708578643762690641, -0.4499999999999998446 ) ) ;
#1940 = ORIENTED_EDGE ( 'NONE', *, *, #4834, .F. ) ;
#1941 = ADVANCED_FACE ( 'NONE', ( #5856 ), #5994, .T. ) ;
#1942 = CARTESIAN_POINT ( 'NONE',  ( -0.8000000000000000444, 1.000000000000000000, 3.194642898114000040 ) ) ;
#1943 = ORIENTED_EDGE ( 'NONE', *, *, #5214, .F. ) ;
#1944 = DIRECTION ( 'NONE',  ( 1.000000000000000000, -0.0000000000000000000, 0.0000000000000000000 ) ) ;
#1945 = CARTESIAN_POINT ( 'NONE',  ( -3.947263992460110948, 1.749999999999999778, -0.3695262145875634618 ) ) ;
#1946 =( NAMED_UNIT ( * ) SI_UNIT ( $, .STERADIAN. ) SOLID_ANGLE_UNIT ( ) );
#1947 = CARTESIAN_POINT ( 'NONE',  ( 3.890753094020496849, 1.749995558710894850, -1.307914060830241532 ) ) ;
#1948 = AXIS2_PLACEMENT_3D ( 'NONE', #102, #1933, #4271 ) ;
#1949 = CARTESIAN_POINT ( 'NONE',  ( -2.149999999999999911, 2.250000000000000444, -1.149999999999999911 ) ) ;
#1950 = VERTEX_POINT ( 'NONE', #829 ) ;
#1951 =( NAMED_UNIT ( * ) PLANE_ANGLE_UNIT ( ) SI_UNIT ( $, .RADIAN. ) );
#1952 = CARTESIAN_POINT ( 'NONE',  ( 3.950000000000000178, 1.650000000000000133, -1.350000000000000311 ) ) ;
#1953 = VERTEX_POINT ( 'NONE', #1226 ) ;
#1954 = DIRECTION ( 'NONE',  ( -0.0000000000000000000, 0.0000000000000000000, 1.000000000000000000 ) ) ;
#1955 = EDGE_CURVE ( 'NONE', #2079, #2260, #3264, .T. ) ;
#1956 = VECTOR ( 'NONE', #3179, 1000.000000000000000 ) ;
#1957 = ADVANCED_FACE ( 'NONE', ( #4608 ), #5556, .T. ) ;
#1958 = SURFACE_STYLE_FILL_AREA ( #4359 ) ;
#1959 = CARTESIAN_POINT ( 'NONE',  ( -3.920710678118655590, 1.720710678118655856, -1.409017335549510808 ) ) ;
#1960 = VERTEX_POINT ( 'NONE', #4505 ) ;
#1961 = CARTESIAN_POINT ( 'NONE',  ( -4.150000000000001243, -1.720710678118654968, -0.4207106781186544797 ) ) ;
#1962 = LINE ( 'NONE', #3872, #2895 ) ;
#1963 = STYLED_ITEM ( 'NONE', ( #1531 ), #1225 ) ;
#1964 = CARTESIAN_POINT ( 'NONE',  ( -1.891794794632179144, 0.9589421712855115132, 3.450554240855212562 ) ) ;
#1965 = VERTEX_POINT ( 'NONE', #4063 ) ;
#1966 = AXIS2_PLACEMENT_3D ( 'NONE', #2165, #2649, #3084 ) ;
#1967 = SURFACE_SIDE_STYLE ('',( #4798 ) ) ;
#1968 = CARTESIAN_POINT ( 'NONE',  ( -15.33060000000000223, 1.750000000000000000, 1.350000000000000089 ) ) ;
#1969 = CARTESIAN_POINT ( 'NONE',  ( 3.991421356237309315, -1.650000000000000577, -0.4500000000000000111 ) ) ;
#1970 = AXIS2_PLACEMENT_3D ( 'NONE', #2012, #5795, #681 ) ;
#1971 = EDGE_LOOP ( 'NONE', ( #6151, #1427, #5347, #1477 ) ) ;
#1972 = ORIENTED_EDGE ( 'NONE', *, *, #1266, .F. ) ;
#1973 = FACE_OUTER_BOUND ( 'NONE', #2611, .T. ) ;
#1974 =( GEOMETRIC_REPRESENTATION_CONTEXT ( 3 ) GLOBAL_UNCERTAINTY_ASSIGNED_CONTEXT ( ( #4431 ) ) GLOBAL_UNIT_ASSIGNED_CONTEXT ( ( #1088, #2958, #5929 ) ) REPRESENTATION_CONTEXT ( 'NONE', 'WORKASPACE' ) );
#1975 = DIRECTION ( 'NONE',  ( 1.000000000000000000, 0.0000000000000000000, 0.0000000000000000000 ) ) ;
#1976 = MECHANICAL_DESIGN_GEOMETRIC_PRESENTATION_REPRESENTATION (  '', ( #5085 ), #1974 ) ;
#1977 = DIRECTION ( 'NONE',  ( 1.000000000000000000, -0.0000000000000000000, 0.0000000000000000000 ) ) ;
#1978 = ORIENTED_EDGE ( 'NONE', *, *, #3979, .F. ) ;
#1979 = DIRECTION ( 'NONE',  ( 0.0000000000000000000, 0.0000000000000000000, 1.000000000000000000 ) ) ;
#1980 = VERTEX_POINT ( 'NONE', #4124 ) ;
#1981 = DIRECTION ( 'NONE',  ( 1.836970198721029688E-16, 0.0000000000000000000, 1.000000000000000000 ) ) ;
#1982 = ORIENTED_EDGE ( 'NONE', *, *, #2493, .T. ) ;
#1983 = DIRECTION ( 'NONE',  ( -0.0000000000000000000, -1.000000000000000000, 0.0000000000000000000 ) ) ;
#1984 = EDGE_CURVE ( 'NONE', #1246, #2721, #4538, .T. ) ;
#1985 = CARTESIAN_POINT ( 'NONE',  ( 3.649999999999999911, 0.8500000000000000888, -1.449999999999999956 ) ) ;
#1986 =( GEOMETRIC_REPRESENTATION_CONTEXT ( 3 ) GLOBAL_UNCERTAINTY_ASSIGNED_CONTEXT ( ( #5383 ) ) GLOBAL_UNIT_ASSIGNED_CONTEXT ( ( #5305, #4294, #1012 ) ) REPRESENTATION_CONTEXT ( 'NONE', 'WORKASPACE' ) );
#1987 = ORIENTED_EDGE ( 'NONE', *, *, #3521, .T. ) ;
#1988 = AXIS2_PLACEMENT_3D ( 'NONE', #5273, #2514, #4386 ) ;
#1989 = LINE ( 'NONE', #2925, #5679 ) ;
#1990 = EDGE_CURVE ( 'NONE', #87, #2058, #245, .T. ) ;
#1991 = ORIENTED_EDGE ( 'NONE', *, *, #5771, .T. ) ;
#1992 = STYLED_ITEM ( 'NONE', ( #1369 ), #3235 ) ;
#1993 = DIRECTION ( 'NONE',  ( 0.0000000000000000000, 0.0000000000000000000, 1.000000000000000000 ) ) ;
#1994 = DIRECTION ( 'NONE',  ( -0.0000000000000000000, 1.000000000000000000, -0.0000000000000000000 ) ) ;
#1995 = STYLED_ITEM ( 'NONE', ( #5611 ), #4668 ) ;
#1996 = VECTOR ( 'NONE', #2934, 1000.000000000000000 ) ;
#1997 = CARTESIAN_POINT ( 'NONE',  ( -3.850000000000000089, -1.649999999999999911, 10.61979999999999968 ) ) ;
#1998 = CARTESIAN_POINT ( 'NONE',  ( 4.150000000000000355, -6.312599999999999767, -0.4500000000000000111 ) ) ;
#1999 = EDGE_CURVE ( 'NONE', #2587, #3886, #799, .T. ) ;
#2000 = EDGE_LOOP ( 'NONE', ( #3819, #2400, #5299, #1351, #3406 ) ) ;
#2001 = DIRECTION ( 'NONE',  ( 0.8944271909998958714, 0.4472135954999979512, -0.0000000000000000000 ) ) ;
#2002 = VECTOR ( 'NONE', #3356, 1000.000000000000000 ) ;
#2003 = FILL_AREA_STYLE ('',( #2876 ) ) ;
#2004 = DIRECTION ( 'NONE',  ( 1.000000000000000000, -0.0000000000000000000, 0.0000000000000000000 ) ) ;
#2005 = UNCERTAINTY_MEASURE_WITH_UNIT (LENGTH_MEASURE( 1.000000000000000082E-05 ), #272, 'distance_accuracy_value', 'NONE');
#2006 = VECTOR ( 'NONE', #1244, 1000.000000000000000 ) ;
#2007 = ORIENTED_EDGE ( 'NONE', *, *, #3836, .F. ) ;
#2008 = ORIENTED_EDGE ( 'NONE', *, *, #2021, .T. ) ;
#2009 = FILL_AREA_STYLE_COLOUR ( '', #4290 ) ;
#2010 = FILL_AREA_STYLE ('',( #2110 ) ) ;
#2011 = DIRECTION ( 'NONE',  ( 0.7071067811865475727, 0.0000000000000000000, -0.7071067811865475727 ) ) ;
#2012 = CARTESIAN_POINT ( 'NONE',  ( -1.800000000000000266, -0.8000000000000000444, 3.350000000000000533 ) ) ;
#2013 = EDGE_LOOP ( 'NONE', ( #496, #1913, #5906, #4659 ) ) ;
#2014 = DIRECTION ( 'NONE',  ( 0.0000000000000000000, -0.7071067811865483499, -0.7071067811865466846 ) ) ;
#2015 = ORIENTED_EDGE ( 'NONE', *, *, #5135, .F. ) ;
#2016 = FILL_AREA_STYLE ('',( #129 ) ) ;
#2017 = CARTESIAN_POINT ( 'NONE',  ( -2.149999999999999911, -2.850000000000000089, -1.149999999999999911 ) ) ;
#2018 = VECTOR ( 'NONE', #3091, 1000.000000000000000 ) ;
#2019 = ORIENTED_EDGE ( 'NONE', *, *, #4045, .T. ) ;
#2020 = CARTESIAN_POINT ( 'NONE',  ( -3.849333577425369857, -1.749995558710895072, -1.349333577425370079 ) ) ;
#2021 = EDGE_CURVE ( 'NONE', #3712, #2429, #5592, .T. ) ;
#2022 = EDGE_LOOP ( 'NONE', ( #4892, #399, #209, #5910 ) ) ;
#2023 = CARTESIAN_POINT ( 'NONE',  ( 2.149999999999999911, 1.749999999999999778, -1.449999999999999956 ) ) ;
#2024 = CIRCLE ( 'NONE', #5418, 0.09999999999999982514 ) ;
#2025 = CARTESIAN_POINT ( 'NONE',  ( -2.100000000000000089, -1.080000000000000071, 0.9499999999999999556 ) ) ;
#2026 = EDGE_CURVE ( 'NONE', #4327, #1228, #4363, .T. ) ;
#2027 = LINE ( 'NONE', #5006, #4546 ) ;
#2028 = ADVANCED_FACE ( 'NONE', ( #3755 ), #2766, .T. ) ;
#2029 = PLANE ( 'NONE',  #4274 ) ;
#2030 = VERTEX_POINT ( 'NONE', #4849 ) ;
#2031 = ORIENTED_EDGE ( 'NONE', *, *, #5654, .F. ) ;
#2032 = LINE ( 'NONE', #3000, #1073 ) ;
#2033 = CARTESIAN_POINT ( 'NONE',  ( -0.2000000000000000111, 1.000000000000000000, 3.194642898114000040 ) ) ;
#2034 = EDGE_CURVE ( 'NONE', #1602, #6074, #1372, .T. ) ;
#2035 = EDGE_CURVE ( 'NONE', #1219, #294, #577, .T. ) ;
#2036 = ORIENTED_EDGE ( 'NONE', *, *, #4897, .T. ) ;
#2037 = SURFACE_STYLE_USAGE ( .BOTH. , #3408 ) ;
#2038 = ORIENTED_EDGE ( 'NONE', *, *, #2376, .F. ) ;
#2039 =( NAMED_UNIT ( * ) SI_UNIT ( $, .STERADIAN. ) SOLID_ANGLE_UNIT ( ) );
#2040 = DIRECTION ( 'NONE',  ( -0.0000000000000000000, 1.000000000000000000, -0.0000000000000000000 ) ) ;
#2041 = CARTESIAN_POINT ( 'NONE',  ( -0.2000000000000000111, 0.9999999999998989697, 3.350000000000000533 ) ) ;
#2042 = DIRECTION ( 'NONE',  ( -1.000000000000000000, 0.0000000000000000000, 0.0000000000000000000 ) ) ;
#2043 = EDGE_LOOP ( 'NONE', ( #1023, #5791, #3504, #816, #5343, #1068, #3596, #5466, #356, #5967, #967, #912, #4715, #1136, #682, #1935, #4644, #3061, #1017, #5055, #5435, #5235, #552, #5919 ) ) ;
#2044 = LINE ( 'NONE', #5797, #2583 ) ;
#2045 = ORIENTED_EDGE ( 'NONE', *, *, #4672, .F. ) ;
#2046 = DIRECTION ( 'NONE',  ( 0.0000000000000000000, 0.0000000000000000000, -1.000000000000000000 ) ) ;
#2047 = ORIENTED_EDGE ( 'NONE', *, *, #4476, .F. ) ;
#2048 =( LENGTH_UNIT ( ) NAMED_UNIT ( * ) SI_UNIT ( .MILLI., .METRE. ) );
#2049 = CARTESIAN_POINT ( 'NONE',  ( 0.0000000000000000000, -1.000000000000000000, 3.350000000000000089 ) ) ;
#2050 = ORIENTED_EDGE ( 'NONE', *, *, #821, .F. ) ;
#2051 = SURFACE_STYLE_FILL_AREA ( #134 ) ;
#2052 = ORIENTED_EDGE ( 'NONE', *, *, #2707, .F. ) ;
#2053 = DIRECTION ( 'NONE',  ( -0.0000000000000000000, 1.000000000000000000, 0.0000000000000000000 ) ) ;
#2054 = COLOUR_RGB ( '',0.9294117647058823817, 0.9294117647058823817, 0.9372549019607843146 ) ;
#2055 = MECHANICAL_DESIGN_GEOMETRIC_PRESENTATION_REPRESENTATION (  '', ( #3047 ), #3953 ) ;
#2056 = CARTESIAN_POINT ( 'NONE',  ( -3.649999999999999911, 0.8500000000000000888, -2.049999999999999822 ) ) ;
#2057 = DIRECTION ( 'NONE',  ( -0.0000000000000000000, -1.000000000000000000, -0.0000000000000000000 ) ) ;
#2058 = VERTEX_POINT ( 'NONE', #111 ) ;
#2059 = FACE_OUTER_BOUND ( 'NONE', #3253, .T. ) ;
#2060 = CARTESIAN_POINT ( 'NONE',  ( 4.150000000000000355, 1.650000000000000355, 1.350000000000000089 ) ) ;
#2061 = ORIENTED_EDGE ( 'NONE', *, *, #4897, .F. ) ;
#2062 = DIRECTION ( 'NONE',  ( 0.0000000000000000000, -1.000000000000000000, 0.0000000000000000000 ) ) ;
#2063 = DIRECTION ( 'NONE',  ( -1.000000000000000000, 0.0000000000000000000, -0.0000000000000000000 ) ) ;
#2064 = CARTESIAN_POINT ( 'NONE',  ( -0.8000000000000000444, -1.000000000000000000, 3.294642898114000129 ) ) ;
#2065 = PRESENTATION_LAYER_ASSIGNMENT (  '', '', ( #5165 ) ) ;
#2066 = ADVANCED_FACE ( 'NONE', ( #2467 ), #2760, .F. ) ;
#2067 = UNCERTAINTY_MEASURE_WITH_UNIT (LENGTH_MEASURE( 1.000000000000000082E-05 ), #3578, 'distance_accuracy_value', 'NONE');
#2068 = ORIENTED_EDGE ( 'NONE', *, *, #966, .F. ) ;
#2069 = VECTOR ( 'NONE', #6036, 1000.000000000000000 ) ;
#2070 = CARTESIAN_POINT ( 'NONE',  ( 0.0000000000000000000, 1.000000000000000000, 0.9499999999999999556 ) ) ;
#2071 = EDGE_CURVE ( 'NONE', #744, #646, #4189, .T. ) ;
#2072 = ORIENTED_EDGE ( 'NONE', *, *, #4552, .F. ) ;
#2073 = EDGE_CURVE ( 'NONE', #4055, #3703, #916, .T. ) ;
#2074 = DIRECTION ( 'NONE',  ( -1.000000000000000000, 0.0000000000000000000, 0.0000000000000000000 ) ) ;
#2075 = LINE ( 'NONE', #2539, #3958 ) ;
#2076 = COLOUR_RGB ( '',0.9294117647058823817, 0.9294117647058823817, 0.9372549019607843146 ) ;
#2077 = CARTESIAN_POINT ( 'NONE',  ( 0.0000000000000000000, -1.449999999999999956, -2.049999999999999822 ) ) ;
#2078 = DIRECTION ( 'NONE',  ( -1.000000000000000000, 0.0000000000000000000, -0.0000000000000000000 ) ) ;
#2079 = VERTEX_POINT ( 'NONE', #4742 ) ;
#2080 = DIRECTION ( 'NONE',  ( 1.000000000000000000, 0.0000000000000000000, -0.0000000000000000000 ) ) ;
#2081 = EDGE_CURVE ( 'NONE', #2659, #3360, #1520, .T. ) ;
#2082 = EDGE_LOOP ( 'NONE', ( #1285, #5796, #1038, #5374 ) ) ;
#2083 = AXIS2_PLACEMENT_3D ( 'NONE', #4673, #6108, #1814 ) ;
#2084 = SURFACE_SIDE_STYLE ('',( #1166 ) ) ;
#2085 = FILL_AREA_STYLE ('',( #4998 ) ) ;
#2086 = ORIENTED_EDGE ( 'NONE', *, *, #2121, .F. ) ;
#2087 = SURFACE_SIDE_STYLE ('',( #3951 ) ) ;
#2088 = PRESENTATION_STYLE_ASSIGNMENT (( #3545 ) ) ;
#2089 = VECTOR ( 'NONE', #785, 1000.000000000000000 ) ;
#2090 = LINE ( 'NONE', #5492, #4791 ) ;
#2091 = ORIENTED_EDGE ( 'NONE', *, *, #3784, .F. ) ;
#2092 = AXIS2_PLACEMENT_3D ( 'NONE', #2176, #1254, #3153 ) ;
#2093 = DIRECTION ( 'NONE',  ( 0.0000000000000000000, 0.0000000000000000000, 1.000000000000000000 ) ) ;
#2094 =( BOUNDED_CURVE ( )  B_SPLINE_CURVE ( 3, ( #3339, #488, #5166, #1402 ),
 .UNSPECIFIED., .F., .T. ) 
 B_SPLINE_CURVE_WITH_KNOTS ( ( 4, 4 ),
 ( 4.712388980384689674, 6.283185307179586232 ),
 .UNSPECIFIED. ) 
 CURVE ( )  GEOMETRIC_REPRESENTATION_ITEM ( )  RATIONAL_B_SPLINE_CURVE ( ( 1.000000000000000000, 0.8047378541243649375, 0.8047378541243649375, 1.000000000000000000 ) ) 
 REPRESENTATION_ITEM ( '' )  );
#2095 = DIRECTION ( 'NONE',  ( -0.0000000000000000000, -1.000000000000000000, -0.0000000000000000000 ) ) ;
#2096 = LINE ( 'NONE', #2159, #6153 ) ;
#2097 = SURFACE_STYLE_FILL_AREA ( #5936 ) ;
#2098 = ORIENTED_EDGE ( 'NONE', *, *, #1195, .F. ) ;
#2099 = CARTESIAN_POINT ( 'NONE',  ( -0.1042204949422904092, -0.8415555056229476749, 3.449921972484658372 ) ) ;
#2100 = FACE_OUTER_BOUND ( 'NONE', #1469, .T. ) ;
#2101 =( LENGTH_UNIT ( ) NAMED_UNIT ( * ) SI_UNIT ( .MILLI., .METRE. ) );
#2102 = PRESENTATION_LAYER_ASSIGNMENT (  '', '', ( #616 ) ) ;
#2103 = AXIS2_PLACEMENT_3D ( 'NONE', #1800, #321, #3708 ) ;
#2104 = ORIENTED_EDGE ( 'NONE', *, *, #5931, .T. ) ;
#2105 = AXIS2_PLACEMENT_3D ( 'NONE', #4775, #2972, #1008 ) ;
#2106 = VECTOR ( 'NONE', #2303, 1000.000000000000000 ) ;
#2107 = ADVANCED_FACE ( 'NONE', ( #859 ), #2964, .T. ) ;
#2108 = ORIENTED_EDGE ( 'NONE', *, *, #4235, .T. ) ;
#2109 = DIRECTION ( 'NONE',  ( 0.0000000000000000000, 0.0000000000000000000, -1.000000000000000000 ) ) ;
#2110 = FILL_AREA_STYLE_COLOUR ( '', #3563 ) ;
#2111 = COLOUR_RGB ( '',0.9294117647058823817, 0.9294117647058823817, 0.9372549019607843146 ) ;
#2112 = FACE_OUTER_BOUND ( 'NONE', #2476, .T. ) ;
#2113 = ADVANCED_FACE ( 'NONE', ( #3223 ), #3693, .T. ) ;
#2114 = CARTESIAN_POINT ( 'NONE',  ( 3.649999999999999911, -1.449999999999999956, -2.049999999999999822 ) ) ;
#2115 = ORIENTED_EDGE ( 'NONE', *, *, #1185, .F. ) ;
#2116 = LINE ( 'NONE', #1046, #893 ) ;
#2117 = ORIENTED_EDGE ( 'NONE', *, *, #169, .F. ) ;
#2118 = SURFACE_STYLE_FILL_AREA ( #251 ) ;
#2119 = EDGE_LOOP ( 'NONE', ( #1099, #4842, #145, #4109 ) ) ;
#2120 = EDGE_CURVE ( 'NONE', #5357, #3466, #5638, .T. ) ;
#2121 = EDGE_CURVE ( 'NONE', #4959, #1385, #4557, .T. ) ;
#2122 = CIRCLE ( 'NONE', #40, 0.1000000000000002554 ) ;
#2123 = DIRECTION ( 'NONE',  ( 0.0000000000000000000, 0.0000000000000000000, 1.000000000000000000 ) ) ;
#2124 = ORIENTED_EDGE ( 'NONE', *, *, #897, .F. ) ;
#2125 = CARTESIAN_POINT ( 'NONE',  ( 2.100000000000000089, -1.080000000000000071, 0.9499999999999999556 ) ) ;
#2126 = PLANE ( 'NONE',  #3686 ) ;
#2127 = AXIS2_PLACEMENT_3D ( 'NONE', #2712, #819, #4630 ) ;
#2128 = CARTESIAN_POINT ( 'NONE',  ( 15.33060000000000223, 1.750000000000000000, -1.350000000000000089 ) ) ;
#2129 = CARTESIAN_POINT ( 'NONE',  ( -4.178979119944024490, 1.684571554749780598, -0.4624422362932782415 ) ) ;
#2130 = ORIENTED_EDGE ( 'NONE', *, *, #253, .F. ) ;
#2131 =( BOUNDED_CURVE ( )  B_SPLINE_CURVE ( 3, ( #1430, #5255, #4762, #4276 ),
 .UNSPECIFIED., .F., .T. ) 
 B_SPLINE_CURVE_WITH_KNOTS ( ( 4, 4 ),
 ( 0.0000000000000000000, 1.570796326794896558 ),
 .UNSPECIFIED. ) 
 CURVE ( )  GEOMETRIC_REPRESENTATION_ITEM ( )  RATIONAL_B_SPLINE_CURVE ( ( 1.000000000000000000, 0.8047378541243649375, 0.8047378541243649375, 1.000000000000000000 ) ) 
 REPRESENTATION_ITEM ( '' )  );
#2132 = CARTESIAN_POINT ( 'NONE',  ( -4.250000000000000000, 1.750000000000000000, -0.4500000000000000666 ) ) ;
#2133 = CYLINDRICAL_SURFACE ( 'NONE', #3458, 0.1000000000000000472 ) ;
#2134 = ORIENTED_EDGE ( 'NONE', *, *, #1637, .T. ) ;
#2135 = CARTESIAN_POINT ( 'NONE',  ( -4.250000000000000000, 1.650000000000000133, 1.449999999999999956 ) ) ;
#2136 = DIRECTION ( 'NONE',  ( 0.0000000000000000000, 0.0000000000000000000, -1.000000000000000000 ) ) ;
#2137 = MECHANICAL_DESIGN_GEOMETRIC_PRESENTATION_REPRESENTATION (  '', ( #4521 ), #2431 ) ;
#2138 = UNCERTAINTY_MEASURE_WITH_UNIT (LENGTH_MEASURE( 1.000000000000000082E-05 ), #1472, 'distance_accuracy_value', 'NONE');
#2139 = ORIENTED_EDGE ( 'NONE', *, *, #4941, .T. ) ;
#2140 = ORIENTED_EDGE ( 'NONE', *, *, #3056, .T. ) ;
#2141 = LINE ( 'NONE', #1685, #5315 ) ;
#2142 = CARTESIAN_POINT ( 'NONE',  ( -2.250000000000003109, -3.049999999999997158, -1.149999999999999911 ) ) ;
#2143 = CARTESIAN_POINT ( 'NONE',  ( 4.250551775759736195, 1.649413372940462308, -0.4327131914212249408 ) ) ;
#2144 = DIRECTION ( 'NONE',  ( -1.000000000000000000, -0.0000000000000000000, -0.0000000000000000000 ) ) ;
#2145 = ORIENTED_EDGE ( 'NONE', *, *, #140, .F. ) ;
#2146 = EDGE_LOOP ( 'NONE', ( #2163, #4387, #1537, #4869 ) ) ;
#2147 = CARTESIAN_POINT ( 'NONE',  ( 2.700000000000000178, 0.8500000000000000888, -1.750000000000000000 ) ) ;
#2148 = DIRECTION ( 'NONE',  ( 0.0000000000000000000, 0.0000000000000000000, -1.000000000000000000 ) ) ;
#2149 = SURFACE_STYLE_FILL_AREA ( #4907 ) ;
#2150 = EDGE_CURVE ( 'NONE', #2371, #303, #1145, .T. ) ;
#2151 = FACE_OUTER_BOUND ( 'NONE', #5957, .T. ) ;
#2152 = ORIENTED_EDGE ( 'NONE', *, *, #3594, .F. ) ;
#2153 = LINE ( 'NONE', #4044, #2780 ) ;
#2154 = ORIENTED_EDGE ( 'NONE', *, *, #1457, .F. ) ;
#2155 = EDGE_CURVE ( 'NONE', #4327, #4312, #4455, .T. ) ;
#2156 = DIRECTION ( 'NONE',  ( -0.8944271909998958714, 0.4472135954999979512, 0.0000000000000000000 ) ) ;
#2157 = EDGE_CURVE ( 'NONE', #2737, #1960, #2644, .T. ) ;
#2158 = STYLED_ITEM ( 'NONE', ( #3213 ), #58 ) ;
#2159 = CARTESIAN_POINT ( 'NONE',  ( -2.000000000000000000, -1.000000000000000000, 3.350000000000000089 ) ) ;
#2160 = STYLED_ITEM ( 'NONE', ( #4465 ), #525 ) ;
#2161 = DIRECTION ( 'NONE',  ( 0.0000000000000000000, -1.000000000000000000, 0.0000000000000000000 ) ) ;
#2162 = CARTESIAN_POINT ( 'NONE',  ( 4.149999999999999467, 1.649999999999999911, -0.3499999999999999778 ) ) ;
#2163 = ORIENTED_EDGE ( 'NONE', *, *, #4205, .T. ) ;
#2164 =( NAMED_UNIT ( * ) PLANE_ANGLE_UNIT ( ) SI_UNIT ( $, .RADIAN. ) );
#2165 = CARTESIAN_POINT ( 'NONE',  ( 2.100000000000000089, -1.080000000000000071, 1.449999999999999956 ) ) ;
#2166 = AXIS2_PLACEMENT_3D ( 'NONE', #2312, #1795, #3231 ) ;
#2167 = CARTESIAN_POINT ( 'NONE',  ( 4.262442236293275677, -1.649999999999999911, 1.378979119944033771 ) ) ;
#2168 =( BOUNDED_SURFACE ( )  B_SPLINE_SURFACE ( 3, 3, ( 
 ( #4841, #2859, #566, #4265 ),
 ( #1388, #1895, #3296, #71 ),
 ( #505, #4352, #3419, #95 ),
 ( #5217, #471, #3801, #5711 ) ),
 .UNSPECIFIED., .F., .F., .F. ) 
 B_SPLINE_SURFACE_WITH_KNOTS ( ( 4, 4 ),
 ( 4, 4 ),
 ( 0.0000000000000000000, 1.000000000000000000 ),
 ( 0.0000000000000000000, 1.000000000000000000 ),
 .UNSPECIFIED. ) 
 GEOMETRIC_REPRESENTATION_ITEM ( )  RATIONAL_B_SPLINE_SURFACE ( (
 ( 1.000000000000000000, 0.8047378541243578320, 0.8047378541243578320, 1.000000000000000000),
 ( 0.8025111867385940068, 0.6458111303268079251, 0.6458111303268079251, 0.8025111867385940068),
 ( 0.8025111867385940068, 0.6458111303268079251, 0.6458111303268079251, 0.8025111867385940068),
 ( 1.000000000000000000, 0.8047378541243578320, 0.8047378541243578320, 1.000000000000000000) ) ) 
 REPRESENTATION_ITEM ( '' )  SURFACE ( )  );
#2169 = DIRECTION ( 'NONE',  ( 1.000000000000000000, -0.0000000000000000000, -0.0000000000000000000 ) ) ;
#2170 = VERTEX_POINT ( 'NONE', #3557 ) ;
#2171 = AXIS2_PLACEMENT_3D ( 'NONE', #264, #3261, #2740 ) ;
#2172 = CARTESIAN_POINT ( 'NONE',  ( -4.220710678118650527, 1.649999999999999911, -0.4207106781186605859 ) ) ;
#2173 = DIRECTION ( 'NONE',  ( -1.000000000000000000, -2.168404344971003346E-15, 0.0000000000000000000 ) ) ;
#2174 = FACE_OUTER_BOUND ( 'NONE', #2702, .T. ) ;
#2175 = ORIENTED_EDGE ( 'NONE', *, *, #3629, .T. ) ;
#2176 = CARTESIAN_POINT ( 'NONE',  ( -0.4500000000000000666, 1.000000000000000000, 3.194642898114000040 ) ) ;
#2177 = VERTEX_POINT ( 'NONE', #692 ) ;
#2178 = FACE_OUTER_BOUND ( 'NONE', #2653, .T. ) ;
#2179 = MECHANICAL_DESIGN_GEOMETRIC_PRESENTATION_REPRESENTATION (  '', ( #3364 ), #4671 ) ;
#2180 = AXIS2_PLACEMENT_3D ( 'NONE', #1621, #3511, #3036 ) ;
#2181 = ORIENTED_EDGE ( 'NONE', *, *, #4674, .F. ) ;
#2182 = ORIENTED_EDGE ( 'NONE', *, *, #1364, .F. ) ;
#2183 = EDGE_CURVE ( 'NONE', #5426, #2805, #5378, .T. ) ;
#2184 = FACE_OUTER_BOUND ( 'NONE', #3802, .T. ) ;
#2185 = DIRECTION ( 'NONE',  ( -0.0000000000000000000, 0.0000000000000000000, -1.000000000000000000 ) ) ;
#2186 = VECTOR ( 'NONE', #1803, 1000.000000000000000 ) ;
#2187 = ADVANCED_FACE ( 'NONE', ( #1547 ), #1888, .T. ) ;
#2188 = LINE ( 'NONE', #2221, #5576 ) ;
#2189 = ORIENTED_EDGE ( 'NONE', *, *, #2382, .T. ) ;
#2190 = AXIS2_PLACEMENT_3D ( 'NONE', #713, #1595, #3038 ) ;
#2191 = LINE ( 'NONE', #980, #4076 ) ;
#2192 = CARTESIAN_POINT ( 'NONE',  ( 3.920041115078381821, -1.578626039772358158, -1.349999999999999867 ) ) ;
#2193 = LINE ( 'NONE', #1705, #1466 ) ;
#2194 = AXIS2_PLACEMENT_3D ( 'NONE', #5609, #3603, #1317 ) ;
#2195 = ADVANCED_FACE ( 'NONE', ( #5871 ), #2029, .F. ) ;
#2196 = SURFACE_SIDE_STYLE ('',( #909 ) ) ;
#2197 = PLANE ( 'NONE',  #5502 ) ;
#2198 = DIRECTION ( 'NONE',  ( 0.0000000000000000000, -0.0000000000000000000, -1.000000000000000000 ) ) ;
#2199 =( GEOMETRIC_REPRESENTATION_CONTEXT ( 3 ) GLOBAL_UNCERTAINTY_ASSIGNED_CONTEXT ( ( #267 ) ) GLOBAL_UNIT_ASSIGNED_CONTEXT ( ( #6030, #5531, #3644 ) ) REPRESENTATION_CONTEXT ( 'NONE', 'WORKASPACE' ) );
#2200 = ORIENTED_EDGE ( 'NONE', *, *, #1592, .F. ) ;
#2201 = CIRCLE ( 'NONE', #3787, 0.1000000000000000472 ) ;
#2202 = CARTESIAN_POINT ( 'NONE',  ( -4.220041115078385197, 1.708576042115767413, -0.2786260397723618332 ) ) ;
#2203 = FILL_AREA_STYLE_COLOUR ( '', #1069 ) ;
#2204 = DIRECTION ( 'NONE',  ( 0.0000000000000000000, 0.0000000000000000000, 1.000000000000000000 ) ) ;
#2205 = VECTOR ( 'NONE', #4622, 1000.000000000000000 ) ;
#2206 = CARTESIAN_POINT ( 'NONE',  ( 4.220041115078381644, 1.578626039772358158, 1.408576042115767368 ) ) ;
#2207 = VERTEX_POINT ( 'NONE', #4658 ) ;
#2208 =( LENGTH_UNIT ( ) NAMED_UNIT ( * ) SI_UNIT ( .MILLI., .METRE. ) );
#2209 = ORIENTED_EDGE ( 'NONE', *, *, #2802, .F. ) ;
#2210 = CARTESIAN_POINT ( 'NONE',  ( -1.449999999999999956, 6.312599999999999767, 3.350000000000000089 ) ) ;
#2211 = AXIS2_PLACEMENT_3D ( 'NONE', #2367, #5267, #4811 ) ;
#2212 = DIRECTION ( 'NONE',  ( 0.0000000000000000000, 1.000000000000000000, -0.0000000000000000000 ) ) ;
#2213 = CARTESIAN_POINT ( 'NONE',  ( 3.649999999999999911, 0.8499999999999999778, -2.049999999999999822 ) ) ;
#2214 = ORIENTED_EDGE ( 'NONE', *, *, #414, .T. ) ;
#2215 = LINE ( 'NONE', #2806, #984 ) ;
#2216 = ORIENTED_EDGE ( 'NONE', *, *, #5629, .F. ) ;
#2217 = CARTESIAN_POINT ( 'NONE',  ( -0.1000000000002608525, 0.7999999999999908296, 3.450000000000399414 ) ) ;
#2218 =( GEOMETRIC_REPRESENTATION_CONTEXT ( 3 ) GLOBAL_UNCERTAINTY_ASSIGNED_CONTEXT ( ( #101 ) ) GLOBAL_UNIT_ASSIGNED_CONTEXT ( ( #1064, #4307, #4768 ) ) REPRESENTATION_CONTEXT ( 'NONE', 'WORKASPACE' ) );
#2219 = EDGE_CURVE ( 'NONE', #2950, #3996, #3642, .T. ) ;
#2220 = LINE ( 'NONE', #4691, #4856 ) ;
#2221 = CARTESIAN_POINT ( 'NONE',  ( 3.649999999999999911, -1.750000000000000000, -1.449999999999999956 ) ) ;
#2222 = EDGE_LOOP ( 'NONE', ( #5493, #54, #4434, #192 ) ) ;
#2223 = LINE ( 'NONE', #1894, #1897 ) ;
#2224 = DIRECTION ( 'NONE',  ( 0.0000000000000000000, 0.0000000000000000000, -1.000000000000000000 ) ) ;
#2225 =( NAMED_UNIT ( * ) SI_UNIT ( $, .STERADIAN. ) SOLID_ANGLE_UNIT ( ) );
#2226 = AXIS2_PLACEMENT_3D ( 'NONE', #4942, #2584, #2093 ) ;
#2227 = CARTESIAN_POINT ( 'NONE',  ( 3.649999999999999911, 0.8500000000000000888, -2.049999999999999822 ) ) ;
#2228 = EDGE_CURVE ( 'NONE', #830, #5092, #5626, .T. ) ;
#2229 = CARTESIAN_POINT ( 'NONE',  ( 4.220041115078380756, -1.650000000000000799, 1.278626039772357892 ) ) ;
#2230 = CARTESIAN_POINT ( 'NONE',  ( -0.2000000000000000111, -1.000000000000000000, 3.701099892519000178 ) ) ;
#2231 = CARTESIAN_POINT ( 'NONE',  ( -1.899999999999999911, 0.8000000000000000444, 3.449999999999999734 ) ) ;
#2232 = EDGE_LOOP ( 'NONE', ( #4025, #706, #2426 ) ) ;
#2233 = CARTESIAN_POINT ( 'NONE',  ( 2.100000000000000089, 1.080000000000000071, 0.9499999999999999556 ) ) ;
#2234 = DIRECTION ( 'NONE',  ( 1.000000000000000000, 0.0000000000000000000, -0.0000000000000000000 ) ) ;
#2235 = EDGE_CURVE ( 'NONE', #4055, #3058, #6093, .T. ) ;
#2236 = EDGE_CURVE ( 'NONE', #3466, #2774, #3614, .T. ) ;
#2237 = VECTOR ( 'NONE', #339, 1000.000000000000114 ) ;
#2238 = CARTESIAN_POINT ( 'NONE',  ( -2.149999999999999911, -1.749999999999999778, -1.149999999999999911 ) ) ;
#2239 = CARTESIAN_POINT ( 'NONE',  ( 4.262442236293277453, -1.684571554749779931, -0.3789791199440343816 ) ) ;
#2240 = ORIENTED_EDGE ( 'NONE', *, *, #1990, .T. ) ;
#2241 = AXIS2_PLACEMENT_3D ( 'NONE', #2446, #4344, #1975 ) ;
#2242 = CARTESIAN_POINT ( 'NONE',  ( 3.920710678118655146, -1.720710678118655190, -1.349999999999999645 ) ) ;
#2243 = ORIENTED_EDGE ( 'NONE', *, *, #2975, .F. ) ;
#2244 =( NAMED_UNIT ( * ) SI_UNIT ( $, .STERADIAN. ) SOLID_ANGLE_UNIT ( ) );
#2245 = FACE_OUTER_BOUND ( 'NONE', #3961, .T. ) ;
#2246 = PLANE ( 'NONE',  #4411 ) ;
#2247 = CARTESIAN_POINT ( 'NONE',  ( -0.1226725696914400116, 0.8972248250782660639, 3.447699074438520750 ) ) ;
#2248 = ORIENTED_EDGE ( 'NONE', *, *, #3486, .F. ) ;
#2249 =( LENGTH_UNIT ( ) NAMED_UNIT ( * ) SI_UNIT ( .MILLI., .METRE. ) );
#2250 = CARTESIAN_POINT ( 'NONE',  ( -3.920710678118655590, -1.650000000000000577, -1.420710678118655590 ) ) ;
#2251 = SURFACE_SIDE_STYLE ('',( #259 ) ) ;
#2252 = CARTESIAN_POINT ( 'NONE',  ( -3.849999999999999645, -1.749999999999999778, -0.4328427124746201393 ) ) ;
#2253 = LINE ( 'NONE', #876, #6075 ) ;
#2254 = ORIENTED_EDGE ( 'NONE', *, *, #1305, .T. ) ;
#2255 = CARTESIAN_POINT ( 'NONE',  ( 4.250000000000000000, 2.250000000000000444, -1.449999999999999956 ) ) ;
#2256 = PRESENTATION_STYLE_ASSIGNMENT (( #4595 ) ) ;
#2257 = CARTESIAN_POINT ( 'NONE',  ( 3.991421356237309315, 1.649999999999999911, -0.4500000000000000111 ) ) ;
#2258 = VECTOR ( 'NONE', #4049, 1000.000000000000000 ) ;
#2259 = LINE ( 'NONE', #5108, #4296 ) ;
#2260 = VERTEX_POINT ( 'NONE', #390 ) ;
#2261 = CARTESIAN_POINT ( 'NONE',  ( -0.3499999999999999778, 2.100000000000000089, -1.149999999999999911 ) ) ;
#2262 = CARTESIAN_POINT ( 'NONE',  ( -0.2000000000000191069, 0.7999999999999812816, 3.350000000000339817 ) ) ;
#2263 = EDGE_CURVE ( 'NONE', #2486, #1566, #5593, .T. ) ;
#2264 = CARTESIAN_POINT ( 'NONE',  ( 0.0000000000000000000, -4.549999999999999822, 0.0000000000000000000 ) ) ;
#2265 = MECHANICAL_DESIGN_GEOMETRIC_PRESENTATION_REPRESENTATION (  '', ( #5851 ), #1349 ) ;
#2266 = CARTESIAN_POINT ( 'NONE',  ( 3.849413372940461819, 1.750551775759737749, -1.432713191421224552 ) ) ;
#2267 = EDGE_CURVE ( 'NONE', #127, #2371, #292, .T. ) ;
#2268 = VECTOR ( 'NONE', #4444, 1000.000000000000000 ) ;
#2269 = EDGE_CURVE ( 'NONE', #4964, #2565, #2188, .T. ) ;
#2270 = VERTEX_POINT ( 'NONE', #4692 ) ;
#2271 = DIRECTION ( 'NONE',  ( 0.0000000000000000000, 0.0000000000000000000, -1.000000000000000000 ) ) ;
#2272 = ORIENTED_EDGE ( 'NONE', *, *, #4346, .T. ) ;
#2273 = CARTESIAN_POINT ( 'NONE',  ( -0.2000000000000000111, 1.000000000000000000, 3.701099892519000178 ) ) ;
#2274 = CARTESIAN_POINT ( 'NONE',  ( -0.2000000000000000111, 1.000000000000000000, 0.9499999999999996225 ) ) ;
#2275 = VECTOR ( 'NONE', #5187, 1000.000000000000000 ) ;
#2276 = EDGE_CURVE ( 'NONE', #2503, #2587, #3674, .T. ) ;
#2277 = ORIENTED_EDGE ( 'NONE', *, *, #2802, .T. ) ;
#2278 = CARTESIAN_POINT ( 'NONE',  ( 2.750000000000000000, -3.049999999999999822, -1.149999999999999911 ) ) ;
#2279 = ORIENTED_EDGE ( 'NONE', *, *, #2317, .F. ) ;
#2280 = CARTESIAN_POINT ( 'NONE',  ( -0.1004999999440686770, -0.8141421356270668319, 3.449998749992467140 ) ) ;
#2281 = EDGE_LOOP ( 'NONE', ( #1677, #4651, #2415, #57 ) ) ;
#2282 = PLANE ( 'NONE',  #2829 ) ;
#2283 = CARTESIAN_POINT ( 'NONE',  ( 2.850000000000000089, -4.549999999999999822, -1.149999999999999911 ) ) ;
#2284 = CIRCLE ( 'NONE', #2664, 0.09999999999999999167 ) ;
#2285 = CARTESIAN_POINT ( 'NONE',  ( -3.908578643762690152, -1.749999999999999778, -0.5500000000000010436 ) ) ;
#2286 = VERTEX_POINT ( 'NONE', #1302 ) ;
#2287 = VECTOR ( 'NONE', #3078, 1000.000000000000000 ) ;
#2288 = LINE ( 'NONE', #6095, #2618 ) ;
#2289 =( NAMED_UNIT ( * ) PLANE_ANGLE_UNIT ( ) SI_UNIT ( $, .RADIAN. ) );
#2290 = DIRECTION ( 'NONE',  ( 0.8944271909998958714, 0.4472135954999979512, -0.0000000000000000000 ) ) ;
#2291 = DIRECTION ( 'NONE',  ( 0.0000000000000000000, 0.0000000000000000000, 1.000000000000000000 ) ) ;
#2292 = LINE ( 'NONE', #1875, #1601 ) ;
#2293 = CARTESIAN_POINT ( 'NONE',  ( -3.649999999999999467, 0.8500000000000000888, -1.750000000000000000 ) ) ;
#2294 = STYLED_ITEM ( 'NONE', ( #351 ), #2673 ) ;
#2295 = DIRECTION ( 'NONE',  ( 0.0000000000000000000, -1.000000000000000000, 0.0000000000000000000 ) ) ;
#2296 = EDGE_CURVE ( 'NONE', #830, #2474, #2253, .T. ) ;
#2297 = CIRCLE ( 'NONE', #2688, 0.1000000000000002554 ) ;
#2298 = CARTESIAN_POINT ( 'NONE',  ( -0.6500000000000001332, -1.000000000000000000, 3.194642898114000040 ) ) ;
#2299 = ORIENTED_EDGE ( 'NONE', *, *, #5428, .F. ) ;
#2300 = EDGE_LOOP ( 'NONE', ( #5925, #5245, #5069, #208 ) ) ;
#2301 = PRESENTATION_STYLE_ASSIGNMENT (( #5086 ) ) ;
#2302 = LINE ( 'NONE', #2663, #1065 ) ;
#2303 = DIRECTION ( 'NONE',  ( 0.0000000000000000000, 1.000000000000000000, 0.0000000000000000000 ) ) ;
#2304 = EDGE_CURVE ( 'NONE', #5828, #1376, #2319, .T. ) ;
#2305 = VECTOR ( 'NONE', #1431, 1000.000000000000000 ) ;
#2306 = LINE ( 'NONE', #1752, #3017 ) ;
#2307 = ADVANCED_FACE ( 'NONE', ( #3140 ), #425, .T. ) ;
#2308 = CARTESIAN_POINT ( 'NONE',  ( 3.932713191421224330, 1.750551775759737083, -1.349413372940462486 ) ) ;
#2309 = DIRECTION ( 'NONE',  ( -1.000000000000000000, 0.0000000000000000000, 0.0000000000000000000 ) ) ;
#2310 = EDGE_LOOP ( 'NONE', ( #786, #3096, #3109, #771, #4617 ) ) ;
#2311 = AXIS2_PLACEMENT_3D ( 'NONE', #508, #933, #1019 ) ;
#2312 = CARTESIAN_POINT ( 'NONE',  ( 2.850000000000000089, -5.179999999999999716, -1.149999999999999911 ) ) ;
#2313 = ORIENTED_EDGE ( 'NONE', *, *, #1599, .F. ) ;
#2314 = CARTESIAN_POINT ( 'NONE',  ( 4.191063282180843785, -1.750551775759737305, 1.391063282180844185 ) ) ;
#2315 = LINE ( 'NONE', #5622, #4382 ) ;
#2316 = EDGE_CURVE ( 'NONE', #1960, #1953, #4108, .T. ) ;
#2317 = EDGE_CURVE ( 'NONE', #385, #5822, #5068, .T. ) ;
#2318 = FACE_OUTER_BOUND ( 'NONE', #437, .T. ) ;
#2319 = LINE ( 'NONE', #5558, #5974 ) ;
#2320 = VERTEX_POINT ( 'NONE', #5655 ) ;
#2321 = CARTESIAN_POINT ( 'NONE',  ( 3.920710678118655146, -1.720710678118654746, -1.350000000000000089 ) ) ;
#2322 = CARTESIAN_POINT ( 'NONE',  ( 3.950000000000000178, 6.312599999999999767, -1.350000000000000089 ) ) ;
#2323 = CARTESIAN_POINT ( 'NONE',  ( 4.050000000000000711, 1.750000000000000000, -0.4085786437626904855 ) ) ;
#2324 = CARTESIAN_POINT ( 'NONE',  ( -4.150000000000000355, 1.649999999999999911, 1.350000000000000089 ) ) ;
#2325 = CIRCLE ( 'NONE', #4823, 0.09999999999998866740 ) ;
#2326 = FACE_OUTER_BOUND ( 'NONE', #4072, .T. ) ;
#2327 = VERTEX_POINT ( 'NONE', #2813 ) ;
#2328 = DIRECTION ( 'NONE',  ( 0.0000000000000000000, 0.0000000000000000000, -1.000000000000000000 ) ) ;
#2329 = CYLINDRICAL_SURFACE ( 'NONE', #395, 0.09999999999999982514 ) ;
#2330 = DIRECTION ( 'NONE',  ( -0.7071067811865474617, 0.0000000000000000000, -0.7071067811865474617 ) ) ;
#2331 = FACE_OUTER_BOUND ( 'NONE', #621, .T. ) ;
#2332 = UNCERTAINTY_MEASURE_WITH_UNIT (LENGTH_MEASURE( 1.000000000000000082E-05 ), #5290, 'distance_accuracy_value', 'NONE');
#2333 = CARTESIAN_POINT ( 'NONE',  ( -2.700000000000000178, -0.8499999999999999778, -1.750000000000000000 ) ) ;
#2334 = ORIENTED_EDGE ( 'NONE', *, *, #2982, .T. ) ;
#2335 = CARTESIAN_POINT ( 'NONE',  ( -1.699999999999999956, 1.000000000000000000, 3.194642898114000040 ) ) ;
#2336 = ORIENTED_EDGE ( 'NONE', *, *, #4973, .T. ) ;
#2337 = DIRECTION ( 'NONE',  ( 0.0000000000000000000, -1.000000000000000000, 0.0000000000000000000 ) ) ;
#2338 = AXIS2_PLACEMENT_3D ( 'NONE', #660, #3459, #258 ) ;
#2339 = FACE_BOUND ( 'NONE', #4228, .T. ) ;
#2340 = CARTESIAN_POINT ( 'NONE',  ( 4.150000000000000355, -1.649999999999999911, -0.3499999999999996447 ) ) ;
#2341 = CARTESIAN_POINT ( 'NONE',  ( 4.150000000000000355, 1.649999999999999911, -0.3499999999999999778 ) ) ;
#2342 = DIRECTION ( 'NONE',  ( 1.000000000000000000, 0.0000000000000000000, -0.0000000000000000000 ) ) ;
#2343 = PLANE ( 'NONE',  #5362 ) ;
#2344 = EDGE_CURVE ( 'NONE', #2327, #6083, #1360, .T. ) ;
#2345 = FACE_OUTER_BOUND ( 'NONE', #2222, .T. ) ;
#2346 = UNCERTAINTY_MEASURE_WITH_UNIT (LENGTH_MEASURE( 1.000000000000000082E-05 ), #1072, 'distance_accuracy_value', 'NONE');
#2347 =( NAMED_UNIT ( * ) SI_UNIT ( $, .STERADIAN. ) SOLID_ANGLE_UNIT ( ) );
#2348 = DIRECTION ( 'NONE',  ( -1.000000000000000000, -0.0000000000000000000, -0.0000000000000000000 ) ) ;
#2349 = EDGE_CURVE ( 'NONE', #4131, #633, #5480, .T. ) ;
#2350 = ORIENTED_EDGE ( 'NONE', *, *, #3439, .F. ) ;
#2351 = EDGE_CURVE ( 'NONE', #4808, #953, #6028, .T. ) ;
#2352 = CARTESIAN_POINT ( 'NONE',  ( -4.150000000000000355, -1.720710678118654746, -0.4207106781186547018 ) ) ;
#2353 = DIRECTION ( 'NONE',  ( 0.0000000000000000000, 0.0000000000000000000, 1.000000000000000000 ) ) ;
#2354 = LINE ( 'NONE', #1908, #2960 ) ;
#2355 = DIRECTION ( 'NONE',  ( -1.000000000000000000, 0.0000000000000000000, 0.0000000000000000000 ) ) ;
#2356 = ORIENTED_EDGE ( 'NONE', *, *, #1177, .F. ) ;
#2357 = LINE ( 'NONE', #1310, #6006 ) ;
#2358 = SURFACE_STYLE_FILL_AREA ( #2907 ) ;
#2359 = DIRECTION ( 'NONE',  ( 2.368660823037770974E-13, -1.000000000000000000, -2.368660823037770974E-13 ) ) ;
#2360 = AXIS2_PLACEMENT_3D ( 'NONE', #2872, #2905, #547 ) ;
#2361 = CARTESIAN_POINT ( 'NONE',  ( -4.220710678118648751, -1.650000000000000133, 1.420710678118660475 ) ) ;
#2362 = ORIENTED_EDGE ( 'NONE', *, *, #2351, .F. ) ;
#2363 = DIRECTION ( 'NONE',  ( -0.0000000000000000000, -1.000000000000000000, 0.0000000000000000000 ) ) ;
#2364 = ORIENTED_EDGE ( 'NONE', *, *, #5964, .F. ) ;
#2365 = AXIS2_PLACEMENT_3D ( 'NONE', #5935, #5965, #2963 ) ;
#2366 =( NAMED_UNIT ( * ) PLANE_ANGLE_UNIT ( ) SI_UNIT ( $, .RADIAN. ) );
#2367 = CARTESIAN_POINT ( 'NONE',  ( -4.149999999999999467, -1.649999999999999911, 1.350000000000000089 ) ) ;
#2368 = FILL_AREA_STYLE ('',( #468 ) ) ;
#2369 = CARTESIAN_POINT ( 'NONE',  ( 2.750000000000000444, -4.549999999999999822, -1.149999999999999911 ) ) ;
#2370 = CARTESIAN_POINT ( 'NONE',  ( 0.3499999999999996447, 1.649999999999999911, -1.350000000000000089 ) ) ;
#2371 = VERTEX_POINT ( 'NONE', #3168 ) ;
#2372 = CARTESIAN_POINT ( 'NONE',  ( 3.850000000000000089, -1.650000000000000355, -1.350000000000000089 ) ) ;
#2373 = STYLED_ITEM ( 'NONE', ( #2395 ), #1106 ) ;
#2374 =( GEOMETRIC_REPRESENTATION_CONTEXT ( 3 ) GLOBAL_UNCERTAINTY_ASSIGNED_CONTEXT ( ( #644 ) ) GLOBAL_UNIT_ASSIGNED_CONTEXT ( ( #2600, #3536, #2478 ) ) REPRESENTATION_CONTEXT ( 'NONE', 'WORKASPACE' ) );
#2375 = CARTESIAN_POINT ( 'NONE',  ( -1.800000000000000266, 1.000000000000000000, 3.350000000000000089 ) ) ;
#2376 = EDGE_CURVE ( 'NONE', #1261, #2979, #4991, .T. ) ;
#2377 = CARTESIAN_POINT ( 'NONE',  ( -3.891063282180844407, 1.691063282180844007, -1.450551775759737261 ) ) ;
#2378 = VERTEX_POINT ( 'NONE', #3301 ) ;
#2379 = FACE_OUTER_BOUND ( 'NONE', #5310, .T. ) ;
#2380 = CARTESIAN_POINT ( 'NONE',  ( 2.850000000000000089, 1.749999999999999778, -1.149999999999999911 ) ) ;
#2381 = PRESENTATION_LAYER_ASSIGNMENT (  '', '', ( #3566 ) ) ;
#2382 = EDGE_CURVE ( 'NONE', #87, #1246, #4241, .T. ) ;
#2383 = FILL_AREA_STYLE ('',( #3427 ) ) ;
#2384 = COLOUR_RGB ( '',0.9294117647058823817, 0.9294117647058823817, 0.9372549019607843146 ) ;
#2385 = SURFACE_STYLE_USAGE ( .BOTH. , #3309 ) ;
#2386 = LINE ( 'NONE', #1909, #4613 ) ;
#2387 = CARTESIAN_POINT ( 'NONE',  ( -0.9000000000000001332, -1.000000000000000000, 3.294642898114000129 ) ) ;
#2388 = EDGE_CURVE ( 'NONE', #6140, #1596, #1370, .T. ) ;
#2389 = AXIS2_PLACEMENT_3D ( 'NONE', #5250, #2348, #5686 ) ;
#2390 = SURFACE_SIDE_STYLE ('',( #5729 ) ) ;
#2391 = ORIENTED_EDGE ( 'NONE', *, *, #1415, .T. ) ;
#2392 = CARTESIAN_POINT ( 'NONE',  ( -2.750000000000000444, -4.549999999999999822, -1.149999999999999911 ) ) ;
#2393 = ORIENTED_EDGE ( 'NONE', *, *, #3699, .T. ) ;
#2394 = AXIS2_PLACEMENT_3D ( 'NONE', #2608, #1134, #5891 ) ;
#2395 = PRESENTATION_STYLE_ASSIGNMENT (( #4194 ) ) ;
#2396 = DIRECTION ( 'NONE',  ( 0.0000000000000000000, 1.000000000000000000, 0.0000000000000000000 ) ) ;
#2397 =( LENGTH_UNIT ( ) NAMED_UNIT ( * ) SI_UNIT ( .MILLI., .METRE. ) );
#2398 = VECTOR ( 'NONE', #4807, 1000.000000000000000 ) ;
#2399 = DIRECTION ( 'NONE',  ( 0.0000000000000000000, 0.0000000000000000000, 1.000000000000000000 ) ) ;
#2400 = ORIENTED_EDGE ( 'NONE', *, *, #2843, .T. ) ;
#2401 = FACE_OUTER_BOUND ( 'NONE', #6118, .T. ) ;
#2402 = PRESENTATION_STYLE_ASSIGNMENT (( #2951 ) ) ;
#2403 = ORIENTED_EDGE ( 'NONE', *, *, #5164, .F. ) ;
#2404 = STYLED_ITEM ( 'NONE', ( #1848 ), #4598 ) ;
#2405 = CIRCLE ( 'NONE', #1488, 0.1000000000000000472 ) ;
#2406 = CARTESIAN_POINT ( 'NONE',  ( -4.049999999999999822, -1.650000000000000355, -0.4500000000000000666 ) ) ;
#2407 = MECHANICAL_DESIGN_GEOMETRIC_PRESENTATION_REPRESENTATION (  '', ( #4489 ), #5021 ) ;
#2408 = AXIS2_PLACEMENT_3D ( 'NONE', #4938, #3454, #3517 ) ;
#2409 = LINE ( 'NONE', #2901, #3878 ) ;
#2410 = ORIENTED_EDGE ( 'NONE', *, *, #592, .T. ) ;
#2411 = AXIS2_PLACEMENT_3D ( 'NONE', #4261, #4718, #5707 ) ;
#2412 = ADVANCED_FACE ( 'NONE', ( #5222 ), #958, .F. ) ;
#2413 = DIRECTION ( 'NONE',  ( -1.000000000000000000, 0.0000000000000000000, 0.0000000000000000000 ) ) ;
#2414 = FILL_AREA_STYLE_COLOUR ( '', #2076 ) ;
#2415 = ORIENTED_EDGE ( 'NONE', *, *, #4198, .T. ) ;
#2416 = DIRECTION ( 'NONE',  ( 1.000000000000000000, 0.0000000000000000000, -0.0000000000000000000 ) ) ;
#2417 = EDGE_CURVE ( 'NONE', #2207, #4327, #103, .T. ) ;
#2418 = VERTEX_POINT ( 'NONE', #1022 ) ;
#2419 = ADVANCED_FACE ( 'NONE', ( #4302 ), #3430, .T. ) ;
#2420 = CARTESIAN_POINT ( 'NONE',  ( -3.850000000000000089, 1.649999999999999911, -1.350000000000000089 ) ) ;
#2421 =( GEOMETRIC_REPRESENTATION_CONTEXT ( 3 ) GLOBAL_UNCERTAINTY_ASSIGNED_CONTEXT ( ( #4270 ) ) GLOBAL_UNIT_ASSIGNED_CONTEXT ( ( #146, #2164, #3561 ) ) REPRESENTATION_CONTEXT ( 'NONE', 'WORKASPACE' ) );
#2422 = DIRECTION ( 'NONE',  ( 0.0000000000000000000, 0.0000000000000000000, -1.000000000000000000 ) ) ;
#2423 = DIRECTION ( 'NONE',  ( 0.0000000000000000000, -1.000000000000000000, 0.0000000000000000000 ) ) ;
#2424 = AXIS2_PLACEMENT_3D ( 'NONE', #2839, #5714, #4754 ) ;
#2425 = DIRECTION ( 'NONE',  ( -1.000000000000000000, -0.0000000000000000000, -0.0000000000000000000 ) ) ;
#2426 = ORIENTED_EDGE ( 'NONE', *, *, #254, .F. ) ;
#2427 = DIRECTION ( 'NONE',  ( 1.000000000000000000, 0.0000000000000000000, 0.0000000000000000000 ) ) ;
#2428 = DIRECTION ( 'NONE',  ( -0.0000000000000000000, 0.0000000000000000000, 1.000000000000000000 ) ) ;
#2429 = VERTEX_POINT ( 'NONE', #1054 ) ;
#2430 = LINE ( 'NONE', #3864, #223 ) ;
#2431 =( GEOMETRIC_REPRESENTATION_CONTEXT ( 3 ) GLOBAL_UNCERTAINTY_ASSIGNED_CONTEXT ( ( #45 ) ) GLOBAL_UNIT_ASSIGNED_CONTEXT ( ( #2397, #5759, #1042 ) ) REPRESENTATION_CONTEXT ( 'NONE', 'WORKASPACE' ) );
#2432 = VERTEX_POINT ( 'NONE', #511 ) ;
#2433 = CARTESIAN_POINT ( 'NONE',  ( -0.2500000000000000000, -4.549999999999999822, -1.149999999999999911 ) ) ;
#2434 = CARTESIAN_POINT ( 'NONE',  ( -1.958069979554289963, 0.8932886900874016378, 3.450554240855212562 ) ) ;
#2435 = ORIENTED_EDGE ( 'NONE', *, *, #1118, .T. ) ;
#2436 = FACE_OUTER_BOUND ( 'NONE', #3079, .T. ) ;
#2437 = LINE ( 'NONE', #4334, #5462 ) ;
#2438 = DIRECTION ( 'NONE',  ( 0.0000000000000000000, 0.0000000000000000000, 1.000000000000000000 ) ) ;
#2439 = UNCERTAINTY_MEASURE_WITH_UNIT (LENGTH_MEASURE( 1.000000000000000082E-05 ), #940, 'distance_accuracy_value', 'NONE');
#2440 = EDGE_LOOP ( 'NONE', ( #5001, #4900, #85 ) ) ;
#2441 = EDGE_CURVE ( 'NONE', #2745, #2659, #1989, .T. ) ;
#2442 = FILL_AREA_STYLE_COLOUR ( '', #1347 ) ;
#2443 = ORIENTED_EDGE ( 'NONE', *, *, #2021, .F. ) ;
#2444 = CYLINDRICAL_SURFACE ( 'NONE', #808, 0.1000000000000000472 ) ;
#2445 = LINE ( 'NONE', #921, #3258 ) ;
#2446 = CARTESIAN_POINT ( 'NONE',  ( -3.850000000000000089, 1.649999999999999911, -9.219799999999999329 ) ) ;
#2447 = ADVANCED_FACE ( 'NONE', ( #5745 ), #938, .T. ) ;
#2448 = ADVANCED_FACE ( 'NONE', ( #1863 ), #4845, .T. ) ;
#2449 = CARTESIAN_POINT ( 'NONE',  ( -0.2000000000000000111, 0.8000000000000000444, 3.350000000000000533 ) ) ;
#2450 = AXIS2_PLACEMENT_3D ( 'NONE', #3300, #4844, #2459 ) ;
#2451 = ORIENTED_EDGE ( 'NONE', *, *, #4640, .T. ) ;
#2452 = FACE_OUTER_BOUND ( 'NONE', #3225, .T. ) ;
#2453 = ORIENTED_EDGE ( 'NONE', *, *, #5595, .F. ) ;
#2454 = SURFACE_STYLE_USAGE ( .BOTH. , #70 ) ;
#2455 = DIRECTION ( 'NONE',  ( -0.4472135954999579277, -0.8944271909999158554, 0.0000000000000000000 ) ) ;
#2456 = ORIENTED_EDGE ( 'NONE', *, *, #592, .F. ) ;
#2457 = DIRECTION ( 'NONE',  ( 1.000000000000000000, -0.0000000000000000000, 0.0000000000000000000 ) ) ;
#2458 = EDGE_CURVE ( 'NONE', #1433, #1423, #2409, .T. ) ;
#2459 = DIRECTION ( 'NONE',  ( -1.000000000000000000, 0.0000000000000000000, 0.0000000000000000000 ) ) ;
#2460 = CARTESIAN_POINT ( 'NONE',  ( -3.920710678118655146, 1.720710678118655190, -1.350000000000000311 ) ) ;
#2461 = VERTEX_POINT ( 'NONE', #1512 ) ;
#2462 = VECTOR ( 'NONE', #3832, 1000.000000000000000 ) ;
#2463 = MECHANICAL_DESIGN_GEOMETRIC_PRESENTATION_REPRESENTATION (  '', ( #5254 ), #5855 ) ;
#2464 = DIRECTION ( 'NONE',  ( 0.0000000000000000000, 0.0000000000000000000, -1.000000000000000000 ) ) ;
#2465 =( GEOMETRIC_REPRESENTATION_CONTEXT ( 3 ) GLOBAL_UNCERTAINTY_ASSIGNED_CONTEXT ( ( #4375 ) ) GLOBAL_UNIT_ASSIGNED_CONTEXT ( ( #154, #5333, #623 ) ) REPRESENTATION_CONTEXT ( 'NONE', 'WORKASPACE' ) );
#2466 = PLANE ( 'NONE',  #1541 ) ;
#2467 = FACE_OUTER_BOUND ( 'NONE', #3090, .T. ) ;
#2468 = ORIENTED_EDGE ( 'NONE', *, *, #3869, .F. ) ;
#2469 = CARTESIAN_POINT ( 'NONE',  ( -0.1526752568799130128, -0.9457194117286654711, 3.435529640618162794 ) ) ;
#2470 = ORIENTED_EDGE ( 'NONE', *, *, #2071, .F. ) ;
#2471 = VECTOR ( 'NONE', #456, 1000.000000000000000 ) ;
#2472 = DIRECTION ( 'NONE',  ( -1.000000000000000000, 0.0000000000000000000, 0.0000000000000000000 ) ) ;
#2473 = AXIS2_PLACEMENT_3D ( 'NONE', #4365, #4883, #3284 ) ;
#2474 = VERTEX_POINT ( 'NONE', #5342 ) ;
#2475 = CARTESIAN_POINT ( 'NONE',  ( 2.150000000000000355, -1.750000000000000000, -1.350000000000000089 ) ) ;
#2476 = EDGE_LOOP ( 'NONE', ( #3196, #3694, #3472 ) ) ;
#2477 = LINE ( 'NONE', #556, #1688 ) ;
#2478 =( NAMED_UNIT ( * ) SI_UNIT ( $, .STERADIAN. ) SOLID_ANGLE_UNIT ( ) );
#2479 = AXIS2_PLACEMENT_3D ( 'NONE', #4136, #5129, #2744 ) ;
#2480 = DIRECTION ( 'NONE',  ( -1.000000000000000000, 0.0000000000000000000, 0.0000000000000000000 ) ) ;
#2481 = EDGE_CURVE ( 'NONE', #5656, #5999, #300, .T. ) ;
#2482 = AXIS2_PLACEMENT_3D ( 'NONE', #5271, #4232, #6149 ) ;
#2483 = LINE ( 'NONE', #2917, #2577 ) ;
#2484 = EDGE_LOOP ( 'NONE', ( #1535, #3765, #3029, #3374 ) ) ;
#2485 = CARTESIAN_POINT ( 'NONE',  ( -4.150000000000000355, -1.649999999999999911, -0.3499999999999999778 ) ) ;
#2486 = VERTEX_POINT ( 'NONE', #2548 ) ;
#2487 = FACE_OUTER_BOUND ( 'NONE', #2022, .T. ) ;
#2488 = FACE_OUTER_BOUND ( 'NONE', #3706, .T. ) ;
#2489 = ORIENTED_EDGE ( 'NONE', *, *, #2267, .T. ) ;
#2490 = LINE ( 'NONE', #3483, #896 ) ;
#2491 = FILL_AREA_STYLE_COLOUR ( '', #997 ) ;
#2492 = AXIS2_PLACEMENT_3D ( 'NONE', #1230, #2271, #1781 ) ;
#2493 = EDGE_CURVE ( 'NONE', #4164, #3340, #5283, .T. ) ;
#2494 = AXIS2_PLACEMENT_3D ( 'NONE', #728, #2161, #1522 ) ;
#2495 = CARTESIAN_POINT ( 'NONE',  ( -2.149999999999999911, 2.100000000000000089, -1.149999999999999911 ) ) ;
#2496 = ORIENTED_EDGE ( 'NONE', *, *, #3521, .F. ) ;
#2497 = ADVANCED_FACE ( 'NONE', ( #1116 ), #3926, .T. ) ;
#2498 = DIRECTION ( 'NONE',  ( 0.0000000000000000000, 0.0000000000000000000, -1.000000000000000000 ) ) ;
#2499 = ADVANCED_FACE ( 'NONE', ( #166 ), #5901, .T. ) ;
#2500 = AXIS2_PLACEMENT_3D ( 'NONE', #2981, #3041, #252 ) ;
#2501 = CARTESIAN_POINT ( 'NONE',  ( -4.049999999999998934, 1.750000000000000000, -0.3500000000000000333 ) ) ;
#2502 = CARTESIAN_POINT ( 'NONE',  ( -3.850000000000000089, 1.650000000000000355, -1.350000000000000089 ) ) ;
#2503 = VERTEX_POINT ( 'NONE', #3456 ) ;
#2504 = CARTESIAN_POINT ( 'NONE',  ( -3.950000000000000178, 1.649999999999999911, -0.5500000000000000444 ) ) ;
#2505 = DIRECTION ( 'NONE',  ( 0.0000000000000000000, 0.0000000000000000000, -1.000000000000000000 ) ) ;
#2506 =( GEOMETRIC_REPRESENTATION_CONTEXT ( 3 ) GLOBAL_UNCERTAINTY_ASSIGNED_CONTEXT ( ( #5943 ) ) GLOBAL_UNIT_ASSIGNED_CONTEXT ( ( #4447, #5864, #5926 ) ) REPRESENTATION_CONTEXT ( 'NONE', 'WORKASPACE' ) );
#2507 = ORIENTED_EDGE ( 'NONE', *, *, #4834, .T. ) ;
#2508 = ORIENTED_EDGE ( 'NONE', *, *, #631, .F. ) ;
#2509 = FACE_OUTER_BOUND ( 'NONE', #807, .T. ) ;
#2510 = LINE ( 'NONE', #1502, #1470 ) ;
#2511 = ORIENTED_EDGE ( 'NONE', *, *, #2947, .F. ) ;
#2512 = DIRECTION ( 'NONE',  ( 0.0000000000000000000, -0.0000000000000000000, 1.000000000000000000 ) ) ;
#2513 = ORIENTED_EDGE ( 'NONE', *, *, #484, .F. ) ;
#2514 = DIRECTION ( 'NONE',  ( 0.0000000000000000000, 0.0000000000000000000, -1.000000000000000000 ) ) ;
#2515 =( NAMED_UNIT ( * ) SI_UNIT ( $, .STERADIAN. ) SOLID_ANGLE_UNIT ( ) );
#2516 = EDGE_CURVE ( 'NONE', #3099, #4767, #658, .T. ) ;
#2517 = ORIENTED_EDGE ( 'NONE', *, *, #288, .F. ) ;
#2518 =( NAMED_UNIT ( * ) PLANE_ANGLE_UNIT ( ) SI_UNIT ( $, .RADIAN. ) );
#2519 = STYLED_ITEM ( 'NONE', ( #4403 ), #5095 ) ;
#2520 = CARTESIAN_POINT ( 'NONE',  ( -4.049999999999999822, 1.649999999999999911, -0.3499999999999999778 ) ) ;
#2521 = VERTEX_POINT ( 'NONE', #3547 ) ;
#2522 = ADVANCED_FACE ( 'NONE', ( #5958 ), #3954, .T. ) ;
#2523 = CARTESIAN_POINT ( 'NONE',  ( -0.5500000000000001554, 0.9000000000000000222, 3.449999999999999734 ) ) ;
#2524 =( BOUNDED_CURVE ( )  B_SPLINE_CURVE ( 3, ( #199, #4452, #5934, #2552 ),
 .UNSPECIFIED., .F., .T. ) 
 B_SPLINE_CURVE_WITH_KNOTS ( ( 4, 4 ),
 ( 3.141592653589793116, 4.712388980384689674 ),
 .UNSPECIFIED. ) 
 CURVE ( )  GEOMETRIC_REPRESENTATION_ITEM ( )  RATIONAL_B_SPLINE_CURVE ( ( 1.000000000000000000, 0.8047378541243649375, 0.8047378541243649375, 1.000000000000000000 ) ) 
 REPRESENTATION_ITEM ( '' )  );
#2525 = VECTOR ( 'NONE', #724, 1000.000000000000000 ) ;
#2526 = DIRECTION ( 'NONE',  ( -0.0000000000000000000, -1.000000000000000000, -0.0000000000000000000 ) ) ;
#2527 = EDGE_CURVE ( 'NONE', #2207, #988, #3166, .T. ) ;
#2528 = EDGE_CURVE ( 'NONE', #2774, #352, #2090, .T. ) ;
#2529 = CARTESIAN_POINT ( 'NONE',  ( -3.949999999999999734, 1.708578643762690641, -0.5500000000000000444 ) ) ;
#2530 = VECTOR ( 'NONE', #1813, 1000.000000000000000 ) ;
#2531 = ORIENTED_EDGE ( 'NONE', *, *, #747, .F. ) ;
#2532 = CARTESIAN_POINT ( 'NONE',  ( -1.798510247595492162, 0.9580629591093358099, 3.450554240855212562 ) ) ;
#2533 = SURFACE_STYLE_USAGE ( .BOTH. , #1644 ) ;
#2534 = DIRECTION ( 'NONE',  ( 0.0000000000000000000, -1.000000000000000000, 0.0000000000000000000 ) ) ;
#2535 = CARTESIAN_POINT ( 'NONE',  ( 4.220710678118654968, -1.649999999999999911, 1.420710678118654924 ) ) ;
#2536 = PLANE ( 'NONE',  #2551 ) ;
#2537 = ORIENTED_EDGE ( 'NONE', *, *, #3057, .F. ) ;
#2538 = CARTESIAN_POINT ( 'NONE',  ( -4.262442236293275677, 1.650000000000000577, -0.3789791199440419311 ) ) ;
#2539 = CARTESIAN_POINT ( 'NONE',  ( -0.2000000000000000111, -0.8164711886251000417, 3.350000000000000089 ) ) ;
#2540 = DIRECTION ( 'NONE',  ( -1.000000000000000000, -0.0000000000000000000, -0.0000000000000000000 ) ) ;
#2541 = DIRECTION ( 'NONE',  ( -1.000000000000000000, 0.0000000000000000000, -0.0000000000000000000 ) ) ;
#2542 = VERTEX_POINT ( 'NONE', #1573 ) ;
#2543 = CARTESIAN_POINT ( 'NONE',  ( 3.850000000000000089, -1.750000000000000000, -0.5500000000000000444 ) ) ;
#2544 = ORIENTED_EDGE ( 'NONE', *, *, #4624, .T. ) ;
#2545 = DIRECTION ( 'NONE',  ( 0.0000000000000000000, 0.0000000000000000000, -1.000000000000000000 ) ) ;
#2546 = VERTEX_POINT ( 'NONE', #3519 ) ;
#2547 = PRESENTATION_LAYER_ASSIGNMENT (  '', '', ( #172 ) ) ;
#2548 = CARTESIAN_POINT ( 'NONE',  ( -1.100000000000000089, -1.000000000000000000, 3.294642898114000129 ) ) ;
#2549 = ORIENTED_EDGE ( 'NONE', *, *, #885, .T. ) ;
#2550 = CARTESIAN_POINT ( 'NONE',  ( -0.2000000000000000111, -0.8000000000000000444, 0.9499999999999995115 ) ) ;
#2551 = AXIS2_PLACEMENT_3D ( 'NONE', #1036, #178, #1245 ) ;
#2552 = CARTESIAN_POINT ( 'NONE',  ( -1.000000000000000444, 0.9000000000000000222, 3.449999999999999734 ) ) ;
#2553 = EDGE_CURVE ( 'NONE', #104, #4767, #3488, .T. ) ;
#2554 = CARTESIAN_POINT ( 'NONE',  ( -4.150000000000000355, -1.650000000000000355, -0.3499999999999999778 ) ) ;
#2555 = DIRECTION ( 'NONE',  ( -1.000000000000000000, 0.0000000000000000000, -0.0000000000000000000 ) ) ;
#2556 = EDGE_LOOP ( 'NONE', ( #3414, #2216, #3224, #3949 ) ) ;
#2557 =( BOUNDED_SURFACE ( )  B_SPLINE_SURFACE ( 3, 3, ( 
 ( #2321, #1704, #1766, #6001 ),
 ( #878, #2648, #4695, #298 ),
 ( #758, #5561, #6031, #1273 ),
 ( #4214, #1833, #3269, #2192 ) ),
 .UNSPECIFIED., .F., .F., .F. ) 
 B_SPLINE_SURFACE_WITH_KNOTS ( ( 4, 4 ),
 ( 4, 4 ),
 ( 0.0000000000000000000, 1.000000000000000000 ),
 ( 0.0000000000000000000, 1.000000000000000000 ),
 .UNSPECIFIED. ) 
 GEOMETRIC_REPRESENTATION_ITEM ( )  RATIONAL_B_SPLINE_SURFACE ( (
 ( 1.000000000000000000, 0.8047378541243658256, 0.8047378541243658256, 1.000000000000000000),
 ( 0.8025111867385954501, 0.6458111303268154746, 0.6458111303268154746, 0.8025111867385954501),
 ( 0.8025111867385954501, 0.6458111303268154746, 0.6458111303268154746, 0.8025111867385954501),
 ( 1.000000000000000000, 0.8047378541243658256, 0.8047378541243658256, 1.000000000000000000) ) ) 
 REPRESENTATION_ITEM ( '' )  SURFACE ( )  );
#2558 = CARTESIAN_POINT ( 'NONE',  ( -0.2999999999999999889, 6.312599999999999767, 3.294642898114000129 ) ) ;
#2559 = CARTESIAN_POINT ( 'NONE',  ( -0.1057057416299875818, -0.8477733885546272496, 3.449837089863696526 ) ) ;
#2560 = ORIENTED_EDGE ( 'NONE', *, *, #414, .F. ) ;
#2561 = DIRECTION ( 'NONE',  ( 0.0000000000000000000, 0.0000000000000000000, -1.000000000000000000 ) ) ;
#2562 = EDGE_CURVE ( 'NONE', #127, #1692, #2153, .T. ) ;
#2563 = VECTOR ( 'NONE', #6119, 1000.000000000000000 ) ;
#2564 = UNCERTAINTY_MEASURE_WITH_UNIT (LENGTH_MEASURE( 1.000000000000000082E-05 ), #3736, 'distance_accuracy_value', 'NONE');
#2565 = VERTEX_POINT ( 'NONE', #1665 ) ;
#2566 = VECTOR ( 'NONE', #1435, 1000.000000000000000 ) ;
#2567 = VERTEX_POINT ( 'NONE', #5990 ) ;
#2568 = CYLINDRICAL_SURFACE ( 'NONE', #1308, 0.09999999999999982514 ) ;
#2569 = CARTESIAN_POINT ( 'NONE',  ( 4.150000000000001243, -1.650000000000000133, -0.4500000000000000111 ) ) ;
#2570 = EDGE_CURVE ( 'NONE', #2079, #953, #1880, .T. ) ;
#2571 = EDGE_CURVE ( 'NONE', #689, #3996, #5380, .T. ) ;
#2572 = CARTESIAN_POINT ( 'NONE',  ( 4.150000000000000355, 1.720710678118654746, -0.4207106781186547018 ) ) ;
#2573 = CARTESIAN_POINT ( 'NONE',  ( 0.3499999999999999778, -2.850000000000000089, -1.449999999999999956 ) ) ;
#2574 = ORIENTED_EDGE ( 'NONE', *, *, #4323, .F. ) ;
#2575 = FACE_OUTER_BOUND ( 'NONE', #4415, .T. ) ;
#2576 = ORIENTED_EDGE ( 'NONE', *, *, #5670, .F. ) ;
#2577 = VECTOR ( 'NONE', #1977, 1000.000000000000000 ) ;
#2578 = CARTESIAN_POINT ( 'NONE',  ( 0.0000000000000000000, -1.000000000000000000, 0.9499999999999999556 ) ) ;
#2579 = VERTEX_POINT ( 'NONE', #5093 ) ;
#2580 = CARTESIAN_POINT ( 'NONE',  ( -1.832193390202430106, -0.9652065059285643844, 3.425958089247607585 ) ) ;
#2581 = VECTOR ( 'NONE', #2778, 1000.000000000000000 ) ;
#2582 = ORIENTED_EDGE ( 'NONE', *, *, #4973, .F. ) ;
#2583 = VECTOR ( 'NONE', #159, 1000.000000000000000 ) ;
#2584 = DIRECTION ( 'NONE',  ( -1.000000000000000000, 0.0000000000000000000, 0.0000000000000000000 ) ) ;
#2585 = AXIS2_PLACEMENT_3D ( 'NONE', #1095, #4886, #4526 ) ;
#2586 = VECTOR ( 'NONE', #3850, 1000.000000000000000 ) ;
#2587 = VERTEX_POINT ( 'NONE', #6082 ) ;
#2588 = CARTESIAN_POINT ( 'NONE',  ( -2.250000000000000444, 2.100000000000000089, -1.149999999999999911 ) ) ;
#2589 = DIRECTION ( 'NONE',  ( 0.0000000000000000000, -0.0000000000000000000, 1.000000000000000000 ) ) ;
#2590 = ORIENTED_EDGE ( 'NONE', *, *, #632, .F. ) ;
#2591 = CARTESIAN_POINT ( 'NONE',  ( -4.150000000000000355, -1.720710678118654302, -0.4207106781186561451 ) ) ;
#2592 = EDGE_CURVE ( 'NONE', #4096, #4273, #1210, .T. ) ;
#2593 = VECTOR ( 'NONE', #3384, 1000.000000000000114 ) ;
#2594 = DIRECTION ( 'NONE',  ( -0.0000000000000000000, 1.000000000000000000, -0.0000000000000000000 ) ) ;
#2595 = VECTOR ( 'NONE', #1808, 1000.000000000000000 ) ;
#2596 = CARTESIAN_POINT ( 'NONE',  ( 4.245156458918385667, -1.709017335549511518, 1.396264897318923559 ) ) ;
#2597 = VECTOR ( 'NONE', #720, 1000.000000000000000 ) ;
#2598 = CARTESIAN_POINT ( 'NONE',  ( 3.649999999999999911, -1.449999999999999956, -1.449999999999999956 ) ) ;
#2599 = ORIENTED_EDGE ( 'NONE', *, *, #4118, .F. ) ;
#2600 =( LENGTH_UNIT ( ) NAMED_UNIT ( * ) SI_UNIT ( .MILLI., .METRE. ) );
#2601 = EDGE_CURVE ( 'NONE', #5483, #82, #3975, .T. ) ;
#2602 = PRESENTATION_LAYER_ASSIGNMENT (  '', '', ( #128 ) ) ;
#2603 = CARTESIAN_POINT ( 'NONE',  ( 3.850000000000000089, -1.750000000000000000, 0.0000000000000000000 ) ) ;
#2604 = EDGE_CURVE ( 'NONE', #4685, #1581, #4103, .T. ) ;
#2605 = CARTESIAN_POINT ( 'NONE',  ( 4.232713191421225929, -1.750551775759737971, -0.3494133729404627076 ) ) ;
#2606 = EDGE_CURVE ( 'NONE', #1737, #1574, #1726, .T. ) ;
#2607 = ORIENTED_EDGE ( 'NONE', *, *, #560, .F. ) ;
#2608 = CARTESIAN_POINT ( 'NONE',  ( 4.150000000000000355, 6.312599999999999767, 1.350000000000000089 ) ) ;
#2609 = VERTEX_POINT ( 'NONE', #750 ) ;
#2610 = SURFACE_STYLE_FILL_AREA ( #2085 ) ;
#2611 = EDGE_LOOP ( 'NONE', ( #1588, #5410, #2139, #5264, #2279 ) ) ;
#2612 = LINE ( 'NONE', #4513, #619 ) ;
#2613 = ORIENTED_EDGE ( 'NONE', *, *, #1805, .F. ) ;
#2614 = VECTOR ( 'NONE', #5537, 1000.000000000000000 ) ;
#2615 = DIRECTION ( 'NONE',  ( 0.0000000000000000000, 0.0000000000000000000, 1.000000000000000000 ) ) ;
#2616 = EDGE_LOOP ( 'NONE', ( #5100, #4008, #5384, #5754 ) ) ;
#2617 = CARTESIAN_POINT ( 'NONE',  ( 2.850000000000000089, 2.250000000000000444, -1.149999999999999911 ) ) ;
#2618 = VECTOR ( 'NONE', #5162, 1000.000000000000000 ) ;
#2619 = CARTESIAN_POINT ( 'NONE',  ( -3.849999999999999645, 1.750000000000000000, -0.5500000000000000444 ) ) ;
#2620 = ORIENTED_EDGE ( 'NONE', *, *, #5880, .F. ) ;
#2621 = LINE ( 'NONE', #5813, #1482 ) ;
#2622 = CARTESIAN_POINT ( 'NONE',  ( -0.6500000000000001332, 1.000000000000000000, 3.350000000000000089 ) ) ;
#2623 = VERTEX_POINT ( 'NONE', #3103 ) ;
#2624 = VECTOR ( 'NONE', #2759, 1000.000000000000000 ) ;
#2625 = UNCERTAINTY_MEASURE_WITH_UNIT (LENGTH_MEASURE( 1.000000000000000082E-05 ), #5369, 'distance_accuracy_value', 'NONE');
#2626 = CARTESIAN_POINT ( 'NONE',  ( 4.220710678118653192, -1.709017335549511074, 1.420710678118655146 ) ) ;
#2627 = ORIENTED_EDGE ( 'NONE', *, *, #5515, .F. ) ;
#2628 = CARTESIAN_POINT ( 'NONE',  ( -4.220710678118650527, 1.709017335549512406, -0.4207106781186614186 ) ) ;
#2629 = CARTESIAN_POINT ( 'NONE',  ( 2.700000000000000178, 0.8500000000000000888, -1.750000000000000000 ) ) ;
#2630 = DIRECTION ( 'NONE',  ( 0.0000000000000000000, -1.000000000000000000, 0.0000000000000000000 ) ) ;
#2631 = EDGE_CURVE ( 'NONE', #1602, #536, #4132, .T. ) ;
#2632 = CARTESIAN_POINT ( 'NONE',  ( 4.262442236293276565, 1.678979119944033593, 1.384571554749779443 ) ) ;
#2633 = ORIENTED_EDGE ( 'NONE', *, *, #5817, .T. ) ;
#2634 = FACE_OUTER_BOUND ( 'NONE', #4902, .T. ) ;
#2635 = ORIENTED_EDGE ( 'NONE', *, *, #2637, .T. ) ;
#2636 = DIRECTION ( 'NONE',  ( 0.0000000000000000000, 0.0000000000000000000, -1.000000000000000000 ) ) ;
#2637 = EDGE_CURVE ( 'NONE', #1304, #5980, #3229, .T. ) ;
#2638 = DIRECTION ( 'NONE',  ( -1.000000000000000000, 0.0000000000000000000, -0.0000000000000000000 ) ) ;
#2639 = ORIENTED_EDGE ( 'NONE', *, *, #2982, .F. ) ;
#2640 = CARTESIAN_POINT ( 'NONE',  ( 2.700000000000000178, -1.449999999999999956, -1.750000000000000000 ) ) ;
#2641 = DIRECTION ( 'NONE',  ( 1.000000000000000000, -0.0000000000000000000, -0.0000000000000000000 ) ) ;
#2642 = ADVANCED_FACE ( 'NONE', ( #3609 ), #3161, .F. ) ;
#2643 = LINE ( 'NONE', #3139, #4336 ) ;
#2644 = LINE ( 'NONE', #3995, #3068 ) ;
#2645 = ORIENTED_EDGE ( 'NONE', *, *, #5324, .T. ) ;
#2646 = PRESENTATION_LAYER_ASSIGNMENT (  '', '', ( #5653 ) ) ;
#2647 = ORIENTED_EDGE ( 'NONE', *, *, #1305, .F. ) ;
#2648 = CARTESIAN_POINT ( 'NONE',  ( 3.945156458918385844, -1.696264897318923603, -1.409017335549510808 ) ) ;
#2649 = DIRECTION ( 'NONE',  ( 1.000000000000000000, 0.0000000000000000000, 0.0000000000000000000 ) ) ;
#2650 = CARTESIAN_POINT ( 'NONE',  ( 4.232713191421223264, -1.750551775759737527, 1.349413372940462708 ) ) ;
#2651 = LINE ( 'NONE', #301, #6101 ) ;
#2652 = DIRECTION ( 'NONE',  ( -0.0000000000000000000, -1.000000000000000000, -0.0000000000000000000 ) ) ;
#2653 = EDGE_LOOP ( 'NONE', ( #4212, #3756, #4860, #3008, #3526 ) ) ;
#2654 = COLOUR_RGB ( '',0.9294117647058823817, 0.9294117647058823817, 0.9372549019607843146 ) ;
#2655 = DIRECTION ( 'NONE',  ( 0.0000000000000000000, 0.0000000000000000000, 1.000000000000000000 ) ) ;
#2656 = SURFACE_STYLE_FILL_AREA ( #5051 ) ;
#2657 = CARTESIAN_POINT ( 'NONE',  ( -1.550000000000000044, -1.000000000000000000, 3.408578643762690596 ) ) ;
#2658 = CARTESIAN_POINT ( 'NONE',  ( 4.220710678118655856, 1.720710678118655190, 1.350000000000000089 ) ) ;
#2659 = VERTEX_POINT ( 'NONE', #6117 ) ;
#2660 = FILL_AREA_STYLE ('',( #3574 ) ) ;
#2661 = ORIENTED_EDGE ( 'NONE', *, *, #3713, .T. ) ;
#2662 =( NAMED_UNIT ( * ) SI_UNIT ( $, .STERADIAN. ) SOLID_ANGLE_UNIT ( ) );
#2663 = CARTESIAN_POINT ( 'NONE',  ( -1.550000000000000266, 1.000000000000000000, 3.294642898114000129 ) ) ;
#2664 = AXIS2_PLACEMENT_3D ( 'NONE', #4951, #643, #4921 ) ;
#2665 = EDGE_CURVE ( 'NONE', #5160, #3033, #6054, .T. ) ;
#2666 = SURFACE_SIDE_STYLE ('',( #3226 ) ) ;
#2667 = CIRCLE ( 'NONE', #2969, 0.1000000000000000194 ) ;
#2668 = CARTESIAN_POINT ( 'NONE',  ( -0.1000000000002608525, 0.7999999999999908296, 3.450000000000399414 ) ) ;
#2669 = ORIENTED_EDGE ( 'NONE', *, *, #6077, .T. ) ;
#2670 = FACE_OUTER_BOUND ( 'NONE', #4961, .T. ) ;
#2671 = ORIENTED_EDGE ( 'NONE', *, *, #2562, .T. ) ;
#2672 = CARTESIAN_POINT ( 'NONE',  ( 4.196264897318924270, -1.709017335549511074, 1.445156458918386511 ) ) ;
#2673 = ADVANCED_FACE ( 'NONE', ( #2670 ), #4619, .T. ) ;
#2674 = VECTOR ( 'NONE', #5062, 1000.000000000000000 ) ;
#2675 = CARTESIAN_POINT ( 'NONE',  ( -2.850000000000000089, 1.649999999999999911, -1.449999999999999956 ) ) ;
#2676 = DIRECTION ( 'NONE',  ( 1.000000000000000000, -0.0000000000000000000, -0.0000000000000000000 ) ) ;
#2677 = EDGE_CURVE ( 'NONE', #5192, #3773, #2215, .T. ) ;
#2678 = ORIENTED_EDGE ( 'NONE', *, *, #734, .T. ) ;
#2679 = AXIS2_PLACEMENT_3D ( 'NONE', #2485, #4009, #2014 ) ;
#2680 = ADVANCED_FACE ( 'NONE', ( #2401 ), #898, .T. ) ;
#2681 = DIRECTION ( 'NONE',  ( 1.000000000000000000, 0.0000000000000000000, -0.0000000000000000000 ) ) ;
#2682 = DIRECTION ( 'NONE',  ( 0.0000000000000000000, 1.000000000000000000, 0.0000000000000000000 ) ) ;
#2683 = SURFACE_STYLE_FILL_AREA ( #5471 ) ;
#2684 =( NAMED_UNIT ( * ) PLANE_ANGLE_UNIT ( ) SI_UNIT ( $, .RADIAN. ) );
#2685 = CARTESIAN_POINT ( 'NONE',  ( 4.149333577425370123, -1.749995558710894850, -0.3493335774253688020 ) ) ;
#2686 =( GEOMETRIC_REPRESENTATION_CONTEXT ( 3 ) GLOBAL_UNCERTAINTY_ASSIGNED_CONTEXT ( ( #3116 ) ) GLOBAL_UNIT_ASSIGNED_CONTEXT ( ( #38, #1951, #4325 ) ) REPRESENTATION_CONTEXT ( 'NONE', 'WORKASPACE' ) );
#2687 = ORIENTED_EDGE ( 'NONE', *, *, #3249, .F. ) ;
#2688 = AXIS2_PLACEMENT_3D ( 'NONE', #1912, #2438, #1000 ) ;
#2689 = LINE ( 'NONE', #4604, #3407 ) ;
#2690 = DIRECTION ( 'NONE',  ( 1.000000000000000000, -0.0000000000000000000, 0.0000000000000000000 ) ) ;
#2691 = LINE ( 'NONE', #5607, #2237 ) ;
#2692 = DIRECTION ( 'NONE',  ( 0.7071067811865475727, 0.0000000000000000000, 0.7071067811865475727 ) ) ;
#2693 = ORIENTED_EDGE ( 'NONE', *, *, #6169, .T. ) ;
#2694 = CARTESIAN_POINT ( 'NONE',  ( 3.920710678118655146, -1.720710678118654968, -1.350000000000000089 ) ) ;
#2695 = ORIENTED_EDGE ( 'NONE', *, *, #3792, .T. ) ;
#2696 = FILL_AREA_STYLE_COLOUR ( '', #3691 ) ;
#2697 = CIRCLE ( 'NONE', #2585, 0.1000000000000000472 ) ;
#2698 = DIRECTION ( 'NONE',  ( -0.0000000000000000000, 0.0000000000000000000, -1.000000000000000000 ) ) ;
#2699 = DIRECTION ( 'NONE',  ( -1.000000000000000000, -0.0000000000000000000, 0.0000000000000000000 ) ) ;
#2700 = ORIENTED_EDGE ( 'NONE', *, *, #897, .T. ) ;
#2701 = DIRECTION ( 'NONE',  ( 0.0000000000000000000, 0.0000000000000000000, 1.000000000000000000 ) ) ;
#2702 = EDGE_LOOP ( 'NONE', ( #4890, #6016, #727, #2243 ) ) ;
#2703 = CARTESIAN_POINT ( 'NONE',  ( 4.178979119944034260, -1.650000000000000577, 1.462442236293276521 ) ) ;
#2704 = LINE ( 'NONE', #1357, #2205 ) ;
#2705 = CIRCLE ( 'NONE', #3910, 0.1000000000000000472 ) ;
#2706 = DIRECTION ( 'NONE',  ( 0.0000000000000000000, 0.0000000000000000000, 1.000000000000000000 ) ) ;
#2707 = EDGE_CURVE ( 'NONE', #1844, #1718, #5681, .T. ) ;
#2708 = PRODUCT ( '99746D1C-13F6-49B6-B921-828019F3DE23', '99746D1C-13F6-49B6-B921-828019F3DE23', '', ( #1465 ) ) ;
#2709 = DIRECTION ( 'NONE',  ( 0.0000000000000000000, -1.000000000000000000, -0.0000000000000000000 ) ) ;
#2710 = EDGE_LOOP ( 'NONE', ( #2182, #981, #4936, #1438 ) ) ;
#2711 = FACE_OUTER_BOUND ( 'NONE', #4303, .T. ) ;
#2712 = CARTESIAN_POINT ( 'NONE',  ( -4.150000000000000355, 1.649999999999999911, -9.219799999999999329 ) ) ;
#2713 =( NAMED_UNIT ( * ) PLANE_ANGLE_UNIT ( ) SI_UNIT ( $, .RADIAN. ) );
#2714 = CARTESIAN_POINT ( 'NONE',  ( 3.949999999999999734, 1.649999999999999911, -0.4914213562373093702 ) ) ;
#2715 = EDGE_CURVE ( 'NONE', #5700, #3675, #2890, .T. ) ;
#2716 = ADVANCED_FACE ( 'NONE', ( #93 ), #1474, .F. ) ;
#2717 = CYLINDRICAL_SURFACE ( 'NONE', #5348, 0.09999999999999982514 ) ;
#2718 = AXIS2_PLACEMENT_3D ( 'NONE', #924, #2831, #3194 ) ;
#2719 = DIRECTION ( 'NONE',  ( 0.0000000000000000000, 0.0000000000000000000, -1.000000000000000000 ) ) ;
#2720 = CARTESIAN_POINT ( 'NONE',  ( -2.750000000000000000, -3.049999999999999822, -1.449999999999999956 ) ) ;
#2721 = VERTEX_POINT ( 'NONE', #979 ) ;
#2722 = DIRECTION ( 'NONE',  ( 0.0000000000000000000, 1.000000000000000000, -0.0000000000000000000 ) ) ;
#2723 = DIRECTION ( 'NONE',  ( 0.0000000000000000000, 0.0000000000000000000, -1.000000000000000000 ) ) ;
#2724 = DIRECTION ( 'NONE',  ( 0.0000000000000000000, 0.0000000000000000000, -1.000000000000000000 ) ) ;
#2725 =( BOUNDED_SURFACE ( )  B_SPLINE_SURFACE ( 3, 3, ( 
 ( #1759, #4169, #1212, #2741 ),
 ( #2703, #3105, #2672, #5526 ),
 ( #5992, #3668, #5156, #2314 ),
 ( #6024, #353, #5587, #1264 ) ),
 .UNSPECIFIED., .F., .F., .F. ) 
 B_SPLINE_SURFACE_WITH_KNOTS ( ( 4, 4 ),
 ( 4, 4 ),
 ( 0.0000000000000000000, 1.000000000000000000 ),
 ( 0.0000000000000000000, 1.000000000000000000 ),
 .UNSPECIFIED. ) 
 GEOMETRIC_REPRESENTATION_ITEM ( )  RATIONAL_B_SPLINE_SURFACE ( (
 ( 1.000000000000000000, 0.8047378541243658256, 0.8047378541243658256, 1.000000000000000000),
 ( 0.8025111867385907871, 0.6458111303268118109, 0.6458111303268118109, 0.8025111867385907871),
 ( 0.8025111867385907871, 0.6458111303268118109, 0.6458111303268118109, 0.8025111867385907871),
 ( 1.000000000000000000, 0.8047378541243658256, 0.8047378541243658256, 1.000000000000000000) ) ) 
 REPRESENTATION_ITEM ( '' )  SURFACE ( )  );
#2726 = EDGE_CURVE ( 'NONE', #5969, #3675, #1893, .T. ) ;
#2727 = CARTESIAN_POINT ( 'NONE',  ( 3.778626039772357448, 1.708576042115767857, -1.420041115078379823 ) ) ;
#2728 = CARTESIAN_POINT ( 'NONE',  ( 4.191063282180843785, 1.691063282180843563, 1.450551775759736595 ) ) ;
#2729 = ORIENTED_EDGE ( 'NONE', *, *, #4278, .T. ) ;
#2730 = CARTESIAN_POINT ( 'NONE',  ( 3.878979119944034437, -1.762442236293275455, -1.384571554749779887 ) ) ;
#2731 = VERTEX_POINT ( 'NONE', #3294 ) ;
#2732 =( NAMED_UNIT ( * ) PLANE_ANGLE_UNIT ( ) SI_UNIT ( $, .RADIAN. ) );
#2733 = LINE ( 'NONE', #863, #1157 ) ;
#2734 = FILL_AREA_STYLE ('',( #4069 ) ) ;
#2735 = PRESENTATION_STYLE_ASSIGNMENT (( #5121 ) ) ;
#2736 = LINE ( 'NONE', #2213, #5963 ) ;
#2737 = VERTEX_POINT ( 'NONE', #68 ) ;
#2738 = SURFACE_STYLE_FILL_AREA ( #5033 ) ;
#2739 = VERTEX_POINT ( 'NONE', #2369 ) ;
#2740 = DIRECTION ( 'NONE',  ( -1.000000000000000000, 0.0000000000000000000, -0.0000000000000000000 ) ) ;
#2741 = CARTESIAN_POINT ( 'NONE',  ( 4.220710678118654968, -1.649999999999999911, 1.420710678118655146 ) ) ;
#2742 = DIRECTION ( 'NONE',  ( -0.0000000000000000000, 1.000000000000000000, -0.0000000000000000000 ) ) ;
#2743 = CARTESIAN_POINT ( 'NONE',  ( -3.920710678118655146, 1.720710678118654746, -1.350000000000000089 ) ) ;
#2744 = DIRECTION ( 'NONE',  ( 0.0000000000000000000, 0.0000000000000000000, 1.000000000000000000 ) ) ;
#2745 = VERTEX_POINT ( 'NONE', #1949 ) ;
#2746 = DIRECTION ( 'NONE',  ( 0.0000000000000000000, 1.000000000000000000, 0.0000000000000000000 ) ) ;
#2747 = CARTESIAN_POINT ( 'NONE',  ( -4.249995558710894628, -1.690753094020497560, -0.3079140608302414206 ) ) ;
#2748 = FILL_AREA_STYLE ('',( #3240 ) ) ;
#2749 = LINE ( 'NONE', #428, #5987 ) ;
#2750 = ADVANCED_FACE ( 'NONE', ( #2452 ), #2834, .F. ) ;
#2751 = VECTOR ( 'NONE', #2706, 1000.000000000000000 ) ;
#2752 = CYLINDRICAL_SURFACE ( 'NONE', #1242, 0.1999999999999998723 ) ;
#2753 = CARTESIAN_POINT ( 'NONE',  ( 4.107914060830242242, -1.749995558710895738, -0.3907530940204968495 ) ) ;
#2754 = EDGE_CURVE ( 'NONE', #4911, #4653, #109, .T. ) ;
#2755 = CARTESIAN_POINT ( 'NONE',  ( -1.899999999999999911, 0.8000000000000000444, 3.350000000000000089 ) ) ;
#2756 = SURFACE_STYLE_FILL_AREA ( #305 ) ;
#2757 = DIRECTION ( 'NONE',  ( 0.0000000000000000000, 0.0000000000000000000, -1.000000000000000000 ) ) ;
#2758 = VECTOR ( 'NONE', #6007, 1000.000000000000000 ) ;
#2759 = DIRECTION ( 'NONE',  ( -1.000000000000000000, -0.0000000000000000000, 0.0000000000000000000 ) ) ;
#2760 = CYLINDRICAL_SURFACE ( 'NONE', #2473, 0.1000000000000000472 ) ;
#2761 = MECHANICAL_DESIGN_GEOMETRIC_PRESENTATION_REPRESENTATION (  '', ( #5165 ), #6057 ) ;
#2762 = EDGE_LOOP ( 'NONE', ( #712, #4370, #5147, #4816, #5738 ) ) ;
#2763 = ADVANCED_FACE ( 'NONE', ( #5186 ), #4721, .T. ) ;
#2764 = ORIENTED_EDGE ( 'NONE', *, *, #2236, .T. ) ;
#2765 = EDGE_CURVE ( 'NONE', #2260, #2795, #2783, .T. ) ;
#2766 =( BOUNDED_SURFACE ( )  B_SPLINE_SURFACE ( 3, 3, ( 
 ( #462, #5205, #3400, #2361 ),
 ( #2794, #4255, #5702, #5318 ),
 ( #404, #5673, #4712, #4399 ),
 ( #6171, #1029, #5811, #2929 ) ),
 .UNSPECIFIED., .F., .F., .F. ) 
 B_SPLINE_SURFACE_WITH_KNOTS ( ( 4, 4 ),
 ( 4, 4 ),
 ( 0.0000000000000000000, 1.000000000000000000 ),
 ( 0.0000000000000000000, 1.000000000000000000 ),
 .UNSPECIFIED. ) 
 GEOMETRIC_REPRESENTATION_ITEM ( )  RATIONAL_B_SPLINE_SURFACE ( (
 ( 1.000000000000000000, 0.8047378541243638272, 0.8047378541243638272, 1.000000000000000000),
 ( 0.8025111867385940068, 0.6458111303268128101, 0.6458111303268128101, 0.8025111867385940068),
 ( 0.8025111867385940068, 0.6458111303268128101, 0.6458111303268128101, 0.8025111867385940068),
 ( 1.000000000000000000, 0.8047378541243638272, 0.8047378541243638272, 1.000000000000000000) ) ) 
 REPRESENTATION_ITEM ( '' )  SURFACE ( )  );
#2767 = CARTESIAN_POINT ( 'NONE',  ( 2.100000000000000089, 1.080000000000000071, 1.449999999999999956 ) ) ;
#2768 = VECTOR ( 'NONE', #1501, 1000.000000000000000 ) ;
#2769 = FACE_OUTER_BOUND ( 'NONE', #4413, .T. ) ;
#2770 = ORIENTED_EDGE ( 'NONE', *, *, #3361, .F. ) ;
#2771 = DIRECTION ( 'NONE',  ( 0.0000000000000000000, 0.0000000000000000000, 1.000000000000000000 ) ) ;
#2772 = ORIENTED_EDGE ( 'NONE', *, *, #2388, .F. ) ;
#2773 = STYLED_ITEM ( 'NONE', ( #3502 ), #1559 ) ;
#2774 = VERTEX_POINT ( 'NONE', #4870 ) ;
#2775 = DIRECTION ( 'NONE',  ( -1.000000000000000000, -0.0000000000000000000, -0.0000000000000000000 ) ) ;
#2776 = DIRECTION ( 'NONE',  ( -0.0000000000000000000, -1.000000000000000000, 0.0000000000000000000 ) ) ;
#2777 = CARTESIAN_POINT ( 'NONE',  ( -0.3499999999999999778, -2.850000000000000089, -1.149999999999999911 ) ) ;
#2778 = DIRECTION ( 'NONE',  ( -1.000000000000000000, -0.0000000000000000000, -0.0000000000000000000 ) ) ;
#2779 = ORIENTED_EDGE ( 'NONE', *, *, #5325, .F. ) ;
#2780 = VECTOR ( 'NONE', #4518, 1000.000000000000000 ) ;
#2781 = FACE_OUTER_BOUND ( 'NONE', #3417, .T. ) ;
#2782 = B_SPLINE_CURVE_WITH_KNOTS ( 'NONE', 3,
 ( #3432, #1063, #2997, #174, #5411, #641, #579, #5815, #3963, #5874, #3499, #2469, #113, #3906, #204, #3028, #1523, #667, #2559, #2099, #5748, #3368, #1676, #5468, #840, #1327, #447, #2280, #4527, #4167, #6084 ),
 .UNSPECIFIED., .F., .F.,
 ( 4, 3, 3, 3, 3, 3, 3, 3, 3, 3, 4 ),
 ( 5.646430425752588934E-17, 2.602838784433675749E-05, 5.189248674014490417E-05, 8.630950770180270768E-05, 0.0001342656688443427605, 0.0001976404681357716957, 0.0002288238339630683496, 0.0002478949063931555944, 0.0002598006290146545171, 0.0002626818547419240636, 0.0002768328264966291876 ),
 .UNSPECIFIED. ) ;
#2783 = CIRCLE ( 'NONE', #4580, 0.1000000000000000472 ) ;
#2784 = DIRECTION ( 'NONE',  ( 0.0000000000000000000, 0.0000000000000000000, -1.000000000000000000 ) ) ;
#2785 = CARTESIAN_POINT ( 'NONE',  ( -2.850000000000000089, 1.749999999999999778, -1.350000000000000089 ) ) ;
#2786 = ADVANCED_FACE ( 'NONE', ( #1077 ), #3479, .T. ) ;
#2787 = FILL_AREA_STYLE_COLOUR ( '', #4253 ) ;
#2788 = LINE ( 'NONE', #433, #3102 ) ;
#2789 = CARTESIAN_POINT ( 'NONE',  ( 0.3499999999999999778, 2.100000000000000089, -1.149999999999999911 ) ) ;
#2790 = DIRECTION ( 'NONE',  ( 0.0000000000000000000, -1.000000000000000000, 0.0000000000000000000 ) ) ;
#2791 = VECTOR ( 'NONE', #1325, 1000.000000000000000 ) ;
#2792 = CARTESIAN_POINT ( 'NONE',  ( 3.849333577425368969, 1.749995558710895294, -1.349333577425368746 ) ) ;
#2793 = PRESENTATION_LAYER_ASSIGNMENT (  '', '', ( #309 ) ) ;
#2794 = CARTESIAN_POINT ( 'NONE',  ( -4.262442236293273012, -1.650000000000001243, 1.378979119944042875 ) ) ;
#2795 = VERTEX_POINT ( 'NONE', #3920 ) ;
#2796 = EDGE_CURVE ( 'NONE', #3996, #2567, #5091, .T. ) ;
#2797 = CARTESIAN_POINT ( 'NONE',  ( -0.9000000000000001332, -1.000000000000000000, 3.194642898114000040 ) ) ;
#2798 = VERTEX_POINT ( 'NONE', #2949 ) ;
#2799 = CARTESIAN_POINT ( 'NONE',  ( 4.250000000000000000, 1.650000000000000133, 1.449999999999999956 ) ) ;
#2800 = CIRCLE ( 'NONE', #4486, 0.1000000000000000472 ) ;
#2801 = LINE ( 'NONE', #3729, #3617 ) ;
#2802 = EDGE_CURVE ( 'NONE', #1950, #900, #2044, .T. ) ;
#2803 = EDGE_CURVE ( 'NONE', #104, #996, #595, .T. ) ;
#2804 = CARTESIAN_POINT ( 'NONE',  ( -0.2500000000000000000, -3.049999999999999378, -1.149999999999999911 ) ) ;
#2805 = VERTEX_POINT ( 'NONE', #126 ) ;
#2806 = CARTESIAN_POINT ( 'NONE',  ( 0.3499999999999999778, -1.749999999999999778, -1.149999999999999911 ) ) ;
#2807 = ORIENTED_EDGE ( 'NONE', *, *, #4144, .F. ) ;
#2808 = ORIENTED_EDGE ( 'NONE', *, *, #5282, .F. ) ;
#2809 = CARTESIAN_POINT ( 'NONE',  ( -4.250551775759736195, 1.691063282180843563, 1.391063282180843963 ) ) ;
#2810 = PLANE ( 'NONE',  #5991 ) ;
#2811 =( GEOMETRIC_REPRESENTATION_CONTEXT ( 3 ) GLOBAL_UNCERTAINTY_ASSIGNED_CONTEXT ( ( #2332 ) ) GLOBAL_UNIT_ASSIGNED_CONTEXT ( ( #5290, #517, #1123 ) ) REPRESENTATION_CONTEXT ( 'NONE', 'WORKASPACE' ) );
#2812 = SURFACE_SIDE_STYLE ('',( #1958 ) ) ;
#2813 = CARTESIAN_POINT ( 'NONE',  ( -2.100000000000000089, 1.080000000000000071, 1.449999999999999956 ) ) ;
#2814 = ORIENTED_EDGE ( 'NONE', *, *, #1551, .F. ) ;
#2815 =( NAMED_UNIT ( * ) SI_UNIT ( $, .STERADIAN. ) SOLID_ANGLE_UNIT ( ) );
#2816 = MECHANICAL_DESIGN_GEOMETRIC_PRESENTATION_REPRESENTATION (  '', ( #3308 ), #4727 ) ;
#2817 = VERTEX_POINT ( 'NONE', #1504 ) ;
#2818 = PLANE ( 'NONE',  #4922 ) ;
#2819 = CYLINDRICAL_SURFACE ( 'NONE', #779, 0.1000000000000000472 ) ;
#2820 = CARTESIAN_POINT ( 'NONE',  ( 2.850000000000000089, 1.749999999999999778, -1.149999999999999911 ) ) ;
#2821 = AXIS2_PLACEMENT_3D ( 'NONE', #4594, #1362, #4177 ) ;
#2822 = UNCERTAINTY_MEASURE_WITH_UNIT (LENGTH_MEASURE( 1.000000000000000082E-05 ), #3278, 'distance_accuracy_value', 'NONE');
#2823 = CARTESIAN_POINT ( 'NONE',  ( -2.750000000000000000, -3.049999999999999822, -1.149999999999999911 ) ) ;
#2824 = ORIENTED_EDGE ( 'NONE', *, *, #6121, .F. ) ;
#2825 = DIRECTION ( 'NONE',  ( -0.0000000000000000000, -0.0000000000000000000, -1.000000000000000000 ) ) ;
#2826 = ORIENTED_EDGE ( 'NONE', *, *, #1142, .F. ) ;
#2827 = FACE_OUTER_BOUND ( 'NONE', #3659, .T. ) ;
#2828 = CARTESIAN_POINT ( 'NONE',  ( -3.869893295065269356, 1.750000000000000222, -0.4476310729378176201 ) ) ;
#2829 = AXIS2_PLACEMENT_3D ( 'NONE', #2640, #4551, #4654 ) ;
#2830 =( LENGTH_UNIT ( ) NAMED_UNIT ( * ) SI_UNIT ( .MILLI., .METRE. ) );
#2831 = DIRECTION ( 'NONE',  ( 0.0000000000000000000, 1.000000000000000000, 0.0000000000000000000 ) ) ;
#2832 = EDGE_CURVE ( 'NONE', #5980, #4361, #4901, .T. ) ;
#2833 = CIRCLE ( 'NONE', #155, 0.09999999999999982514 ) ;
#2834 = PLANE ( 'NONE',  #1776 ) ;
#2835 = ORIENTED_EDGE ( 'NONE', *, *, #2592, .T. ) ;
#2836 = CARTESIAN_POINT ( 'NONE',  ( -4.149999999999999467, 1.750000000000000000, 1.350000000000000311 ) ) ;
#2837 = ORIENTED_EDGE ( 'NONE', *, *, #139, .T. ) ;
#2838 = EDGE_CURVE ( 'NONE', #2817, #3019, #5090, .T. ) ;
#2839 = CARTESIAN_POINT ( 'NONE',  ( 2.150000000000000799, 1.649999999999999911, -1.350000000000000089 ) ) ;
#2840 = DIRECTION ( 'NONE',  ( -0.0000000000000000000, 1.000000000000000000, -0.0000000000000000000 ) ) ;
#2841 = PRESENTATION_STYLE_ASSIGNMENT (( #1359 ) ) ;
#2842 = ORIENTED_EDGE ( 'NONE', *, *, #4113, .F. ) ;
#2843 = EDGE_CURVE ( 'NONE', #1139, #3316, #2116, .T. ) ;
#2844 = CARTESIAN_POINT ( 'NONE',  ( -4.149999999999998579, -1.678979119944033815, -0.4624422362932752439 ) ) ;
#2845 = SURFACE_STYLE_USAGE ( .BOTH. , #963 ) ;
#2846 = DIRECTION ( 'NONE',  ( -1.000000000000000000, 0.0000000000000000000, 0.0000000000000000000 ) ) ;
#2847 = CARTESIAN_POINT ( 'NONE',  ( -1.899999999999999911, -0.8000000000000000444, 3.449999999999999734 ) ) ;
#2848 = FACE_OUTER_BOUND ( 'NONE', #4190, .T. ) ;
#2849 = ORIENTED_EDGE ( 'NONE', *, *, #955, .T. ) ;
#2850 = DIRECTION ( 'NONE',  ( 0.0000000000000000000, -1.000000000000000000, 0.0000000000000000000 ) ) ;
#2851 = ORIENTED_EDGE ( 'NONE', *, *, #253, .T. ) ;
#2852 = CARTESIAN_POINT ( 'NONE',  ( -3.920710678118654258, -1.649999999999999911, -1.420710678118655146 ) ) ;
#2853 = ORIENTED_EDGE ( 'NONE', *, *, #4514, .F. ) ;
#2854 = CARTESIAN_POINT ( 'NONE',  ( -4.178979119944026266, -1.650000000000000577, 1.462442236293277853 ) ) ;
#2855 = SURFACE_STYLE_FILL_AREA ( #3289 ) ;
#2856 = AXIS2_PLACEMENT_3D ( 'NONE', #2598, #4499, #4701 ) ;
#2857 = CARTESIAN_POINT ( 'NONE',  ( 3.920710678118654258, 1.649999999999999911, -1.420710678118655146 ) ) ;
#2858 = ORIENTED_EDGE ( 'NONE', *, *, #4914, .T. ) ;
#2859 = CARTESIAN_POINT ( 'NONE',  ( 4.150000000000000355, 1.720710678118655190, -0.4207106781186547573 ) ) ;
#2860 = EDGE_LOOP ( 'NONE', ( #4745, #2214, #249, #4873, #2531 ) ) ;
#2861 = CARTESIAN_POINT ( 'NONE',  ( 3.649999999999999911, 0.8500000000000000888, -2.049999999999999822 ) ) ;
#2862 = VECTOR ( 'NONE', #4872, 1000.000000000000000 ) ;
#2863 = STYLED_ITEM ( 'NONE', ( #1311 ), #1336 ) ;
#2864 = CARTESIAN_POINT ( 'NONE',  ( 0.0000000000000000000, -1.000000000000000000, 0.9499999999999999556 ) ) ;
#2865 = CARTESIAN_POINT ( 'NONE',  ( -3.878979119944034881, 1.762442236293276343, -1.349999999999980105 ) ) ;
#2866 = ORIENTED_EDGE ( 'NONE', *, *, #3630, .F. ) ;
#2867 = EDGE_CURVE ( 'NONE', #1228, #1596, #3075, .T. ) ;
#2868 = CARTESIAN_POINT ( 'NONE',  ( -4.208576042115765858, -1.578626039772357714, -0.4200411150783810443 ) ) ;
#2869 = LINE ( 'NONE', #4277, #2305 ) ;
#2870 = EDGE_CURVE ( 'NONE', #2432, #3162, #1377, .T. ) ;
#2871 = ADVANCED_FACE ( 'NONE', ( #1536 ), #188, .F. ) ;
#2872 = CARTESIAN_POINT ( 'NONE',  ( -0.3500000000000013656, 1.649999999999999911, -1.350000000000000089 ) ) ;
#2873 = CIRCLE ( 'NONE', #3771, 0.1000000000000002554 ) ;
#2874 = SURFACE_SIDE_STYLE ('',( #398 ) ) ;
#2875 = VERTEX_POINT ( 'NONE', #3540 ) ;
#2876 = FILL_AREA_STYLE_COLOUR ( '', #4102 ) ;
#2877 = DIRECTION ( 'NONE',  ( 0.0000000000000000000, 0.0000000000000000000, 1.000000000000000000 ) ) ;
#2878 = LINE ( 'NONE', #2033, #3283 ) ;
#2879 = VECTOR ( 'NONE', #571, 1000.000000000000000 ) ;
#2880 = ORIENTED_EDGE ( 'NONE', *, *, #4711, .T. ) ;
#2881 = CARTESIAN_POINT ( 'NONE',  ( 2.149999999999999911, 2.100000000000000089, -1.449999999999999956 ) ) ;
#2882 = ORIENTED_EDGE ( 'NONE', *, *, #3827, .F. ) ;
#2883 = PRESENTATION_LAYER_ASSIGNMENT (  '', '', ( #2294 ) ) ;
#2884 = PLANE ( 'NONE',  #19 ) ;
#2885 = CARTESIAN_POINT ( 'NONE',  ( -4.178979119944026266, -1.684571554749779709, 1.462442236293277853 ) ) ;
#2886 =( NAMED_UNIT ( * ) SI_UNIT ( $, .STERADIAN. ) SOLID_ANGLE_UNIT ( ) );
#2887 = AXIS2_PLACEMENT_3D ( 'NONE', #1877, #401, #1841 ) ;
#2888 = FACE_OUTER_BOUND ( 'NONE', #5412, .T. ) ;
#2889 = ORIENTED_EDGE ( 'NONE', *, *, #448, .F. ) ;
#2890 = LINE ( 'NONE', #3350, #5287 ) ;
#2891 = VERTEX_POINT ( 'NONE', #5451 ) ;
#2892 = CARTESIAN_POINT ( 'NONE',  ( -4.149999999999999467, -1.649999999999999911, -0.3499999999999999778 ) ) ;
#2893 = ORIENTED_EDGE ( 'NONE', *, *, #2183, .F. ) ;
#2894 = COLOUR_RGB ( '',0.9294117647058823817, 0.9294117647058823817, 0.9372549019607843146 ) ;
#2895 = VECTOR ( 'NONE', #964, 1000.000000000000000 ) ;
#2896 = LINE ( 'NONE', #507, #5030 ) ;
#2897 =( LENGTH_UNIT ( ) NAMED_UNIT ( * ) SI_UNIT ( .MILLI., .METRE. ) );
#2898 = UNCERTAINTY_MEASURE_WITH_UNIT (LENGTH_MEASURE( 1.000000000000000082E-05 ), #6078, 'distance_accuracy_value', 'NONE');
#2899 = AXIS2_PLACEMENT_3D ( 'NONE', #2273, #1288, #894 ) ;
#2900 = VECTOR ( 'NONE', #2742, 1000.000000000000000 ) ;
#2901 = CARTESIAN_POINT ( 'NONE',  ( -0.9000000000000001332, 6.312599999999999767, 3.294642898114000129 ) ) ;
#2902 = EDGE_LOOP ( 'NONE', ( #1231, #3152, #645, #5639 ) ) ;
#2903 = PRESENTATION_LAYER_ASSIGNMENT (  '', '', ( #5211 ) ) ;
#2904 = EDGE_CURVE ( 'NONE', #1822, #1666, #1164, .T. ) ;
#2905 = DIRECTION ( 'NONE',  ( -1.000000000000000000, 0.0000000000000000000, 0.0000000000000000000 ) ) ;
#2906 = ORIENTED_EDGE ( 'NONE', *, *, #3250, .F. ) ;
#2907 = FILL_AREA_STYLE ('',( #2414 ) ) ;
#2908 = ADVANCED_FACE ( 'NONE', ( #4996 ), #3981, .T. ) ;
#2909 = EDGE_CURVE ( 'NONE', #800, #1154, #3881, .T. ) ;
#2910 = COLOUR_RGB ( '',0.9294117647058823817, 0.9294117647058823817, 0.9372549019607843146 ) ;
#2911 = LINE ( 'NONE', #3758, #5979 ) ;
#2912 = EDGE_LOOP ( 'NONE', ( #4528, #3449, #1296, #3879 ) ) ;
#2913 = CARTESIAN_POINT ( 'NONE',  ( 3.850000000000000533, -1.750000000000000000, -1.350000000000000311 ) ) ;
#2914 = EDGE_CURVE ( 'NONE', #633, #2170, #1186, .T. ) ;
#2915 = VECTOR ( 'NONE', #698, 1000.000000000000000 ) ;
#2916 = DIRECTION ( 'NONE',  ( -1.000000000000000000, -0.0000000000000000000, -0.0000000000000000000 ) ) ;
#2917 = CARTESIAN_POINT ( 'NONE',  ( -0.6500000000000001332, 1.000000000000000000, 3.194642898114000040 ) ) ;
#2918 = ORIENTED_EDGE ( 'NONE', *, *, #5167, .T. ) ;
#2919 = AXIS2_PLACEMENT_3D ( 'NONE', #1010, #2480, #4896 ) ;
#2920 = CARTESIAN_POINT ( 'NONE',  ( -3.849999999999999645, -1.649999999999999911, -0.5500000000000001554 ) ) ;
#2921 = ORIENTED_EDGE ( 'NONE', *, *, #3361, .T. ) ;
#2922 = LINE ( 'NONE', #568, #5521 ) ;
#2923 = LINE ( 'NONE', #1985, #1492 ) ;
#2924 = CYLINDRICAL_SURFACE ( 'NONE', #2450, 0.2000000000000000111 ) ;
#2925 = CARTESIAN_POINT ( 'NONE',  ( -2.149999999999999911, -5.179999999999999716, -1.149999999999999911 ) ) ;
#2926 = ORIENTED_EDGE ( 'NONE', *, *, #2606, .F. ) ;
#2927 = DIRECTION ( 'NONE',  ( 0.0000000000000000000, 0.0000000000000000000, -1.000000000000000000 ) ) ;
#2928 = FACE_OUTER_BOUND ( 'NONE', #757, .T. ) ;
#2929 = CARTESIAN_POINT ( 'NONE',  ( -4.149333577425368347, -1.749995558710895294, 1.349333577425370745 ) ) ;
#2930 = ORIENTED_EDGE ( 'NONE', *, *, #260, .T. ) ;
#2931 = DIRECTION ( 'NONE',  ( -1.000000000000000000, -0.0000000000000000000, -0.0000000000000000000 ) ) ;
#2932 = FACE_OUTER_BOUND ( 'NONE', #2484, .T. ) ;
#2933 = ADVANCED_FACE ( 'NONE', ( #2575 ), #248, .F. ) ;
#2934 = DIRECTION ( 'NONE',  ( -0.0000000000000000000, -0.0000000000000000000, -1.000000000000000000 ) ) ;
#2935 = SHAPE_DEFINITION_REPRESENTATION ( #1082, #5780 ) ;
#2936 = ORIENTED_EDGE ( 'NONE', *, *, #992, .F. ) ;
#2937 = ADVANCED_FACE ( 'NONE', ( #2634 ), #6164, .T. ) ;
#2938 = ORIENTED_EDGE ( 'NONE', *, *, #1415, .F. ) ;
#2939 = DIRECTION ( 'NONE',  ( -1.000000000000000000, 0.0000000000000000000, 0.0000000000000000000 ) ) ;
#2940 = FILL_AREA_STYLE_COLOUR ( '', #3059 ) ;
#2941 = EDGE_CURVE ( 'NONE', #1790, #4273, #4179, .T. ) ;
#2942 = CIRCLE ( 'NONE', #5843, 0.1000000000000000472 ) ;
#2943 = DIRECTION ( 'NONE',  ( 0.0000000000000000000, -0.0000000000000000000, -1.000000000000000000 ) ) ;
#2944 = EDGE_CURVE ( 'NONE', #4911, #3037, #4801, .T. ) ;
#2945 = LINE ( 'NONE', #3445, #1765 ) ;
#2946 = VECTOR ( 'NONE', #3236, 1000.000000000000000 ) ;
#2947 = EDGE_CURVE ( 'NONE', #350, #4797, #1346, .T. ) ;
#2948 = ORIENTED_EDGE ( 'NONE', *, *, #4113, .T. ) ;
#2949 = CARTESIAN_POINT ( 'NONE',  ( -2.850000000000000089, -2.850000000000000089, -1.149999999999999911 ) ) ;
#2950 = VERTEX_POINT ( 'NONE', #3821 ) ;
#2951 = SURFACE_STYLE_USAGE ( .BOTH. , #1014 ) ;
#2952 = LINE ( 'NONE', #39, #2462 ) ;
#2953 = ORIENTED_EDGE ( 'NONE', *, *, #1788, .F. ) ;
#2954 =( NAMED_UNIT ( * ) SI_UNIT ( $, .STERADIAN. ) SOLID_ANGLE_UNIT ( ) );
#2955 = CARTESIAN_POINT ( 'NONE',  ( 4.220710678118654968, 1.720710678118654302, 1.350000000000000311 ) ) ;
#2956 = VECTOR ( 'NONE', #614, 1000.000000000000000 ) ;
#2957 = ORIENTED_EDGE ( 'NONE', *, *, #2970, .T. ) ;
#2958 =( NAMED_UNIT ( * ) PLANE_ANGLE_UNIT ( ) SI_UNIT ( $, .RADIAN. ) );
#2959 = ORIENTED_EDGE ( 'NONE', *, *, #1490, .T. ) ;
#2960 = VECTOR ( 'NONE', #1937, 1000.000000000000000 ) ;
#2961 = DIRECTION ( 'NONE',  ( -1.000000000000000000, 0.0000000000000000000, 0.0000000000000000000 ) ) ;
#2962 = VECTOR ( 'NONE', #3688, 1000.000000000000000 ) ;
#2963 = DIRECTION ( 'NONE',  ( 0.0000000000000000000, 0.0000000000000000000, -1.000000000000000000 ) ) ;
#2964 = CYLINDRICAL_SURFACE ( 'NONE', #597, 0.1000000000000002554 ) ;
#2965 = ORIENTED_EDGE ( 'NONE', *, *, #5324, .F. ) ;
#2966 = CARTESIAN_POINT ( 'NONE',  ( -1.899053323351245881, 0.7999999998936415668, 3.449995518916213033 ) ) ;
#2967 = PRESENTATION_LAYER_ASSIGNMENT (  '', '', ( #5564 ) ) ;
#2968 = LINE ( 'NONE', #5323, #5272 ) ;
#2969 = AXIS2_PLACEMENT_3D ( 'NONE', #2341, #3382, #4684 ) ;
#2970 = EDGE_CURVE ( 'NONE', #4327, #6140, #4074, .T. ) ;
#2971 = VERTEX_POINT ( 'NONE', #5263 ) ;
#2972 = DIRECTION ( 'NONE',  ( 0.0000000000000000000, -1.000000000000000000, 0.0000000000000000000 ) ) ;
#2973 = AXIS2_PLACEMENT_3D ( 'NONE', #4728, #6155, #3895 ) ;
#2974 = CARTESIAN_POINT ( 'NONE',  ( -3.849999999999999201, -1.750000000000000000, -1.449999999999999956 ) ) ;
#2975 = EDGE_CURVE ( 'NONE', #4361, #2737, #2911, .T. ) ;
#2976 = STYLED_ITEM ( 'NONE', ( #3097 ), #2933 ) ;
#2977 = DIRECTION ( 'NONE',  ( 0.0000000000000000000, 0.0000000000000000000, 1.000000000000000000 ) ) ;
#2978 = ORIENTED_EDGE ( 'NONE', *, *, #5701, .F. ) ;
#2979 = VERTEX_POINT ( 'NONE', #5176 ) ;
#2980 = ORIENTED_EDGE ( 'NONE', *, *, #1869, .F. ) ;
#2981 = CARTESIAN_POINT ( 'NONE',  ( 3.850000000000000089, 1.650000000000000355, -1.350000000000000089 ) ) ;
#2982 = EDGE_CURVE ( 'NONE', #5281, #284, #972, .T. ) ;
#2983 = COLOUR_RGB ( '',0.9294117647058823817, 0.9294117647058823817, 0.9372549019607843146 ) ;
#2984 = EDGE_CURVE ( 'NONE', #1433, #2286, #1916, .T. ) ;
#2985 = ORIENTED_EDGE ( 'NONE', *, *, #4323, .T. ) ;
#2986 =( GEOMETRIC_REPRESENTATION_CONTEXT ( 3 ) GLOBAL_UNCERTAINTY_ASSIGNED_CONTEXT ( ( #2625 ) ) GLOBAL_UNIT_ASSIGNED_CONTEXT ( ( #5369, #4903, #2662 ) ) REPRESENTATION_CONTEXT ( 'NONE', 'WORKASPACE' ) );
#2987 = VERTEX_POINT ( 'NONE', #5208 ) ;
#2988 = CIRCLE ( 'NONE', #514, 0.1000000000000001443 ) ;
#2989 = DIRECTION ( 'NONE',  ( 0.0000000000000000000, -1.000000000000000000, 0.0000000000000000000 ) ) ;
#2990 = CARTESIAN_POINT ( 'NONE',  ( -2.149999999999999911, -1.750000000000000000, -1.449999999999999956 ) ) ;
#2991 = VECTOR ( 'NONE', #1724, 1000.000000000000000 ) ;
#2992 = DIRECTION ( 'NONE',  ( 0.0000000000000000000, 0.0000000000000000000, -1.000000000000000000 ) ) ;
#2993 = CARTESIAN_POINT ( 'NONE',  ( -4.149333577425368347, 1.749995558710894850, -0.3493335774253685799 ) ) ;
#2994 = ORIENTED_EDGE ( 'NONE', *, *, #4161, .F. ) ;
#2995 =( BOUNDED_SURFACE ( )  B_SPLINE_SURFACE ( 3, 3, ( 
 ( #2743, #1301, #784, #1268 ),
 ( #1728, #6027, #1236, #3107 ),
 ( #3641, #4657, #323, #389 ),
 ( #5557, #1700, #3204, #5097 ) ),
 .UNSPECIFIED., .F., .F., .F. ) 
 B_SPLINE_SURFACE_WITH_KNOTS ( ( 4, 4 ),
 ( 4, 4 ),
 ( 0.0000000000000000000, 1.000000000000000000 ),
 ( 0.0000000000000000000, 1.000000000000000000 ),
 .UNSPECIFIED. ) 
 GEOMETRIC_REPRESENTATION_ITEM ( )  RATIONAL_B_SPLINE_SURFACE ( (
 ( 1.000000000000000000, 0.8047378541243643824, 0.8047378541243643824, 1.000000000000000000),
 ( 0.8025111867385947839, 0.6458111303268138093, 0.6458111303268138093, 0.8025111867385947839),
 ( 0.8025111867385947839, 0.6458111303268138093, 0.6458111303268138093, 0.8025111867385947839),
 ( 1.000000000000000000, 0.8047378541243643824, 0.8047378541243643824, 1.000000000000000000) ) ) 
 REPRESENTATION_ITEM ( '' )  SURFACE ( )  );
#2996 = SURFACE_STYLE_USAGE ( .BOTH. , #1641 ) ;
#2997 = CARTESIAN_POINT ( 'NONE',  ( -0.1988180568942705118, -0.9988265580483700612, 3.367478255724243308 ) ) ;
#2998 = AXIS2_PLACEMENT_3D ( 'NONE', #1206, #5212, #1441 ) ;
#2999 = CYLINDRICAL_SURFACE ( 'NONE', #44, 0.09999999999999999167 ) ;
#3000 = CARTESIAN_POINT ( 'NONE',  ( -2.700000000000000178, -0.8499999999999999778, -2.049999999999999822 ) ) ;
#3001 = CARTESIAN_POINT ( 'NONE',  ( 4.049999999999999822, -1.750000000000000000, -0.3499999999999999778 ) ) ;
#3002 = ORIENTED_EDGE ( 'NONE', *, *, #5961, .F. ) ;
#3003 =( LENGTH_UNIT ( ) NAMED_UNIT ( * ) SI_UNIT ( .MILLI., .METRE. ) );
#3004 = ORIENTED_EDGE ( 'NONE', *, *, #4944, .F. ) ;
#3005 = DIRECTION ( 'NONE',  ( -1.000000000000000000, -0.0000000000000000000, -0.0000000000000000000 ) ) ;
#3006 = CARTESIAN_POINT ( 'NONE',  ( 4.209017335549511074, 1.696264897318923603, -0.4451564589183861775 ) ) ;
#3007 = DIRECTION ( 'NONE',  ( -0.4472135954999594820, -0.8944271909999150783, 0.0000000000000000000 ) ) ;
#3008 = ORIENTED_EDGE ( 'NONE', *, *, #5735, .T. ) ;
#3009 = DIRECTION ( 'NONE',  ( 0.0000000000000000000, 0.0000000000000000000, 1.000000000000000000 ) ) ;
#3010 = ORIENTED_EDGE ( 'NONE', *, *, #747, .T. ) ;
#3011 = SURFACE_STYLE_FILL_AREA ( #5308 ) ;
#3012 = AXIS2_PLACEMENT_3D ( 'NONE', #1056, #137, #3426 ) ;
#3013 = VERTEX_POINT ( 'NONE', #1409 ) ;
#3014 = DIRECTION ( 'NONE',  ( 0.0000000000000000000, 0.0000000000000000000, -1.000000000000000000 ) ) ;
#3015 = EDGE_CURVE ( 'NONE', #4959, #6083, #1374, .T. ) ;
#3016 = PLANE ( 'NONE',  #2408 ) ;
#3017 = VECTOR ( 'NONE', #4748, 1000.000000000000000 ) ;
#3018 = EDGE_CURVE ( 'NONE', #2486, #3013, #1191, .T. ) ;
#3019 = VERTEX_POINT ( 'NONE', #1884 ) ;
#3020 = CARTESIAN_POINT ( 'NONE',  ( -3.649999999999999911, -0.8499999999999999778, -2.049999999999999822 ) ) ;
#3021 = VECTOR ( 'NONE', #5671, 1000.000000000000000 ) ;
#3022 = LINE ( 'NONE', #3552, #4589 ) ;
#3023 = DIRECTION ( 'NONE',  ( 0.0000000000000000000, 1.000000000000000000, 0.0000000000000000000 ) ) ;
#3024 = EDGE_CURVE ( 'NONE', #1596, #5188, #5731, .T. ) ;
#3025 = ORIENTED_EDGE ( 'NONE', *, *, #2035, .F. ) ;
#3026 = EDGE_CURVE ( 'NONE', #4285, #4653, #4714, .T. ) ;
#3027 = DIRECTION ( 'NONE',  ( 0.0000000000000000000, -1.000000000000000000, 0.0000000000000000000 ) ) ;
#3028 = CARTESIAN_POINT ( 'NONE',  ( -0.1150691969771407835, -0.8776381271774053028, 3.448858076566683195 ) ) ;
#3029 = ORIENTED_EDGE ( 'NONE', *, *, #3476, .T. ) ;
#3030 =( NAMED_UNIT ( * ) SI_UNIT ( $, .STERADIAN. ) SOLID_ANGLE_UNIT ( ) );
#3031 = CARTESIAN_POINT ( 'NONE',  ( 2.750000000000000000, -1.750000000000000000, -1.449999999999999956 ) ) ;
#3032 = LINE ( 'NONE', #2070, #273 ) ;
#3033 = VERTEX_POINT ( 'NONE', #2335 ) ;
#3034 = CARTESIAN_POINT ( 'NONE',  ( 2.749999999999996891, -3.049999999999998490, -1.449999999999999956 ) ) ;
#3035 = PLANE ( 'NONE',  #52 ) ;
#3036 = DIRECTION ( 'NONE',  ( 0.0000000000000000000, 0.0000000000000000000, 1.000000000000000000 ) ) ;
#3037 = VERTEX_POINT ( 'NONE', #3286 ) ;
#3038 = DIRECTION ( 'NONE',  ( 0.0000000000000000000, 0.0000000000000000000, -1.000000000000000000 ) ) ;
#3039 = VERTEX_POINT ( 'NONE', #3789 ) ;
#3040 = ORIENTED_EDGE ( 'NONE', *, *, #3944, .F. ) ;
#3041 = DIRECTION ( 'NONE',  ( 0.0000000000000000000, -1.000000000000000000, 0.0000000000000000000 ) ) ;
#3042 = STYLED_ITEM ( 'NONE', ( #2841 ), #472 ) ;
#3043 = ORIENTED_EDGE ( 'NONE', *, *, #1911, .T. ) ;
#3044 = EDGE_CURVE ( 'NONE', #6074, #3940, #4227, .T. ) ;
#3045 = DIRECTION ( 'NONE',  ( -1.000000000000000000, 0.0000000000000000000, 0.0000000000000000000 ) ) ;
#3046 = ORIENTED_EDGE ( 'NONE', *, *, #4711, .F. ) ;
#3047 = STYLED_ITEM ( 'NONE', ( #18 ), #740 ) ;
#3048 = CARTESIAN_POINT ( 'NONE',  ( -3.949999999999999734, 1.649999999999999911, -0.4914213562373093702 ) ) ;
#3049 = EDGE_CURVE ( 'NONE', #1179, #668, #6141, .T. ) ;
#3050 = ORIENTED_EDGE ( 'NONE', *, *, #4682, .T. ) ;
#3051 = PLANE ( 'NONE',  #2166 ) ;
#3052 = ORIENTED_EDGE ( 'NONE', *, *, #2765, .T. ) ;
#3053 = CARTESIAN_POINT ( 'NONE',  ( -1.199999999999999956, 6.312599999999999767, 3.294642898114000129 ) ) ;
#3054 = LINE ( 'NONE', #4923, #1585 ) ;
#3055 = AXIS2_PLACEMENT_3D ( 'NONE', #4835, #557, #89 ) ;
#3056 = EDGE_CURVE ( 'NONE', #3409, #1081, #3317, .T. ) ;
#3057 = EDGE_CURVE ( 'NONE', #2327, #1385, #407, .T. ) ;
#3058 = VERTEX_POINT ( 'NONE', #2392 ) ;
#3059 = COLOUR_RGB ( '',0.9294117647058823817, 0.9294117647058823817, 0.9372549019607843146 ) ;
#3060 = LINE ( 'NONE', #761, #5161 ) ;
#3061 = ORIENTED_EDGE ( 'NONE', *, *, #3158, .T. ) ;
#3062 = CARTESIAN_POINT ( 'NONE',  ( -4.262442236293275677, 1.684571554749780820, -0.3789791199440419867 ) ) ;
#3063 = CARTESIAN_POINT ( 'NONE',  ( 4.250000000000000000, 1.650000000000000133, -0.3499999999999998113 ) ) ;
#3064 = COLOUR_RGB ( '',0.9294117647058823817, 0.9294117647058823817, 0.9372549019607843146 ) ;
#3065 = VERTEX_POINT ( 'NONE', #1845 ) ;
#3066 = DIRECTION ( 'NONE',  ( -0.0000000000000000000, -1.000000000000000000, 0.0000000000000000000 ) ) ;
#3067 = ORIENTED_EDGE ( 'NONE', *, *, #4802, .T. ) ;
#3068 = VECTOR ( 'NONE', #1607, 1000.000000000000000 ) ;
#3069 = CARTESIAN_POINT ( 'NONE',  ( -1.550000000000000266, 1.000000000000000000, 3.701099892519000178 ) ) ;
#3070 =( NAMED_UNIT ( * ) PLANE_ANGLE_UNIT ( ) SI_UNIT ( $, .RADIAN. ) );
#3071 = ORIENTED_EDGE ( 'NONE', *, *, #2219, .T. ) ;
#3072 = LINE ( 'NONE', #5000, #2597 ) ;
#3073 = AXIS2_PLACEMENT_3D ( 'NONE', #4910, #4939, #5835 ) ;
#3074 = EDGE_LOOP ( 'NONE', ( #3287, #3955, #6008 ) ) ;
#3075 = CIRCLE ( 'NONE', #5190, 0.1000000000000000472 ) ;
#3076 = DIRECTION ( 'NONE',  ( 0.0000000000000000000, 0.0000000000000000000, 1.000000000000000000 ) ) ;
#3077 = CARTESIAN_POINT ( 'NONE',  ( -3.932842712474617919, 1.749999999999999556, -0.3500000000000005884 ) ) ;
#3078 = DIRECTION ( 'NONE',  ( -0.0000000000000000000, 1.000000000000000000, 0.0000000000000000000 ) ) ;
#3079 = EDGE_LOOP ( 'NONE', ( #530, #1892, #4967 ) ) ;
#3080 = DIRECTION ( 'NONE',  ( -1.000000000000000000, 0.0000000000000000000, 0.0000000000000000000 ) ) ;
#3081 = FACE_OUTER_BOUND ( 'NONE', #1503, .T. ) ;
#3082 = EDGE_LOOP ( 'NONE', ( #919, #2835, #4418, #2858, #4021, #3327 ) ) ;
#3083 = CARTESIAN_POINT ( 'NONE',  ( -4.209017335549511074, -1.720710678118654968, -0.4207106781186562561 ) ) ;
#3084 = DIRECTION ( 'NONE',  ( 0.0000000000000000000, 0.0000000000000000000, -1.000000000000000000 ) ) ;
#3085 = PRESENTATION_LAYER_ASSIGNMENT (  '', '', ( #2404 ) ) ;
#3086 = AXIS2_PLACEMENT_3D ( 'NONE', #4915, #2641, #4488 ) ;
#3087 = ADVANCED_FACE ( 'NONE', ( #4744 ), #4929, .T. ) ;
#3088 = LINE ( 'NONE', #4432, #4244 ) ;
#3089 = ADVANCED_FACE ( 'NONE', ( #1113 ), #5539, .F. ) ;
#3090 = EDGE_LOOP ( 'NONE', ( #3369, #1255, #3386, #4643 ) ) ;
#3091 = DIRECTION ( 'NONE',  ( 0.0000000000000000000, 1.000000000000000000, 0.0000000000000000000 ) ) ;
#3092 = CARTESIAN_POINT ( 'NONE',  ( 2.850000000000000089, 1.749999999999999778, -1.350000000000000089 ) ) ;
#3093 = VECTOR ( 'NONE', #1277, 1000.000000000000000 ) ;
#3094 = CARTESIAN_POINT ( 'NONE',  ( 4.250000000000000000, 1.650000000000000133, -1.449999999999999956 ) ) ;
#3095 = CARTESIAN_POINT ( 'NONE',  ( 4.245156458918386555, 1.696264897318923381, 1.409017335549510586 ) ) ;
#3096 = ORIENTED_EDGE ( 'NONE', *, *, #5354, .T. ) ;
#3097 = PRESENTATION_STYLE_ASSIGNMENT (( #372 ) ) ;
#3098 = EDGE_CURVE ( 'NONE', #1333, #3376, #2490, .T. ) ;
#3099 = VERTEX_POINT ( 'NONE', #3453 ) ;
#3100 = CARTESIAN_POINT ( 'NONE',  ( 4.149413372940452760, 1.732713191421235255, 1.450551775759735706 ) ) ;
#3101 = ORIENTED_EDGE ( 'NONE', *, *, #5214, .T. ) ;
#3102 = VECTOR ( 'NONE', #2722, 1000.000000000000000 ) ;
#3103 = CARTESIAN_POINT ( 'NONE',  ( -0.5500000000000001554, -0.9000000000000000222, 3.449999999999999734 ) ) ;
#3104 = ORIENTED_EDGE ( 'NONE', *, *, #2715, .F. ) ;
#3105 = CARTESIAN_POINT ( 'NONE',  ( 4.178979119944034260, -1.684571554749779931, 1.462442236293276077 ) ) ;
#3106 = AXIS2_PLACEMENT_3D ( 'NONE', #4460, #5470, #4529 ) ;
#3107 = CARTESIAN_POINT ( 'NONE',  ( -3.962442236293276743, 1.678979119944034482, -1.349999999999999867 ) ) ;
#3108 = CARTESIAN_POINT ( 'NONE',  ( -4.196264897318917164, 1.709017335549511296, -0.4451564589183894527 ) ) ;
#3109 = ORIENTED_EDGE ( 'NONE', *, *, #2528, .T. ) ;
#3110 = CARTESIAN_POINT ( 'NONE',  ( -1.800000000000000266, 1.000000000000000000, 0.9499999999999995115 ) ) ;
#3111 = CIRCLE ( 'NONE', #2424, 0.1000000000000000472 ) ;
#3112 = ORIENTED_EDGE ( 'NONE', *, *, #4552, .T. ) ;
#3113 = CARTESIAN_POINT ( 'NONE',  ( -4.149999999999999467, 1.720710678118654746, 1.420710678118654924 ) ) ;
#3114 = DIRECTION ( 'NONE',  ( 0.0000000000000000000, 0.0000000000000000000, -1.000000000000000000 ) ) ;
#3115 = PRESENTATION_LAYER_ASSIGNMENT (  '', '', ( #4521 ) ) ;
#3116 = UNCERTAINTY_MEASURE_WITH_UNIT (LENGTH_MEASURE( 1.000000000000000082E-05 ), #38, 'distance_accuracy_value', 'NONE');
#3117 = ORIENTED_EDGE ( 'NONE', *, *, #3399, .F. ) ;
#3118 = CARTESIAN_POINT ( 'NONE',  ( 4.220710678118654968, -1.649999999999999911, -0.4207106781186547018 ) ) ;
#3119 = ADVANCED_FACE ( 'NONE', ( #4937 ), #3893, .T. ) ;
#3120 = LINE ( 'NONE', #4090, #1956 ) ;
#3121 = ORIENTED_EDGE ( 'NONE', *, *, #5434, .F. ) ;
#3122 = CARTESIAN_POINT ( 'NONE',  ( -3.850000000000000089, -1.750000000000000000, -0.5500000000000001554 ) ) ;
#3123 = CARTESIAN_POINT ( 'NONE',  ( -3.850000000000000089, 1.650000000000000355, -1.449999999999999956 ) ) ;
#3124 = FACE_OUTER_BOUND ( 'NONE', #1323, .T. ) ;
#3125 = CARTESIAN_POINT ( 'NONE',  ( -1.449999999999999956, -0.9000000000000000222, 3.449999999999999734 ) ) ;
#3126 = CARTESIAN_POINT ( 'NONE',  ( 3.947631072937815677, 1.749999999999999556, -0.3698932950652658036 ) ) ;
#3127 = ORIENTED_EDGE ( 'NONE', *, *, #2570, .F. ) ;
#3128 = ORIENTED_EDGE ( 'NONE', *, *, #5366, .F. ) ;
#3129 = PRESENTATION_STYLE_ASSIGNMENT (( #5923 ) ) ;
#3130 = DIRECTION ( 'NONE',  ( 0.0000000000000000000, -1.000000000000000000, 0.0000000000000000000 ) ) ;
#3131 = ADVANCED_FACE ( 'NONE', ( #3124 ), #131, .F. ) ;
#3132 = EDGE_CURVE ( 'NONE', #3466, #1309, #1083, .T. ) ;
#3133 = CARTESIAN_POINT ( 'NONE',  ( -0.1005682000408190252, 0.8151066303388835310, 3.449998408987748455 ) ) ;
#3134 = EDGE_LOOP ( 'NONE', ( #2152, #1287, #5573 ) ) ;
#3135 = DIRECTION ( 'NONE',  ( -1.000000000000000000, 0.0000000000000000000, 0.0000000000000000000 ) ) ;
#3136 = VERTEX_POINT ( 'NONE', #4669 ) ;
#3137 = CARTESIAN_POINT ( 'NONE',  ( -3.920710678118656034, -1.650000000000000355, -1.420710678118655368 ) ) ;
#3138 = VECTOR ( 'NONE', #4464, 1000.000000000000000 ) ;
#3139 = CARTESIAN_POINT ( 'NONE',  ( -4.250000000000000000, -1.750000000000000000, -0.3500000000000000333 ) ) ;
#3140 = FACE_OUTER_BOUND ( 'NONE', #2310, .T. ) ;
#3141 = ORIENTED_EDGE ( 'NONE', *, *, #2870, .F. ) ;
#3142 =( GEOMETRIC_REPRESENTATION_CONTEXT ( 3 ) GLOBAL_UNCERTAINTY_ASSIGNED_CONTEXT ( ( #461 ) ) GLOBAL_UNIT_ASSIGNED_CONTEXT ( ( #3392, #5221, #3838 ) ) REPRESENTATION_CONTEXT ( 'NONE', 'WORKASPACE' ) );
#3143 = PLANE ( 'NONE',  #4805 ) ;
#3144 = DIRECTION ( 'NONE',  ( 1.000000000000000000, 0.0000000000000000000, 0.0000000000000000000 ) ) ;
#3145 = LINE ( 'NONE', #1188, #1743 ) ;
#3146 = ORIENTED_EDGE ( 'NONE', *, *, #4429, .T. ) ;
#3147 = CIRCLE ( 'NONE', #4345, 0.09999999999999982514 ) ;
#3148 = CYLINDRICAL_SURFACE ( 'NONE', #687, 0.09999999999999982514 ) ;
#3149 = FILL_AREA_STYLE ('',( #6010 ) ) ;
#3150 = CARTESIAN_POINT ( 'NONE',  ( 3.920710678118654702, 1.650000000000000133, -1.420710678118655146 ) ) ;
#3151 = CARTESIAN_POINT ( 'NONE',  ( 4.220710678118654968, -1.649999999999999467, -0.4207106781186550903 ) ) ;
#3152 = ORIENTED_EDGE ( 'NONE', *, *, #2796, .T. ) ;
#3153 = DIRECTION ( 'NONE',  ( 0.0000000000000000000, 0.0000000000000000000, 1.000000000000000000 ) ) ;
#3154 = ORIENTED_EDGE ( 'NONE', *, *, #2803, .F. ) ;
#3155 = SURFACE_SIDE_STYLE ('',( #220 ) ) ;
#3156 = CARTESIAN_POINT ( 'NONE',  ( 4.178979119944026266, 1.762442236293283671, 1.384571554749768785 ) ) ;
#3157 = CARTESIAN_POINT ( 'NONE',  ( -0.6500000000000001332, 1.000000000000000000, 3.350000000000000089 ) ) ;
#3158 = EDGE_CURVE ( 'NONE', #5160, #285, #5295, .T. ) ;
#3159 = VECTOR ( 'NONE', #3917, 1000.000000000000000 ) ;
#3160 = CARTESIAN_POINT ( 'NONE',  ( -0.1705761102212022540, 0.9680191777403273079, 3.420844990408953734 ) ) ;
#3161 = PLANE ( 'NONE',  #3170 ) ;
#3162 = VERTEX_POINT ( 'NONE', #1775 ) ;
#3163 = EDGE_CURVE ( 'NONE', #668, #1047, #5569, .T. ) ;
#3164 = DIRECTION ( 'NONE',  ( 0.0000000000000000000, -1.000000000000000000, 0.0000000000000000000 ) ) ;
#3165 = ADVANCED_FACE ( 'NONE', ( #4740 ), #6136, .T. ) ;
#3166 = CIRCLE ( 'NONE', #1086, 0.1000000000000000472 ) ;
#3167 = CARTESIAN_POINT ( 'NONE',  ( -4.049999999999998934, -1.750000000000000000, -0.3500000000000004774 ) ) ;
#3168 = CARTESIAN_POINT ( 'NONE',  ( 0.2500000000000000000, -4.549999999999999822, -1.149999999999999911 ) ) ;
#3169 = ORIENTED_EDGE ( 'NONE', *, *, #4246, .F. ) ;
#3170 = AXIS2_PLACEMENT_3D ( 'NONE', #2278, #2309, #2701 ) ;
#3171 = CARTESIAN_POINT ( 'NONE',  ( -2.850000000000000089, -1.750000000000000000, 0.0000000000000000000 ) ) ;
#3172 = ADVANCED_FACE ( 'NONE', ( #5668 ), #4222, .F. ) ;
#3173 = FACE_OUTER_BOUND ( 'NONE', #1373, .T. ) ;
#3174 = DIRECTION ( 'NONE',  ( 1.000000000000000000, -0.0000000000000000000, 0.0000000000000000000 ) ) ;
#3175 = CARTESIAN_POINT ( 'NONE',  ( 3.949999999999999289, 1.708578643762690641, -0.4914213562373094257 ) ) ;
#3176 = AXIS2_PLACEMENT_3D ( 'NONE', #4314, #5704, #891 ) ;
#3177 = SURFACE_SIDE_STYLE ('',( #430 ) ) ;
#3178 = DIRECTION ( 'NONE',  ( 0.0000000000000000000, 1.000000000000000000, -0.0000000000000000000 ) ) ;
#3179 = DIRECTION ( 'NONE',  ( 0.0000000000000000000, -0.0000000000000000000, 1.000000000000000000 ) ) ;
#3180 = MECHANICAL_DESIGN_GEOMETRIC_PRESENTATION_REPRESENTATION (  '', ( #1584 ), #2986 ) ;
#3181 = ORIENTED_EDGE ( 'NONE', *, *, #177, .T. ) ;
#3182 = CIRCLE ( 'NONE', #3086, 0.1000000000000000472 ) ;
#3183 = LINE ( 'NONE', #6009, #2069 ) ;
#3184 = DIRECTION ( 'NONE',  ( 0.4472135954999979512, -0.8944271909998958714, -0.0000000000000000000 ) ) ;
#3185 = VECTOR ( 'NONE', #2185, 1000.000000000000000 ) ;
#3186 = CARTESIAN_POINT ( 'NONE',  ( 4.220710678118654968, -1.650000000000000133, -0.4207106781186552569 ) ) ;
#3187 = ORIENTED_EDGE ( 'NONE', *, *, #3331, .F. ) ;
#3188 = CARTESIAN_POINT ( 'NONE',  ( 3.778626039772359224, -1.720041115078380756, -1.408576042115767368 ) ) ;
#3189 = ORIENTED_EDGE ( 'NONE', *, *, #2120, .T. ) ;
#3190 = FILL_AREA_STYLE_COLOUR ( '', #5598 ) ;
#3191 =( BOUNDED_CURVE ( )  B_SPLINE_CURVE ( 3, ( #3605, #5057, #411, #4098 ),
 .UNSPECIFIED., .F., .T. ) 
 B_SPLINE_CURVE_WITH_KNOTS ( ( 4, 4 ),
 ( 3.141592653589793116, 4.712388980384689674 ),
 .UNSPECIFIED. ) 
 CURVE ( )  GEOMETRIC_REPRESENTATION_ITEM ( )  RATIONAL_B_SPLINE_CURVE ( ( 1.000000000000000000, 0.8047378541243649375, 0.8047378541243649375, 1.000000000000000000 ) ) 
 REPRESENTATION_ITEM ( '' )  );
#3192 = CARTESIAN_POINT ( 'NONE',  ( -0.2500000000000002776, -3.049999999999999378, -1.449999999999999956 ) ) ;
#3193 = CARTESIAN_POINT ( 'NONE',  ( 2.700000000000000178, -1.449999999999999956, -2.049999999999999822 ) ) ;
#3194 = DIRECTION ( 'NONE',  ( 0.0000000000000000000, 0.0000000000000000000, 1.000000000000000000 ) ) ;
#3195 = CARTESIAN_POINT ( 'NONE',  ( -0.1001666666542391226, 0.8047140452274189615, 3.449999999999999734 ) ) ;
#3196 = ORIENTED_EDGE ( 'NONE', *, *, #4832, .F. ) ;
#3197 = DIRECTION ( 'NONE',  ( -0.0000000000000000000, 1.000000000000000000, -0.0000000000000000000 ) ) ;
#3198 = CARTESIAN_POINT ( 'NONE',  ( -0.6085786437626906631, 0.9585786437626905299, 3.449999999999999734 ) ) ;
#3199 = ADVANCED_FACE ( 'NONE', ( #1312 ), #338, .T. ) ;
#3200 = CARTESIAN_POINT ( 'NONE',  ( -3.849413372940451605, -1.750551775759736639, -1.432713191421236765 ) ) ;
#3201 = CARTESIAN_POINT ( 'NONE',  ( -15.33060000000000223, -0.9000000000000001332, 3.350000000000000089 ) ) ;
#3202 = VECTOR ( 'NONE', #3535, 1000.000000000000000 ) ;
#3203 = EDGE_CURVE ( 'NONE', #988, #3457, #5586, .T. ) ;
#3204 = CARTESIAN_POINT ( 'NONE',  ( -3.920041115078381821, 1.578626039772358824, -1.408576042115768479 ) ) ;
#3205 = ORIENTED_EDGE ( 'NONE', *, *, #5927, .T. ) ;
#3206 = CARTESIAN_POINT ( 'NONE',  ( -0.4500000000000001776, -1.000000000000000000, 3.408578643762690596 ) ) ;
#3207 = EDGE_CURVE ( 'NONE', #5525, #6142, #1283, .T. ) ;
#3208 = LINE ( 'NONE', #2255, #5028 ) ;
#3209 =( NAMED_UNIT ( * ) PLANE_ANGLE_UNIT ( ) SI_UNIT ( $, .RADIAN. ) );
#3210 = VECTOR ( 'NONE', #481, 1000.000000000000000 ) ;
#3211 = CARTESIAN_POINT ( 'NONE',  ( 3.849999999999999645, 1.749999999999999778, -0.4328427124746190291 ) ) ;
#3212 = ADVANCED_FACE ( 'NONE', ( #5606 ), #1281, .T. ) ;
#3213 = PRESENTATION_STYLE_ASSIGNMENT (( #1307 ) ) ;
#3214 = VECTOR ( 'NONE', #3762, 1000.000000000000000 ) ;
#3215 = FACE_OUTER_BOUND ( 'NONE', #4935, .T. ) ;
#3216 =( NAMED_UNIT ( * ) SI_UNIT ( $, .STERADIAN. ) SOLID_ANGLE_UNIT ( ) );
#3217 = ORIENTED_EDGE ( 'NONE', *, *, #5391, .F. ) ;
#3218 = DIRECTION ( 'NONE',  ( -0.0000000000000000000, 1.000000000000000000, -0.0000000000000000000 ) ) ;
#3219 = FACE_OUTER_BOUND ( 'NONE', #1521, .T. ) ;
#3220 = FACE_OUTER_BOUND ( 'NONE', #1971, .T. ) ;
#3221 = AXIS2_PLACEMENT_3D ( 'NONE', #493, #5819, #4828 ) ;
#3222 = DIRECTION ( 'NONE',  ( -1.000000000000000000, 0.0000000000000000000, -0.0000000000000000000 ) ) ;
#3223 = FACE_OUTER_BOUND ( 'NONE', #120, .T. ) ;
#3224 = ORIENTED_EDGE ( 'NONE', *, *, #105, .T. ) ;
#3225 = EDGE_LOOP ( 'NONE', ( #1497, #2882, #2994, #3478 ) ) ;
#3226 = SURFACE_STYLE_FILL_AREA ( #2734 ) ;
#3227 = CARTESIAN_POINT ( 'NONE',  ( -2.700000000000000178, -1.449999999999999956, -2.049999999999999822 ) ) ;
#3228 = ORIENTED_EDGE ( 'NONE', *, *, #244, .F. ) ;
#3229 = LINE ( 'NONE', #5584, #5581 ) ;
#3230 = EDGE_LOOP ( 'NONE', ( #5257, #160, #5912 ) ) ;
#3231 = DIRECTION ( 'NONE',  ( 0.0000000000000000000, 0.0000000000000000000, -1.000000000000000000 ) ) ;
#3232 = VERTEX_POINT ( 'NONE', #6038 ) ;
#3233 = CARTESIAN_POINT ( 'NONE',  ( -3.819962439680784971, -1.649999999999966827, -1.462164124680903177 ) ) ;
#3234 = DIRECTION ( 'NONE',  ( 0.0000000000000000000, 0.0000000000000000000, 1.000000000000000000 ) ) ;
#3235 = ADVANCED_FACE ( 'NONE', ( #3220 ), #5142, .F. ) ;
#3236 = DIRECTION ( 'NONE',  ( -0.0000000000000000000, -0.0000000000000000000, -1.000000000000000000 ) ) ;
#3237 = CARTESIAN_POINT ( 'NONE',  ( -1.100000000000000089, 1.000000000000000000, 3.294642898114000129 ) ) ;
#3238 = EDGE_LOOP ( 'NONE', ( #3632, #270, #4266 ) ) ;
#3239 = CARTESIAN_POINT ( 'NONE',  ( -0.4500000000000000666, 1.000000000000000000, 3.194642898114000040 ) ) ;
#3240 = FILL_AREA_STYLE_COLOUR ( '', #3064 ) ;
#3241 = EDGE_CURVE ( 'NONE', #4685, #4046, #2297, .T. ) ;
#3242 = FILL_AREA_STYLE ('',( #4633 ) ) ;
#3243 = CARTESIAN_POINT ( 'NONE',  ( -3.850000000000000089, -1.649999999999999911, -1.350000000000000533 ) ) ;
#3244 = CARTESIAN_POINT ( 'NONE',  ( 14.57046589736999920, 0.9000000000000001332, 3.350000000000000089 ) ) ;
#3245 = EDGE_LOOP ( 'NONE', ( #1626, #5306, #4713, #1929 ) ) ;
#3246 = CARTESIAN_POINT ( 'NONE',  ( 15.33060000000000223, 1.750000000000000000, -1.350000000000000089 ) ) ;
#3247 = LINE ( 'NONE', #3276, #6064 ) ;
#3248 = FILL_AREA_STYLE_COLOUR ( '', #3381 ) ;
#3249 = EDGE_CURVE ( 'NONE', #1094, #1608, #4310, .T. ) ;
#3250 = EDGE_CURVE ( 'NONE', #2731, #3452, #2878, .T. ) ;
#3251 = CARTESIAN_POINT ( 'NONE',  ( 3.878979119944033549, 1.684571554749780598, -1.462442236293276077 ) ) ;
#3252 = CARTESIAN_POINT ( 'NONE',  ( 3.850000000000000089, 1.750000000000000000, -0.5500000000000001554 ) ) ;
#3253 = EDGE_LOOP ( 'NONE', ( #5752, #3631, #5761, #5332 ) ) ;
#3254 = PRESENTATION_LAYER_ASSIGNMENT (  '', '', ( #5254 ) ) ;
#3255 = CARTESIAN_POINT ( 'NONE',  ( -2.100000000000000089, 1.080000000000000071, 1.449999999999999956 ) ) ;
#3256 = PLANE ( 'NONE',  #3055 ) ;
#3257 = CARTESIAN_POINT ( 'NONE',  ( 2.850000000000000089, -1.649999999999999911, -1.449999999999999956 ) ) ;
#3258 = VECTOR ( 'NONE', #4229, 1000.000000000000000 ) ;
#3259 = FACE_OUTER_BOUND ( 'NONE', #4676, .T. ) ;
#3260 = AXIS2_PLACEMENT_3D ( 'NONE', #4888, #147, #3403 ) ;
#3261 = DIRECTION ( 'NONE',  ( 0.0000000000000000000, 0.0000000000000000000, -1.000000000000000000 ) ) ;
#3262 = ORIENTED_EDGE ( 'NONE', *, *, #2316, .F. ) ;
#3263 = CARTESIAN_POINT ( 'NONE',  ( -2.749999999999999556, -3.050000000000000266, -1.449999999999999956 ) ) ;
#3264 = CIRCLE ( 'NONE', #499, 0.1000000000000001443 ) ;
#3265 = LINE ( 'NONE', #1902, #3345 ) ;
#3266 = DIRECTION ( 'NONE',  ( 0.0000000000000000000, 1.000000000000000000, 0.0000000000000000000 ) ) ;
#3267 = ORIENTED_EDGE ( 'NONE', *, *, #5708, .F. ) ;
#3268 = VECTOR ( 'NONE', #4080, 1000.000000000000000 ) ;
#3269 = CARTESIAN_POINT ( 'NONE',  ( 3.920041115078381821, -1.578626039772358380, -1.408576042115767146 ) ) ;
#3270 = FACE_OUTER_BOUND ( 'NONE', #1406, .T. ) ;
#3271 = COLOUR_RGB ( '',0.9294117647058823817, 0.9294117647058823817, 0.9372549019607843146 ) ;
#3272 =( NAMED_UNIT ( * ) PLANE_ANGLE_UNIT ( ) SI_UNIT ( $, .RADIAN. ) );
#3273 = CARTESIAN_POINT ( 'NONE',  ( 3.850000000000000089, -1.649999999999999911, -1.350000000000000089 ) ) ;
#3274 = DIRECTION ( 'NONE',  ( -1.000000000000000000, -3.794707603699267886E-15, 0.0000000000000000000 ) ) ;
#3275 = FACE_OUTER_BOUND ( 'NONE', #3512, .T. ) ;
#3276 = CARTESIAN_POINT ( 'NONE',  ( -1.100000000000000089, 1.000000000000000000, 3.701099892519000178 ) ) ;
#3277 = EDGE_CURVE ( 'NONE', #6148, #69, #1684, .T. ) ;
#3278 =( LENGTH_UNIT ( ) NAMED_UNIT ( * ) SI_UNIT ( .MILLI., .METRE. ) );
#3279 = MECHANICAL_DESIGN_GEOMETRIC_PRESENTATION_REPRESENTATION (  '', ( #5193 ), #1383 ) ;
#3280 = DIRECTION ( 'NONE',  ( 0.0000000000000000000, 1.000000000000000000, 0.0000000000000000000 ) ) ;
#3281 = CIRCLE ( 'NONE', #5784, 0.09999999999999999167 ) ;
#3282 = EDGE_CURVE ( 'NONE', #5861, #3033, #5297, .T. ) ;
#3283 = VECTOR ( 'NONE', #22, 1000.000000000000000 ) ;
#3284 = DIRECTION ( 'NONE',  ( 0.0000000000000000000, 0.0000000000000000000, -1.000000000000000000 ) ) ;
#3285 = ORIENTED_EDGE ( 'NONE', *, *, #734, .F. ) ;
#3286 = CARTESIAN_POINT ( 'NONE',  ( -4.149999999999999467, -1.750000000000000000, 1.350000000000000311 ) ) ;
#3287 = ORIENTED_EDGE ( 'NONE', *, *, #3627, .F. ) ;
#3288 = PLANE ( 'NONE',  #1197 ) ;
#3289 = FILL_AREA_STYLE ('',( #946 ) ) ;
#3290 = CIRCLE ( 'NONE', #122, 0.1000000000000000472 ) ;
#3291 = DIRECTION ( 'NONE',  ( 1.000000000000000000, 0.0000000000000000000, 0.0000000000000000000 ) ) ;
#3292 = ADVANCED_FACE ( 'NONE', ( #492 ), #25, .T. ) ;
#3293 = CARTESIAN_POINT ( 'NONE',  ( 3.920710678118654258, 1.649999999999999467, -1.420710678118654924 ) ) ;
#3294 = CARTESIAN_POINT ( 'NONE',  ( -0.3499999999999999778, 1.000000000000000000, 3.194642898114000040 ) ) ;
#3295 = VECTOR ( 'NONE', #5565, 1000.000000000000000 ) ;
#3296 = CARTESIAN_POINT ( 'NONE',  ( 4.209017335549510186, 1.745156458918386777, -0.3962648973189226709 ) ) ;
#3297 = ORIENTED_EDGE ( 'NONE', *, *, #3862, .T. ) ;
#3298 = DIRECTION ( 'NONE',  ( 0.0000000000000000000, 0.0000000000000000000, 1.000000000000000000 ) ) ;
#3299 = FILL_AREA_STYLE_COLOUR ( '', #3494 ) ;
#3300 = CARTESIAN_POINT ( 'NONE',  ( -0.2000000000000000111, -0.8000000000000000444, 10.61979999999999968 ) ) ;
#3301 = CARTESIAN_POINT ( 'NONE',  ( 3.649999999999999911, -0.8499999999999999778, -2.049999999999999822 ) ) ;
#3302 = VERTEX_POINT ( 'NONE', #700 ) ;
#3303 = DIRECTION ( 'NONE',  ( -1.000000000000000000, 0.0000000000000000000, 0.0000000000000000000 ) ) ;
#3304 = CARTESIAN_POINT ( 'NONE',  ( -1.058578643762690952, 0.9585786437626905299, 3.449999999999999734 ) ) ;
#3305 = CIRCLE ( 'NONE', #4405, 0.09999999999999999167 ) ;
#3306 = CARTESIAN_POINT ( 'NONE',  ( 0.2500000000000001665, -4.549999999999999822, -1.449999999999999956 ) ) ;
#3307 = SURFACE_STYLE_USAGE ( .BOTH. , #1872 ) ;
#3308 = STYLED_ITEM ( 'NONE', ( #5201 ), #4865 ) ;
#3309 = SURFACE_SIDE_STYLE ('',( #5138 ) ) ;
#3310 = ORIENTED_EDGE ( 'NONE', *, *, #1600, .T. ) ;
#3311 = DIRECTION ( 'NONE',  ( -0.0000000000000000000, -0.0000000000000000000, -1.000000000000000000 ) ) ;
#3312 = CARTESIAN_POINT ( 'NONE',  ( -4.150000000000000355, 1.720710678118655190, 1.420710678118654924 ) ) ;
#3313 = APPLICATION_PROTOCOL_DEFINITION ( 'draft international standard', 'automotive_design', 1998, #4830 ) ;
#3314 = CIRCLE ( 'NONE', #1314, 0.1000000000000000472 ) ;
#3315 = ORIENTED_EDGE ( 'NONE', *, *, #280, .F. ) ;
#3316 = VERTEX_POINT ( 'NONE', #176 ) ;
#3317 = LINE ( 'NONE', #3375, #5785 ) ;
#3318 = ORIENTED_EDGE ( 'NONE', *, *, #2516, .F. ) ;
#3319 =( LENGTH_UNIT ( ) NAMED_UNIT ( * ) SI_UNIT ( .MILLI., .METRE. ) );
#3320 = VECTOR ( 'NONE', #1698, 1000.000000000000000 ) ;
#3321 = CARTESIAN_POINT ( 'NONE',  ( 2.149999999999999911, -1.750000000000000000, -1.449999999999999956 ) ) ;
#3322 = CYLINDRICAL_SURFACE ( 'NONE', #1428, 0.09999999999999982514 ) ;
#3323 = EDGE_CURVE ( 'NONE', #2875, #1109, #4899, .T. ) ;
#3324 = ORIENTED_EDGE ( 'NONE', *, *, #3897, .F. ) ;
#3325 = PRESENTATION_STYLE_ASSIGNMENT (( #3677 ) ) ;
#3326 = CARTESIAN_POINT ( 'NONE',  ( -2.149999999999999911, -1.750000000000000000, 0.0000000000000000000 ) ) ;
#3327 = ORIENTED_EDGE ( 'NONE', *, *, #2601, .T. ) ;
#3328 = CARTESIAN_POINT ( 'NONE',  ( -0.6500000000000001332, 1.000000000000000000, 3.701099892519000178 ) ) ;
#3329 = DIRECTION ( 'NONE',  ( 0.0000000000000000000, 0.0000000000000000000, 1.000000000000000000 ) ) ;
#3330 = EDGE_CURVE ( 'NONE', #5491, #830, #3054, .T. ) ;
#3331 = EDGE_CURVE ( 'NONE', #6074, #1433, #5003, .T. ) ;
#3332 = UNCERTAINTY_MEASURE_WITH_UNIT (LENGTH_MEASURE( 1.000000000000000082E-05 ), #1658, 'distance_accuracy_value', 'NONE');
#3333 = DIRECTION ( 'NONE',  ( -0.0000000000000000000, -1.000000000000000000, -0.0000000000000000000 ) ) ;
#3334 = ORIENTED_EDGE ( 'NONE', *, *, #2867, .T. ) ;
#3335 = CARTESIAN_POINT ( 'NONE',  ( -1.649999999999999911, -1.000000000000000000, 3.294642898114000129 ) ) ;
#3336 = SURFACE_STYLE_FILL_AREA ( #2748 ) ;
#3337 = LINE ( 'NONE', #4793, #5789 ) ;
#3338 = CARTESIAN_POINT ( 'NONE',  ( 15.33060000000000223, 1.649999999999999911, -1.350000000000000089 ) ) ;
#3339 = CARTESIAN_POINT ( 'NONE',  ( -1.449999999999999956, -0.9000000000000000222, 3.449999999999999734 ) ) ;
#3340 = VERTEX_POINT ( 'NONE', #3593 ) ;
#3341 = SURFACE_STYLE_FILL_AREA ( #4887 ) ;
#3342 = AXIS2_PLACEMENT_3D ( 'NONE', #4533, #2169, #238 ) ;
#3343 = VERTEX_POINT ( 'NONE', #5942 ) ;
#3344 = CARTESIAN_POINT ( 'NONE',  ( -3.850000000000000089, -1.750000000000000000, 0.0000000000000000000 ) ) ;
#3345 = VECTOR ( 'NONE', #5716, 1000.000000000000000 ) ;
#3346 = CARTESIAN_POINT ( 'NONE',  ( 2.850000000000000089, 2.100000000000000089, -1.449999999999999956 ) ) ;
#3347 = CARTESIAN_POINT ( 'NONE',  ( -4.191063282180840233, -1.750551775759736417, 1.391063282180846628 ) ) ;
#3348 = FILL_AREA_STYLE ('',( #4409 ) ) ;
#3349 = CARTESIAN_POINT ( 'NONE',  ( 3.962442236293274966, 1.684571554749778821, -1.378979119944034437 ) ) ;
#3350 = CARTESIAN_POINT ( 'NONE',  ( -0.6500000000000001332, 6.312599999999999767, 3.350000000000000089 ) ) ;
#3351 = FACE_OUTER_BOUND ( 'NONE', #555, .T. ) ;
#3352 = ORIENTED_EDGE ( 'NONE', *, *, #4466, .T. ) ;
#3353 = FACE_OUTER_BOUND ( 'NONE', #519, .T. ) ;
#3354 = AXIS2_PLACEMENT_3D ( 'NONE', #1723, #1749, #1289 ) ;
#3355 = ADVANCED_FACE ( 'NONE', ( #1646 ), #3562, .T. ) ;
#3356 = DIRECTION ( 'NONE',  ( -0.0000000000000000000, -0.0000000000000000000, -1.000000000000000000 ) ) ;
#3357 = AXIS2_PLACEMENT_3D ( 'NONE', #4667, #3651, #737 ) ;
#3358 = CARTESIAN_POINT ( 'NONE',  ( -3.920710678118655146, 1.720710678118655190, -1.350000000000000089 ) ) ;
#3359 = EDGE_CURVE ( 'NONE', #2565, #104, #4057, .T. ) ;
#3360 = VERTEX_POINT ( 'NONE', #3716 ) ;
#3361 = EDGE_CURVE ( 'NONE', #4954, #3532, #2749, .T. ) ;
#3362 = PRESENTATION_STYLE_ASSIGNMENT (( #4304 ) ) ;
#3363 = CARTESIAN_POINT ( 'NONE',  ( -0.2999999999999999889, 1.000000000000000000, 3.194642898114000040 ) ) ;
#3364 = STYLED_ITEM ( 'NONE', ( #2256 ), #1563 ) ;
#3365 = ADVANCED_FACE ( 'NONE', ( #3679 ), #4731, .T. ) ;
#3366 = AXIS2_PLACEMENT_3D ( 'NONE', #3606, #1208, #5522 ) ;
#3367 = DIRECTION ( 'NONE',  ( 0.7071067811865475727, 0.7071067811865475727, 0.0000000000000000000 ) ) ;
#3368 = CARTESIAN_POINT ( 'NONE',  ( -0.1020933806216536704, -0.8289370394832574762, 3.449978086386832565 ) ) ;
#3369 = ORIENTED_EDGE ( 'NONE', *, *, #1337, .T. ) ;
#3370 = FACE_OUTER_BOUND ( 'NONE', #6068, .T. ) ;
#3371 = DIRECTION ( 'NONE',  ( -1.000000000000000000, 0.0000000000000000000, 0.0000000000000000000 ) ) ;
#3372 = CARTESIAN_POINT ( 'NONE',  ( 3.949999999999999734, -1.650000000000000577, -0.4914213562373093702 ) ) ;
#3373 = FILL_AREA_STYLE ('',( #24 ) ) ;
#3374 = ORIENTED_EDGE ( 'NONE', *, *, #1490, .F. ) ;
#3375 = CARTESIAN_POINT ( 'NONE',  ( -15.33060000000000223, -1.649999999999999911, -1.450000000000000178 ) ) ;
#3376 = VERTEX_POINT ( 'NONE', #3743 ) ;
#3377 = COLOUR_RGB ( '',0.9294117647058823817, 0.9294117647058823817, 0.9372549019607843146 ) ;
#3378 =( NAMED_UNIT ( * ) SI_UNIT ( $, .STERADIAN. ) SOLID_ANGLE_UNIT ( ) );
#3379 = CARTESIAN_POINT ( 'NONE',  ( 3.950000000000000178, 1.649999999999999911, -0.4500000000000000666 ) ) ;
#3380 = LINE ( 'NONE', #5303, #5234 ) ;
#3381 = COLOUR_RGB ( '',0.9294117647058823817, 0.9294117647058823817, 0.9372549019607843146 ) ;
#3382 = DIRECTION ( 'NONE',  ( 0.0000000000000000000, -0.7071067811865475727, -0.7071067811865475727 ) ) ;
#3383 = SURFACE_STYLE_FILL_AREA ( #950 ) ;
#3384 = DIRECTION ( 'NONE',  ( -0.4472135954999979512, -0.8944271909998958714, 0.0000000000000000000 ) ) ;
#3385 = LINE ( 'NONE', #1049, #4256 ) ;
#3386 = ORIENTED_EDGE ( 'NONE', *, *, #6040, .F. ) ;
#3387 = AXIS2_PLACEMENT_3D ( 'NONE', #1675, #1271, #3589 ) ;
#3388 = AXIS2_PLACEMENT_3D ( 'NONE', #5472, #266, #3114 ) ;
#3389 = LINE ( 'NONE', #932, #6123 ) ;
#3390 = DIRECTION ( 'NONE',  ( -0.0000000000000000000, -0.0000000000000000000, -1.000000000000000000 ) ) ;
#3391 = AXIS2_PLACEMENT_3D ( 'NONE', #835, #3130, #773 ) ;
#3392 =( LENGTH_UNIT ( ) NAMED_UNIT ( * ) SI_UNIT ( .MILLI., .METRE. ) );
#3393 = EDGE_CURVE ( 'NONE', #4285, #4091, #4077, .T. ) ;
#3394 = ORIENTED_EDGE ( 'NONE', *, *, #1140, .F. ) ;
#3395 = CARTESIAN_POINT ( 'NONE',  ( -4.150000000000000355, -1.720710678118654968, -0.4207106781186546463 ) ) ;
#3396 =( BOUNDED_SURFACE ( )  B_SPLINE_SURFACE ( 3, 3, ( 
 ( #5171, #4308, #3312, #4185 ),
 ( #884, #5696, #1342, #4282 ),
 ( #6105, #5258, #1811, #1404 ),
 ( #5202, #1840, #1368, #4706 ) ),
 .UNSPECIFIED., .F., .F., .F. ) 
 B_SPLINE_SURFACE_WITH_KNOTS ( ( 4, 4 ),
 ( 4, 4 ),
 ( 0.0000000000000000000, 1.000000000000000000 ),
 ( 0.0000000000000000000, 1.000000000000000000 ),
 .UNSPECIFIED. ) 
 GEOMETRIC_REPRESENTATION_ITEM ( )  RATIONAL_B_SPLINE_SURFACE ( (
 ( 1.000000000000000000, 0.8047378541243600525, 0.8047378541243600525, 1.000000000000000000),
 ( 0.8025111867385943398, 0.6458111303268100345, 0.6458111303268100345, 0.8025111867385943398),
 ( 0.8025111867385943398, 0.6458111303268100345, 0.6458111303268100345, 0.8025111867385943398),
 ( 1.000000000000000000, 0.8047378541243600525, 0.8047378541243600525, 1.000000000000000000) ) ) 
 REPRESENTATION_ITEM ( '' )  SURFACE ( )  );
#3397 = CIRCLE ( 'NONE', #1496, 0.1000000000000001443 ) ;
#3398 = EDGE_CURVE ( 'NONE', #5209, #3065, #5106, .T. ) ;
#3399 = EDGE_CURVE ( 'NONE', #5583, #1666, #4597, .T. ) ;
#3400 = CARTESIAN_POINT ( 'NONE',  ( -4.220710678118648751, -1.650000000000000799, 1.420710678118660475 ) ) ;
#3401 = CARTESIAN_POINT ( 'NONE',  ( -1.999999999999999556, 0.7999999997852499378, 3.350000000000000089 ) ) ;
#3402 = DIRECTION ( 'NONE',  ( 1.000000000000000000, 0.0000000000000000000, 0.0000000000000000000 ) ) ;
#3403 = DIRECTION ( 'NONE',  ( 0.0000000000000000000, 0.0000000000000000000, -1.000000000000000000 ) ) ;
#3404 = EDGE_CURVE ( 'NONE', #869, #4127, #2201, .T. ) ;
#3405 = EDGE_CURVE ( 'NONE', #860, #1597, #2405, .T. ) ;
#3406 = ORIENTED_EDGE ( 'NONE', *, *, #4983, .T. ) ;
#3407 = VECTOR ( 'NONE', #4120, 1000.000000000000000 ) ;
#3408 = SURFACE_SIDE_STYLE ('',( #5790 ) ) ;
#3409 = VERTEX_POINT ( 'NONE', #1058 ) ;
#3410 = DIRECTION ( 'NONE',  ( 0.0000000000000000000, 0.0000000000000000000, -1.000000000000000000 ) ) ;
#3411 = STYLED_ITEM ( 'NONE', ( #3362 ), #5252 ) ;
#3412 = DIRECTION ( 'NONE',  ( -1.000000000000000000, -0.0000000000000000000, -0.0000000000000000000 ) ) ;
#3413 = LINE ( 'NONE', #2573, #5080 ) ;
#3414 = ORIENTED_EDGE ( 'NONE', *, *, #1114, .F. ) ;
#3415 = VECTOR ( 'NONE', #4381, 1000.000000000000000 ) ;
#3416 = DIRECTION ( 'NONE',  ( -0.0000000000000000000, 0.0000000000000000000, -1.000000000000000000 ) ) ;
#3417 = EDGE_LOOP ( 'NONE', ( #3625, #2729, #905 ) ) ;
#3418 = CARTESIAN_POINT ( 'NONE',  ( -4.149999999999999467, -1.649999999999999911, -0.3499999999999999778 ) ) ;
#3419 = CARTESIAN_POINT ( 'NONE',  ( 4.250551775759737083, 1.732713191421226151, -0.3494133729404612643 ) ) ;
#3420 = VERTEX_POINT ( 'NONE', #4822 ) ;
#3421 = PRESENTATION_STYLE_ASSIGNMENT (( #795 ) ) ;
#3422 = CARTESIAN_POINT ( 'NONE',  ( -0.3499999999999999778, -1.749999999999999778, -1.149999999999999911 ) ) ;
#3423 = VECTOR ( 'NONE', #1313, 1000.000000000000000 ) ;
#3424 = CARTESIAN_POINT ( 'NONE',  ( -3.950000000000000178, -6.312599999999999767, -1.350000000000000089 ) ) ;
#3425 = ORIENTED_EDGE ( 'NONE', *, *, #1118, .F. ) ;
#3426 = DIRECTION ( 'NONE',  ( 0.7071067811865483499, 0.0000000000000000000, -0.7071067811865466846 ) ) ;
#3427 = FILL_AREA_STYLE_COLOUR ( '', #5056 ) ;
#3428 = DIRECTION ( 'NONE',  ( 0.0000000000000000000, 1.000000000000000000, 0.0000000000000000000 ) ) ;
#3429 = EDGE_LOOP ( 'NONE', ( #1298, #3964, #246, #3573, #2849 ) ) ;
#3430 =( BOUNDED_SURFACE ( )  B_SPLINE_SURFACE ( 3, 3, ( 
 ( #2460, #3358, #1934, #76 ),
 ( #2865, #11, #5280, #1959 ),
 ( #5770, #1395, #4789, #2377 ),
 ( #451, #987, #1483, #4360 ) ),
 .UNSPECIFIED., .F., .F., .F. ) 
 B_SPLINE_SURFACE_WITH_KNOTS ( ( 4, 4 ),
 ( 4, 4 ),
 ( 0.0000000000000000000, 1.000000000000000000 ),
 ( 0.0000000000000000000, 1.000000000000000000 ),
 .UNSPECIFIED. ) 
 GEOMETRIC_REPRESENTATION_ITEM ( )  RATIONAL_B_SPLINE_SURFACE ( (
 ( 1.000000000000000000, 0.8047378541242850014, 0.8047378541242850014, 1.000000000000000000),
 ( 0.8025111867385930076, 0.6458111303267487502, 0.6458111303267487502, 0.8025111867385930076),
 ( 0.8025111867385930076, 0.6458111303267487502, 0.6458111303267487502, 0.8025111867385930076),
 ( 1.000000000000000000, 0.8047378541242850014, 0.8047378541242850014, 1.000000000000000000) ) ) 
 REPRESENTATION_ITEM ( '' )  SURFACE ( )  );
#3431 = PLANE ( 'NONE',  #3698 ) ;
#3432 = CARTESIAN_POINT ( 'NONE',  ( -0.1999999999999999833, -1.000000000000000000, 3.350000000000000533 ) ) ;
#3433 = ORIENTED_EDGE ( 'NONE', *, *, #1745, .T. ) ;
#3434 = CARTESIAN_POINT ( 'NONE',  ( 3.649999999999999911, -1.449999999999999956, -2.049999999999999822 ) ) ;
#3435 = DIRECTION ( 'NONE',  ( 0.0000000000000000000, 0.0000000000000000000, -1.000000000000000000 ) ) ;
#3436 = ADVANCED_FACE ( 'NONE', ( #2928 ), #3842, .T. ) ;
#3437 = UNCERTAINTY_MEASURE_WITH_UNIT (LENGTH_MEASURE( 1.000000000000000082E-05 ), #2101, 'distance_accuracy_value', 'NONE');
#3438 = ORIENTED_EDGE ( 'NONE', *, *, #3792, .F. ) ;
#3439 = EDGE_CURVE ( 'NONE', #5450, #2378, #1962, .T. ) ;
#3440 = VERTEX_POINT ( 'NONE', #1906 ) ;
#3441 = ADVANCED_FACE ( 'NONE', ( #1867 ), #1460, .T. ) ;
#3442 = PRESENTATION_STYLE_ASSIGNMENT (( #4342 ) ) ;
#3443 = PRESENTATION_LAYER_ASSIGNMENT (  '', '', ( #2158 ) ) ;
#3444 = DIRECTION ( 'NONE',  ( 0.7071067811865474617, 0.0000000000000000000, 0.7071067811865474617 ) ) ;
#3445 = CARTESIAN_POINT ( 'NONE',  ( -15.33060000000000223, -1.649999999999999911, -1.450000000000000178 ) ) ;
#3446 = COLOUR_RGB ( '',0.9294117647058823817, 0.9294117647058823817, 0.9372549019607843146 ) ;
#3447 = VERTEX_POINT ( 'NONE', #5807 ) ;
#3448 = CARTESIAN_POINT ( 'NONE',  ( 2.700000000000000178, -1.449999999999999956, -2.049999999999999822 ) ) ;
#3449 = ORIENTED_EDGE ( 'NONE', *, *, #4794, .T. ) ;
#3450 = SURFACE_STYLE_FILL_AREA ( #2016 ) ;
#3451 =( NAMED_UNIT ( * ) SI_UNIT ( $, .STERADIAN. ) SOLID_ANGLE_UNIT ( ) );
#3452 = VERTEX_POINT ( 'NONE', #3363 ) ;
#3453 = CARTESIAN_POINT ( 'NONE',  ( -2.700000000000000178, 1.449999999999999956, -2.049999999999999822 ) ) ;
#3454 = DIRECTION ( 'NONE',  ( 0.0000000000000000000, 0.0000000000000000000, 1.000000000000000000 ) ) ;
#3455 = ORIENTED_EDGE ( 'NONE', *, *, #2553, .T. ) ;
#3456 = CARTESIAN_POINT ( 'NONE',  ( 2.700000000000000178, -0.8499999999999999778, -1.750000000000000000 ) ) ;
#3457 = VERTEX_POINT ( 'NONE', #4763 ) ;
#3458 = AXIS2_PLACEMENT_3D ( 'NONE', #4027, #5339, #1476 ) ;
#3459 = DIRECTION ( 'NONE',  ( -0.0000000000000000000, -1.000000000000000000, -0.0000000000000000000 ) ) ;
#3460 = CARTESIAN_POINT ( 'NONE',  ( 2.250000000000000444, 2.100000000000000089, -1.149999999999999911 ) ) ;
#3461 = VECTOR ( 'NONE', #5885, 1000.000000000000000 ) ;
#3462 = DIRECTION ( 'NONE',  ( 0.0000000000000000000, 0.0000000000000000000, 1.000000000000000000 ) ) ;
#3463 = ORIENTED_EDGE ( 'NONE', *, *, #2904, .F. ) ;
#3464 = SURFACE_STYLE_FILL_AREA ( #144 ) ;
#3465 = CARTESIAN_POINT ( 'NONE',  ( -1.916144501250880428, 1.001103551521170365, 3.409019300807194952 ) ) ;
#3466 = VERTEX_POINT ( 'NONE', #2380 ) ;
#3467 = COLOUR_RGB ( '',0.9294117647058823817, 0.9294117647058823817, 0.9372549019607843146 ) ;
#3468 = DIRECTION ( 'NONE',  ( -1.000000000000000000, -0.0000000000000000000, 0.0000000000000000000 ) ) ;
#3469 = PRESENTATION_LAYER_ASSIGNMENT (  '', '', ( #1079 ) ) ;
#3470 = EDGE_LOOP ( 'NONE', ( #5117, #1418, #762, #3876, #1122, #5185, #3154, #3455 ) ) ;
#3471 = EDGE_CURVE ( 'NONE', #3447, #2327, #2869, .T. ) ;
#3472 = ORIENTED_EDGE ( 'NONE', *, *, #5403, .F. ) ;
#3473 = CARTESIAN_POINT ( 'NONE',  ( -4.220041115078385197, 1.650000000000000133, -0.2786260397723617777 ) ) ;
#3474 = AXIS2_PLACEMENT_3D ( 'NONE', #1237, #2676, #4591 ) ;
#3475 = CARTESIAN_POINT ( 'NONE',  ( -0.3499999999999999778, 1.000000000000000000, 3.294642898114000129 ) ) ;
#3476 = EDGE_CURVE ( 'NONE', #3532, #4808, #3337, .T. ) ;
#3477 = CARTESIAN_POINT ( 'NONE',  ( 4.220710678118654968, 1.720710678118654746, 1.350000000000000089 ) ) ;
#3478 = ORIENTED_EDGE ( 'NONE', *, *, #6089, .F. ) ;
#3479 = PLANE ( 'NONE',  #106 ) ;
#3480 = EDGE_LOOP ( 'NONE', ( #1543, #5866, #1982, #2880 ) ) ;
#3481 = CARTESIAN_POINT ( 'NONE',  ( -2.149999999999999911, -2.850000000000000089, -1.449999999999999956 ) ) ;
#3482 = ORIENTED_EDGE ( 'NONE', *, *, #3629, .F. ) ;
#3483 = CARTESIAN_POINT ( 'NONE',  ( -3.649999999999999911, -1.449999999999999956, -1.750000000000000000 ) ) ;
#3484 = DIRECTION ( 'NONE',  ( 0.0000000000000000000, 0.0000000000000000000, 1.000000000000000000 ) ) ;
#3485 = PRESENTATION_LAYER_ASSIGNMENT (  '', '', ( #5193 ) ) ;
#3486 = EDGE_CURVE ( 'NONE', #1094, #1615, #5285, .T. ) ;
#3487 = MECHANICAL_DESIGN_GEOMETRIC_PRESENTATION_REPRESENTATION (  '', ( #5488 ), #513 ) ;
#3488 = LINE ( 'NONE', #5427, #500 ) ;
#3489 = EDGE_LOOP ( 'NONE', ( #2403, #5368, #112 ) ) ;
#3490 = VECTOR ( 'NONE', #2095, 1000.000000000000000 ) ;
#3491 = DIRECTION ( 'NONE',  ( 0.0000000000000000000, 0.0000000000000000000, 1.000000000000000000 ) ) ;
#3492 = DIRECTION ( 'NONE',  ( 0.0000000000000000000, -1.000000000000000000, -0.0000000000000000000 ) ) ;
#3493 = VECTOR ( 'NONE', #1411, 1000.000000000000000 ) ;
#3494 = COLOUR_RGB ( '',0.9294117647058823817, 0.9294117647058823817, 0.9372549019607843146 ) ;
#3495 = DIRECTION ( 'NONE',  ( -0.0000000000000000000, -1.000000000000000000, -0.0000000000000000000 ) ) ;
#3496 =( LENGTH_UNIT ( ) NAMED_UNIT ( * ) SI_UNIT ( .MILLI., .METRE. ) );
#3497 = ORIENTED_EDGE ( 'NONE', *, *, #2984, .F. ) ;
#3498 = DIRECTION ( 'NONE',  ( 0.0000000000000000000, 0.0000000000000000000, -1.000000000000000000 ) ) ;
#3499 = CARTESIAN_POINT ( 'NONE',  ( -0.1619439063769677889, -0.9577439175465519705, 3.429444432182414904 ) ) ;
#3500 = STYLED_ITEM ( 'NONE', ( #5467 ), #4313 ) ;
#3501 = CARTESIAN_POINT ( 'NONE',  ( -4.150000000000001243, -1.720710678118654968, -0.4207106781186550348 ) ) ;
#3502 = PRESENTATION_STYLE_ASSIGNMENT (( #1583 ) ) ;
#3503 = UNCERTAINTY_MEASURE_WITH_UNIT (LENGTH_MEASURE( 1.000000000000000082E-05 ), #5079, 'distance_accuracy_value', 'NONE');
#3504 = ORIENTED_EDGE ( 'NONE', *, *, #4943, .T. ) ;
#3505 =( NAMED_UNIT ( * ) PLANE_ANGLE_UNIT ( ) SI_UNIT ( $, .RADIAN. ) );
#3506 = ORIENTED_EDGE ( 'NONE', *, *, #5964, .T. ) ;
#3507 = CARTESIAN_POINT ( 'NONE',  ( -4.220710678118650527, 1.649999999999999911, -0.4207106781186602529 ) ) ;
#3508 = LINE ( 'NONE', #5141, #3654 ) ;
#3509 = CARTESIAN_POINT ( 'NONE',  ( 4.208576042115765858, 1.578626039772357714, -0.4200411150783810443 ) ) ;
#3510 = EDGE_CURVE ( 'NONE', #2030, #1309, #3182, .T. ) ;
#3511 = DIRECTION ( 'NONE',  ( -1.000000000000000000, 0.0000000000000000000, 0.0000000000000000000 ) ) ;
#3512 = EDGE_LOOP ( 'NONE', ( #2764, #3829, #2115, #3262, #3814, #3040, #1882, #4675, #20, #5798, #4202, #5313, #3788, #2104, #4474, #2154, #5641, #5200, #2008, #2019, #4997, #3851 ) ) ;
#3513 = CARTESIAN_POINT ( 'NONE',  ( 3.849999999999998757, -1.749999999999999556, -0.4328427124746190291 ) ) ;
#3514 = PLANE ( 'NONE',  #2899 ) ;
#3515 =( GEOMETRIC_REPRESENTATION_CONTEXT ( 3 ) GLOBAL_UNCERTAINTY_ASSIGNED_CONTEXT ( ( #1021 ) ) GLOBAL_UNIT_ASSIGNED_CONTEXT ( ( #3809, #6157, #5689 ) ) REPRESENTATION_CONTEXT ( 'NONE', 'WORKASPACE' ) );
#3516 = EDGE_LOOP ( 'NONE', ( #5424, #6073, #133 ) ) ;
#3517 = DIRECTION ( 'NONE',  ( 1.000000000000000000, 0.0000000000000000000, -0.0000000000000000000 ) ) ;
#3518 = VECTOR ( 'NONE', #4487, 1000.000000000000000 ) ;
#3519 = CARTESIAN_POINT ( 'NONE',  ( 0.0000000000000000000, 0.7999999999999999334, 0.9499999999999995115 ) ) ;
#3520 = ORIENTED_EDGE ( 'NONE', *, *, #843, .T. ) ;
#3521 = EDGE_CURVE ( 'NONE', #2795, #5015, #1091, .T. ) ;
#3522 = CARTESIAN_POINT ( 'NONE',  ( 2.700000000000000178, -0.8499999999999999778, -2.049999999999999822 ) ) ;
#3523 = VECTOR ( 'NONE', #2204, 1000.000000000000000 ) ;
#3524 = DIRECTION ( 'NONE',  ( 0.0000000000000000000, -0.0000000000000000000, 1.000000000000000000 ) ) ;
#3525 = DIRECTION ( 'NONE',  ( -1.000000000000000000, -0.0000000000000000000, -0.0000000000000000000 ) ) ;
#3526 = ORIENTED_EDGE ( 'NONE', *, *, #4468, .T. ) ;
#3527 =( NAMED_UNIT ( * ) SI_UNIT ( $, .STERADIAN. ) SOLID_ANGLE_UNIT ( ) );
#3528 = ORIENTED_EDGE ( 'NONE', *, *, #5961, .T. ) ;
#3529 = SURFACE_STYLE_FILL_AREA ( #234 ) ;
#3530 =( NAMED_UNIT ( * ) PLANE_ANGLE_UNIT ( ) SI_UNIT ( $, .RADIAN. ) );
#3531 = CARTESIAN_POINT ( 'NONE',  ( 3.849999999999999645, -1.749999999999999778, -0.4328427124746190291 ) ) ;
#3532 = VERTEX_POINT ( 'NONE', #5407 ) ;
#3533 = PLANE ( 'NONE',  #4764 ) ;
#3534 = EDGE_LOOP ( 'NONE', ( #1163, #1456, #1326, #3318 ) ) ;
#3535 = DIRECTION ( 'NONE',  ( -0.0000000000000000000, -1.000000000000000000, 0.0000000000000000000 ) ) ;
#3536 =( NAMED_UNIT ( * ) PLANE_ANGLE_UNIT ( ) SI_UNIT ( $, .RADIAN. ) );
#3537 = FACE_OUTER_BOUND ( 'NONE', #3982, .T. ) ;
#3538 = PLANE ( 'NONE',  #5570 ) ;
#3539 = ORIENTED_EDGE ( 'NONE', *, *, #4583, .F. ) ;
#3540 = CARTESIAN_POINT ( 'NONE',  ( -1.250000000000000000, -1.000000000000000000, 3.194642898114000040 ) ) ;
#3541 = VERTEX_POINT ( 'NONE', #4971 ) ;
#3542 = FACE_OUTER_BOUND ( 'NONE', #1353, .T. ) ;
#3543 = CARTESIAN_POINT ( 'NONE',  ( 2.250000000000000444, -3.049999999999999822, -1.449999999999999956 ) ) ;
#3544 = ORIENTED_EDGE ( 'NONE', *, *, #4462, .T. ) ;
#3545 = SURFACE_STYLE_USAGE ( .BOTH. , #657 ) ;
#3546 = VECTOR ( 'NONE', #3495, 1000.000000000000000 ) ;
#3547 = CARTESIAN_POINT ( 'NONE',  ( -2.700000000000000178, 0.8500000000000000888, -1.750000000000000000 ) ) ;
#3548 = ORIENTED_EDGE ( 'NONE', *, *, #3277, .F. ) ;
#3549 = EDGE_CURVE ( 'NONE', #6042, #4378, #2524, .T. ) ;
#3550 = LINE ( 'NONE', #4047, #4930 ) ;
#3551 = PRESENTATION_LAYER_ASSIGNMENT (  '', '', ( #3047 ) ) ;
#3552 = CARTESIAN_POINT ( 'NONE',  ( 0.0000000000000000000, 1.000000000000000000, 3.350000000000000089 ) ) ;
#3553 = EDGE_CURVE ( 'NONE', #303, #3232, #5376, .T. ) ;
#3554 = AXIS2_PLACEMENT_3D ( 'NONE', #2162, #3559, #1823 ) ;
#3555 = EDGE_CURVE ( 'NONE', #4060, #4627, #2800, .T. ) ;
#3556 = FACE_OUTER_BOUND ( 'NONE', #158, .T. ) ;
#3557 = CARTESIAN_POINT ( 'NONE',  ( -4.250000000000000000, 1.650000000000000133, -0.3499999999999998113 ) ) ;
#3558 = ORIENTED_EDGE ( 'NONE', *, *, #1828, .F. ) ;
#3559 = DIRECTION ( 'NONE',  ( -1.000000000000000000, 0.0000000000000000000, 0.0000000000000000000 ) ) ;
#3560 = EDGE_LOOP ( 'NONE', ( #5892, #2098, #1815 ) ) ;
#3561 =( NAMED_UNIT ( * ) SI_UNIT ( $, .STERADIAN. ) SOLID_ANGLE_UNIT ( ) );
#3562 = PLANE ( 'NONE',  #3388 ) ;
#3563 = COLOUR_RGB ( '',0.9294117647058823817, 0.9294117647058823817, 0.9372549019607843146 ) ;
#3564 = EDGE_CURVE ( 'NONE', #3643, #1611, #4048, .T. ) ;
#3565 = ORIENTED_EDGE ( 'NONE', *, *, #885, .F. ) ;
#3566 = STYLED_ITEM ( 'NONE', ( #1807 ), #1631 ) ;
#3567 = VERTEX_POINT ( 'NONE', #2025 ) ;
#3568 = FACE_OUTER_BOUND ( 'NONE', #3074, .T. ) ;
#3569 = LINE ( 'NONE', #4570, #86 ) ;
#3570 =( GEOMETRIC_REPRESENTATION_CONTEXT ( 3 ) GLOBAL_UNCERTAINTY_ASSIGNED_CONTEXT ( ( #2138 ) ) GLOBAL_UNIT_ASSIGNED_CONTEXT ( ( #1472, #5680, #186 ) ) REPRESENTATION_CONTEXT ( 'NONE', 'WORKASPACE' ) );
#3571 = CARTESIAN_POINT ( 'NONE',  ( 4.249995558710894628, 1.607914060830241132, -0.3907530940204975711 ) ) ;
#3572 = DIRECTION ( 'NONE',  ( -1.000000000000000000, -0.0000000000000000000, -0.0000000000000000000 ) ) ;
#3573 = ORIENTED_EDGE ( 'NONE', *, *, #6051, .T. ) ;
#3574 = FILL_AREA_STYLE_COLOUR ( '', #5685 ) ;
#3575 = ORIENTED_EDGE ( 'NONE', *, *, #5473, .T. ) ;
#3576 = VECTOR ( 'NONE', #3266, 1000.000000000000000 ) ;
#3577 = DIRECTION ( 'NONE',  ( 0.0000000000000000000, 1.000000000000000000, 0.0000000000000000000 ) ) ;
#3578 =( LENGTH_UNIT ( ) NAMED_UNIT ( * ) SI_UNIT ( .MILLI., .METRE. ) );
#3579 = CARTESIAN_POINT ( 'NONE',  ( 4.220710678118654968, 1.720710678118654080, 1.350000000000000533 ) ) ;
#3580 = CARTESIAN_POINT ( 'NONE',  ( -0.1945276744110506495, 0.9944628838447928665, 3.383682560158643327 ) ) ;
#3581 = ORIENTED_EDGE ( 'NONE', *, *, #4356, .F. ) ;
#3582 = ORIENTED_EDGE ( 'NONE', *, *, #550, .F. ) ;
#3583 = CARTESIAN_POINT ( 'NONE',  ( -1.100000000000000089, 6.312599999999999767, 3.350000000000000089 ) ) ;
#3584 = ADVANCED_FACE ( 'NONE', ( #5838 ), #2126, .T. ) ;
#3585 = AXIS2_PLACEMENT_3D ( 'NONE', #4660, #818, #4082 ) ;
#3586 = VECTOR ( 'NONE', #2363, 1000.000000000000000 ) ;
#3587 = CARTESIAN_POINT ( 'NONE',  ( -4.049999999999998934, 1.708578643762690641, -0.4499999999999999001 ) ) ;
#3588 = ORIENTED_EDGE ( 'NONE', *, *, #139, .F. ) ;
#3589 = DIRECTION ( 'NONE',  ( 0.0000000000000000000, 0.0000000000000000000, 1.000000000000000000 ) ) ;
#3590 = CARTESIAN_POINT ( 'NONE',  ( -0.6500000000000001332, 1.000000000000000000, 3.408578643762690596 ) ) ;
#3591 = ORIENTED_EDGE ( 'NONE', *, *, #3627, .T. ) ;
#3592 =( GEOMETRIC_REPRESENTATION_CONTEXT ( 3 ) GLOBAL_UNCERTAINTY_ASSIGNED_CONTEXT ( ( #4908 ) ) GLOBAL_UNIT_ASSIGNED_CONTEXT ( ( #3319, #497, #3378 ) ) REPRESENTATION_CONTEXT ( 'NONE', 'WORKASPACE' ) );
#3593 = CARTESIAN_POINT ( 'NONE',  ( -4.049999999999999822, 1.649999999999999911, -0.4500000000000000111 ) ) ;
#3594 = EDGE_CURVE ( 'NONE', #2817, #5627, #2988, .T. ) ;
#3595 = DIRECTION ( 'NONE',  ( -0.0000000000000000000, -1.000000000000000000, 0.0000000000000000000 ) ) ;
#3596 = ORIENTED_EDGE ( 'NONE', *, *, #2984, .T. ) ;
#3597 = DIRECTION ( 'NONE',  ( 1.000000000000000000, -0.0000000000000000000, 0.0000000000000000000 ) ) ;
#3598 = DIRECTION ( 'NONE',  ( 0.0000000000000000000, -0.0000000000000000000, 1.000000000000000000 ) ) ;
#3599 = EDGE_CURVE ( 'NONE', #1556, #6042, #3022, .T. ) ;
#3600 = ADVANCED_FACE ( 'NONE', ( #168 ), #5005, .T. ) ;
#3601 = CARTESIAN_POINT ( 'NONE',  ( -3.950000000000000178, -1.650000000000000133, -0.4500000000000000666 ) ) ;
#3602 = VERTEX_POINT ( 'NONE', #1760 ) ;
#3603 = DIRECTION ( 'NONE',  ( 0.7071067811865975328, 0.0000000000000000000, 0.7071067811864976127 ) ) ;
#3604 = ORIENTED_EDGE ( 'NONE', *, *, #365, .F. ) ;
#3605 = CARTESIAN_POINT ( 'NONE',  ( -1.350000000000000089, 1.000000000000000000, 3.350000000000000089 ) ) ;
#3606 = CARTESIAN_POINT ( 'NONE',  ( -2.750000000000000000, -4.549999999999999822, -1.149999999999999911 ) ) ;
#3607 = ORIENTED_EDGE ( 'NONE', *, *, #1637, .F. ) ;
#3608 = PRESENTATION_LAYER_ASSIGNMENT (  '', '', ( #236 ) ) ;
#3609 = FACE_OUTER_BOUND ( 'NONE', #715, .T. ) ;
#3610 = LINE ( 'NONE', #4621, #1515 ) ;
#3611 = DIRECTION ( 'NONE',  ( 0.0000000000000000000, 0.0000000000000000000, 1.000000000000000000 ) ) ;
#3612 = VECTOR ( 'NONE', #1024, 1000.000000000000000 ) ;
#3613 = CARTESIAN_POINT ( 'NONE',  ( 2.149999999999999911, 2.250000000000000444, -1.149999999999999911 ) ) ;
#3614 = LINE ( 'NONE', #4626, #2581 ) ;
#3615 = ORIENTED_EDGE ( 'NONE', *, *, #1999, .F. ) ;
#3616 = FACE_OUTER_BOUND ( 'NONE', #72, .T. ) ;
#3617 = VECTOR ( 'NONE', #5182, 1000.000000000000000 ) ;
#3618 = CARTESIAN_POINT ( 'NONE',  ( -14.76136857396000224, -1.649999999999999911, -0.3499999999999999778 ) ) ;
#3619 = ADVANCED_FACE ( 'NONE', ( #423 ), #5993, .T. ) ;
#3620 = DIRECTION ( 'NONE',  ( 0.0000000000000000000, -1.000000000000000000, 0.0000000000000000000 ) ) ;
#3621 = CIRCLE ( 'NONE', #4317, 0.2000000000000000111 ) ;
#3622 = FACE_OUTER_BOUND ( 'NONE', #311, .T. ) ;
#3623 = LINE ( 'NONE', #6005, #2006 ) ;
#3624 = LINE ( 'NONE', #5975, #4956 ) ;
#3625 = ORIENTED_EDGE ( 'NONE', *, *, #4827, .F. ) ;
#3626 = CARTESIAN_POINT ( 'NONE',  ( 2.700000000000000178, -0.8499999999999999778, -2.049999999999999822 ) ) ;
#3627 = EDGE_CURVE ( 'NONE', #4976, #633, #1689, .T. ) ;
#3628 = LINE ( 'NONE', #6137, #1819 ) ;
#3629 = EDGE_CURVE ( 'NONE', #117, #3947, #2315, .T. ) ;
#3630 = EDGE_CURVE ( 'NONE', #4091, #2170, #5189, .T. ) ;
#3631 = ORIENTED_EDGE ( 'NONE', *, *, #1266, .T. ) ;
#3632 = ORIENTED_EDGE ( 'NONE', *, *, #2527, .T. ) ;
#3633 = LINE ( 'NONE', #5029, #1207 ) ;
#3634 = CARTESIAN_POINT ( 'NONE',  ( 4.150000000000000355, -1.750000000000000000, 0.0000000000000000000 ) ) ;
#3635 = ORIENTED_EDGE ( 'NONE', *, *, #3776, .F. ) ;
#3636 = SURFACE_STYLE_USAGE ( .BOTH. , #1297 ) ;
#3637 = ORIENTED_EDGE ( 'NONE', *, *, #3476, .F. ) ;
#3638 = CARTESIAN_POINT ( 'NONE',  ( -3.878979119944025999, -1.684571554749769495, -1.462442236293283626 ) ) ;
#3639 = CARTESIAN_POINT ( 'NONE',  ( -4.250000000000000000, 1.650000000000000133, -1.449999999999999956 ) ) ;
#3640 = COLOUR_RGB ( '',0.9294117647058823817, 0.9294117647058823817, 0.9372549019607843146 ) ;
#3641 = CARTESIAN_POINT ( 'NONE',  ( -3.891063282180843519, 1.691063282180844007, -1.450551775759736595 ) ) ;
#3642 = LINE ( 'NONE', #845, #2186 ) ;
#3643 = VERTEX_POINT ( 'NONE', #6122 ) ;
#3644 =( NAMED_UNIT ( * ) SI_UNIT ( $, .STERADIAN. ) SOLID_ANGLE_UNIT ( ) );
#3645 = CARTESIAN_POINT ( 'NONE',  ( -1.099999999999999645, -1.000000000000000000, 3.408578643762690596 ) ) ;
#3646 = PRESENTATION_LAYER_ASSIGNMENT (  '', '', ( #5851 ) ) ;
#3647 = CARTESIAN_POINT ( 'NONE',  ( 2.250000000000000444, -3.049999999999999822, -1.149999999999999911 ) ) ;
#3648 = CARTESIAN_POINT ( 'NONE',  ( 3.649999999999999911, -0.8499999999999999778, -1.750000000000000000 ) ) ;
#3649 = ORIENTED_EDGE ( 'NONE', *, *, #1664, .F. ) ;
#3650 = AXIS2_PLACEMENT_3D ( 'NONE', #384, #3733, #1642 ) ;
#3651 = DIRECTION ( 'NONE',  ( 1.000000000000000000, 0.0000000000000000000, 0.0000000000000000000 ) ) ;
#3652 = DIRECTION ( 'NONE',  ( -0.0000000000000000000, 1.000000000000000000, -0.0000000000000000000 ) ) ;
#3653 = DIRECTION ( 'NONE',  ( -1.000000000000000000, 0.0000000000000000000, 0.0000000000000000000 ) ) ;
#3654 = VECTOR ( 'NONE', #4536, 1000.000000000000000 ) ;
#3655 = ADVANCED_FACE ( 'NONE', ( #5527 ), #5652, .T. ) ;
#3656 = CARTESIAN_POINT ( 'NONE',  ( 4.149333577425369235, -1.749995558710895960, -0.3493335774253695236 ) ) ;
#3657 = ORIENTED_EDGE ( 'NONE', *, *, #3901, .T. ) ;
#3658 = CARTESIAN_POINT ( 'NONE',  ( 3.878979119944034437, -1.762442236293275899, -1.350000000000000089 ) ) ;
#3659 = EDGE_LOOP ( 'NONE', ( #5469, #3548, #233, #3695 ) ) ;
#3660 = DIRECTION ( 'NONE',  ( 0.0000000000000000000, 0.0000000000000000000, -1.000000000000000000 ) ) ;
#3661 = EDGE_CURVE ( 'NONE', #777, #1965, #4183, .T. ) ;
#3662 = SURFACE_STYLE_FILL_AREA ( #2368 ) ;
#3663 = VECTOR ( 'NONE', #3572, 1000.000000000000000 ) ;
#3664 = LINE ( 'NONE', #5582, #590 ) ;
#3665 = ORIENTED_EDGE ( 'NONE', *, *, #1142, .T. ) ;
#3666 =( NAMED_UNIT ( * ) PLANE_ANGLE_UNIT ( ) SI_UNIT ( $, .RADIAN. ) );
#3667 = ORIENTED_EDGE ( 'NONE', *, *, #3739, .T. ) ;
#3668 = CARTESIAN_POINT ( 'NONE',  ( 4.119962439680784350, -1.708901866519356272, 1.462164124680902955 ) ) ;
#3669 = DIRECTION ( 'NONE',  ( -1.000000000000000000, 0.0000000000000000000, 0.0000000000000000000 ) ) ;
#3670 = EDGE_CURVE ( 'NONE', #1081, #612, #5555, .T. ) ;
#3671 = AXIS2_PLACEMENT_3D ( 'NONE', #5805, #477, #5717 ) ;
#3672 = EDGE_CURVE ( 'NONE', #3099, #41, #2704, .T. ) ;
#3673 = CARTESIAN_POINT ( 'NONE',  ( -3.850000000000000089, -1.750000000000000000, -0.5500000000000010436 ) ) ;
#3674 = LINE ( 'NONE', #5191, #978 ) ;
#3675 = VERTEX_POINT ( 'NONE', #5589 ) ;
#3676 = VECTOR ( 'NONE', #839, 1000.000000000000000 ) ;
#3677 = SURFACE_STYLE_USAGE ( .BOTH. , #1764 ) ;
#3678 = CARTESIAN_POINT ( 'NONE',  ( -4.149999999999998579, -1.720041115078380978, -0.2786260397723576698 ) ) ;
#3679 = FACE_OUTER_BOUND ( 'NONE', #778, .T. ) ;
#3680 = VECTOR ( 'NONE', #1437, 1000.000000000000000 ) ;
#3681 = DIRECTION ( 'NONE',  ( -0.0000000000000000000, 1.000000000000000000, -0.0000000000000000000 ) ) ;
#3682 = DIRECTION ( 'NONE',  ( 0.0000000000000000000, 1.000000000000000000, -0.0000000000000000000 ) ) ;
#3683 = CARTESIAN_POINT ( 'NONE',  ( -4.150000000000000355, -1.649999999999999911, 1.350000000000000533 ) ) ;
#3684 = PRESENTATION_LAYER_ASSIGNMENT (  '', '', ( #1584 ) ) ;
#3685 = ORIENTED_EDGE ( 'NONE', *, *, #4430, .T. ) ;
#3686 = AXIS2_PLACEMENT_3D ( 'NONE', #690, #1634, #3524 ) ;
#3687 = DIRECTION ( 'NONE',  ( 0.0000000000000000000, 0.0000000000000000000, -1.000000000000000000 ) ) ;
#3688 = DIRECTION ( 'NONE',  ( -0.0000000000000000000, -1.000000000000000000, -0.0000000000000000000 ) ) ;
#3689 = DIRECTION ( 'NONE',  ( 0.0000000000000000000, 0.0000000000000000000, -1.000000000000000000 ) ) ;
#3690 = LINE ( 'NONE', #4708, #837 ) ;
#3691 = COLOUR_RGB ( '',0.9294117647058823817, 0.9294117647058823817, 0.9372549019607843146 ) ;
#3692 = CIRCLE ( 'NONE', #2500, 0.1000000000000000472 ) ;
#3693 = CYLINDRICAL_SURFACE ( 'NONE', #2083, 0.1000000000000000472 ) ;
#3694 = ORIENTED_EDGE ( 'NONE', *, *, #1788, .T. ) ;
#3695 = ORIENTED_EDGE ( 'NONE', *, *, #3323, .F. ) ;
#3696 = SURFACE_STYLE_USAGE ( .BOTH. , #1783 ) ;
#3697 = DIRECTION ( 'NONE',  ( 1.000000000000000000, 0.0000000000000000000, 0.0000000000000000000 ) ) ;
#3698 = AXIS2_PLACEMENT_3D ( 'NONE', #613, #4948, #5873 ) ;
#3699 = EDGE_CURVE ( 'NONE', #5238, #3452, #1300, .T. ) ;
#3700 = DIRECTION ( 'NONE',  ( 0.0000000000000000000, 0.0000000000000000000, 1.000000000000000000 ) ) ;
#3701 = CYLINDRICAL_SURFACE ( 'NONE', #2919, 0.09999999999999982514 ) ;
#3702 = CARTESIAN_POINT ( 'NONE',  ( -1.100000000000000311, 0.9999999999999995559, 3.350000000000000089 ) ) ;
#3703 = VERTEX_POINT ( 'NONE', #3263 ) ;
#3704 = DIRECTION ( 'NONE',  ( -1.000000000000000000, 0.0000000000000000000, 1.836970198721029688E-16 ) ) ;
#3705 = ORIENTED_EDGE ( 'NONE', *, *, #782, .T. ) ;
#3706 = EDGE_LOOP ( 'NONE', ( #4233, #1190, #153, #960 ) ) ;
#3707 = CARTESIAN_POINT ( 'NONE',  ( -3.878979119944034881, -1.649999999999980371, -1.462442236293275855 ) ) ;
#3708 = DIRECTION ( 'NONE',  ( -0.7071067811864966135, 0.0000000000000000000, -0.7071067811865984210 ) ) ;
#3709 = FILL_AREA_STYLE ('',( #6092 ) ) ;
#3710 = DIRECTION ( 'NONE',  ( 0.0000000000000000000, 1.000000000000000000, 0.0000000000000000000 ) ) ;
#3711 = EDGE_CURVE ( 'NONE', #2521, #41, #903, .T. ) ;
#3712 = VERTEX_POINT ( 'NONE', #4655 ) ;
#3713 = EDGE_CURVE ( 'NONE', #1615, #2739, #387, .T. ) ;
#3714 = CARTESIAN_POINT ( 'NONE',  ( -15.33060000000000223, -1.649999999999999911, -1.350000000000000089 ) ) ;
#3715 = VECTOR ( 'NONE', #5657, 1000.000000000000000 ) ;
#3716 = CARTESIAN_POINT ( 'NONE',  ( -2.150000000000000799, 1.749999999999999778, -1.350000000000000089 ) ) ;
#3717 = CIRCLE ( 'NONE', #4111, 0.2000000000000000111 ) ;
#3718 = DIRECTION ( 'NONE',  ( 0.0000000000000000000, 0.7071067811865474617, 0.7071067811865474617 ) ) ;
#3719 = ORIENTED_EDGE ( 'NONE', *, *, #1070, .F. ) ;
#3720 = DIRECTION ( 'NONE',  ( 0.0000000000000000000, 0.0000000000000000000, -1.000000000000000000 ) ) ;
#3721 = FACE_OUTER_BOUND ( 'NONE', #5875, .T. ) ;
#3722 = DIRECTION ( 'NONE',  ( -0.0000000000000000000, -1.000000000000000000, -0.0000000000000000000 ) ) ;
#3723 = CARTESIAN_POINT ( 'NONE',  ( -1.550000000000000266, 1.000000000000000000, 3.194642898114000040 ) ) ;
#3724 = DIRECTION ( 'NONE',  ( 0.0000000000000000000, 0.0000000000000000000, -1.000000000000000000 ) ) ;
#3725 = ORIENTED_EDGE ( 'NONE', *, *, #2228, .F. ) ;
#3726 = VERTEX_POINT ( 'NONE', #983 ) ;
#3727 =( LENGTH_UNIT ( ) NAMED_UNIT ( * ) SI_UNIT ( .MILLI., .METRE. ) );
#3728 = CARTESIAN_POINT ( 'NONE',  ( -1.800000000000000044, -0.9999999999999171774, 3.350000000000000533 ) ) ;
#3729 = CARTESIAN_POINT ( 'NONE',  ( -0.4500000000000000666, 1.000000000000000000, 3.350000000000000089 ) ) ;
#3730 = DIRECTION ( 'NONE',  ( -0.0000000000000000000, -0.0000000000000000000, -1.000000000000000000 ) ) ;
#3731 = EDGE_LOOP ( 'NONE', ( #4423, #4146, #4404 ) ) ;
#3732 = ORIENTED_EDGE ( 'NONE', *, *, #3241, .T. ) ;
#3733 = DIRECTION ( 'NONE',  ( -0.0000000000000000000, -0.0000000000000000000, 1.000000000000000000 ) ) ;
#3734 = ORIENTED_EDGE ( 'NONE', *, *, #1450, .F. ) ;
#3735 = CARTESIAN_POINT ( 'NONE',  ( -4.209017335549509298, 1.720710678118654524, 1.420710678118655590 ) ) ;
#3736 =( LENGTH_UNIT ( ) NAMED_UNIT ( * ) SI_UNIT ( .MILLI., .METRE. ) );
#3737 = B_SPLINE_CURVE_WITH_KNOTS ( 'NONE', 3,
 ( #5676, #5756, #2828, #1945, #4343, #4810 ),
 .UNSPECIFIED., .F., .F.,
 ( 4, 2, 4 ),
 ( 0.0000000000000000000, 0.5000000000000000000, 1.000000000000000000 ),
 .UNSPECIFIED. ) ;
#3738 = DIRECTION ( 'NONE',  ( -0.0000000000000000000, 1.000000000000000000, 0.0000000000000000000 ) ) ;
#3739 = EDGE_CURVE ( 'NONE', #2721, #5583, #2923, .T. ) ;
#3740 = DIRECTION ( 'NONE',  ( 0.0000000000000000000, 1.000000000000000000, 0.0000000000000000000 ) ) ;
#3741 = EDGE_LOOP ( 'NONE', ( #6127, #2647, #2936, #2687 ) ) ;
#3742 = CYLINDRICAL_SURFACE ( 'NONE', #828, 0.1000000000000000472 ) ;
#3743 = CARTESIAN_POINT ( 'NONE',  ( -3.649999999999999467, -0.8499999999999999778, -1.750000000000000000 ) ) ;
#3744 = ADVANCED_FACE ( 'NONE', ( #2345 ), #2810, .F. ) ;
#3745 = VECTOR ( 'NONE', #5840, 1000.000000000000000 ) ;
#3746 = CARTESIAN_POINT ( 'NONE',  ( -2.700000000000000178, 0.8500000000000000888, -2.049999999999999822 ) ) ;
#3747 = LINE ( 'NONE', #1770, #5404 ) ;
#3748 =( NAMED_UNIT ( * ) SI_UNIT ( $, .STERADIAN. ) SOLID_ANGLE_UNIT ( ) );
#3749 = VERTEX_POINT ( 'NONE', #4843 ) ;
#3750 = DIRECTION ( 'NONE',  ( -1.000000000000000000, -0.0000000000000000000, -0.0000000000000000000 ) ) ;
#3751 = DIRECTION ( 'NONE',  ( 1.000000000000000000, -0.0000000000000000000, -0.0000000000000000000 ) ) ;
#3752 = SURFACE_STYLE_USAGE ( .BOTH. , #5172 ) ;
#3753 = ADVANCED_FACE ( 'NONE', ( #569 ), #3993, .T. ) ;
#3754 = CARTESIAN_POINT ( 'NONE',  ( -0.9000000000000002442, 1.000000000000000222, 3.350000000000000089 ) ) ;
#3755 = FACE_OUTER_BOUND ( 'NONE', #877, .T. ) ;
#3756 = ORIENTED_EDGE ( 'NONE', *, *, #6041, .T. ) ;
#3757 = VECTOR ( 'NONE', #4454, 1000.000000000000000 ) ;
#3758 = CARTESIAN_POINT ( 'NONE',  ( 0.0000000000000000000, 2.250000000000000444, -1.149999999999999911 ) ) ;
#3759 = EDGE_LOOP ( 'NONE', ( #6156, #316, #2635, #1825, #27, #230, #600, #4477, #4969, #1133, #1987, #3315, #2047, #5405, #5444, #3310, #5330, #1340, #2639, #1796, #2824, #2700, #179, #2671, #2134, #1135, #135, #4340, #1316, #4485, #653, #171, #2930, #2410, #5379, #4924, #1071, #3528, #1484, #4442 ) ) ;
#3760 = CARTESIAN_POINT ( 'NONE',  ( -4.078626039772352385, -1.708576042115768523, 1.420041115078375604 ) ) ;
#3761 = CARTESIAN_POINT ( 'NONE',  ( -2.750000000000000444, -3.049999999999999378, -1.149999999999999911 ) ) ;
#3762 = DIRECTION ( 'NONE',  ( -1.000000000000000000, 0.0000000000000000000, -0.0000000000000000000 ) ) ;
#3763 = SURFACE_STYLE_USAGE ( .BOTH. , #1444 ) ;
#3764 = ORIENTED_EDGE ( 'NONE', *, *, #1797, .F. ) ;
#3765 = ORIENTED_EDGE ( 'NONE', *, *, #31, .F. ) ;
#3766 = VECTOR ( 'NONE', #5353, 1000.000000000000000 ) ;
#3767 = CARTESIAN_POINT ( 'NONE',  ( 4.250000000000000000, -1.750000000000000000, 1.449999999999999956 ) ) ;
#3768 = EDGE_LOOP ( 'NONE', ( #405, #2980, #2277, #1548 ) ) ;
#3769 = DIRECTION ( 'NONE',  ( -0.0000000000000000000, -0.0000000000000000000, 1.000000000000000000 ) ) ;
#3770 = DIRECTION ( 'NONE',  ( -1.000000000000000000, 0.0000000000000000000, 0.0000000000000000000 ) ) ;
#3771 = AXIS2_PLACEMENT_3D ( 'NONE', #1891, #3730, #444 ) ;
#3772 = DIRECTION ( 'NONE',  ( -0.0000000000000000000, -1.000000000000000000, -0.0000000000000000000 ) ) ;
#3773 = VERTEX_POINT ( 'NONE', #3422 ) ;
#3774 = VECTOR ( 'NONE', #605, 1000.000000000000000 ) ;
#3775 = CARTESIAN_POINT ( 'NONE',  ( -4.209017335549511074, -1.696264897318923603, -0.4451564589183861775 ) ) ;
#3776 = EDGE_CURVE ( 'NONE', #5015, #4685, #1205, .T. ) ;
#3777 =( GEOMETRIC_REPRESENTATION_CONTEXT ( 3 ) GLOBAL_UNCERTAINTY_ASSIGNED_CONTEXT ( ( #207 ) ) GLOBAL_UNIT_ASSIGNED_CONTEXT ( ( #2249, #3666, #382 ) ) REPRESENTATION_CONTEXT ( 'NONE', 'WORKASPACE' ) );
#3778 = SURFACE_STYLE_USAGE ( .BOTH. , #4280 ) ;
#3779 = FILL_AREA_STYLE ('',( #5199 ) ) ;
#3780 = ORIENTED_EDGE ( 'NONE', *, *, #5059, .T. ) ;
#3781 = CARTESIAN_POINT ( 'NONE',  ( -0.1999999999999998723, -0.7999999999999345413, 3.350000000000604050 ) ) ;
#3782 = CARTESIAN_POINT ( 'NONE',  ( -0.9000000000000001332, 1.000000000000000000, 3.294642898114000129 ) ) ;
#3783 = VECTOR ( 'NONE', #3722, 1000.000000000000000 ) ;
#3784 = EDGE_CURVE ( 'NONE', #285, #5861, #2430, .T. ) ;
#3785 = ORIENTED_EDGE ( 'NONE', *, *, #2263, .T. ) ;
#3786 = CIRCLE ( 'NONE', #704, 0.09999999999999982514 ) ;
#3787 = AXIS2_PLACEMENT_3D ( 'NONE', #4140, #1994, #79 ) ;
#3788 = ORIENTED_EDGE ( 'NONE', *, *, #1140, .T. ) ;
#3789 = CARTESIAN_POINT ( 'NONE',  ( -0.2000000000000000389, -1.000000000000000000, 0.9499999999999996225 ) ) ;
#3790 = EDGE_CURVE ( 'NONE', #3541, #303, #5341, .T. ) ;
#3791 = ORIENTED_EDGE ( 'NONE', *, *, #890, .F. ) ;
#3792 = EDGE_CURVE ( 'NONE', #4804, #4019, #5715, .T. ) ;
#3793 = DIRECTION ( 'NONE',  ( 0.0000000000000000000, -0.0000000000000000000, -1.000000000000000000 ) ) ;
#3794 = PLANE ( 'NONE',  #4195 ) ;
#3795 = PRESENTATION_LAYER_ASSIGNMENT (  '', '', ( #1901 ) ) ;
#3796 = CARTESIAN_POINT ( 'NONE',  ( 0.2500000000000002220, -1.750000000000000000, -1.449999999999999956 ) ) ;
#3797 = EDGE_LOOP ( 'NONE', ( #2957, #2435, #3890 ) ) ;
#3798 = CARTESIAN_POINT ( 'NONE',  ( -2.000000000000000000, -1.000000000000000000, 3.350000000000000089 ) ) ;
#3799 = CIRCLE ( 'NONE', #1104, 0.09999999999999982514 ) ;
#3800 = CARTESIAN_POINT ( 'NONE',  ( -0.4500000000000000111, -1.000000000000000000, 3.350000000000000089 ) ) ;
#3801 = CARTESIAN_POINT ( 'NONE',  ( 4.249995558710894628, 1.690753094020497782, -0.3079140608302404214 ) ) ;
#3802 = EDGE_LOOP ( 'NONE', ( #5498, #506, #2200 ) ) ;
#3803 = CARTESIAN_POINT ( 'NONE',  ( -4.150000000000000355, 1.720710678118654968, 1.420710678118655368 ) ) ;
#3804 = FACE_OUTER_BOUND ( 'NONE', #3470, .T. ) ;
#3805 =( BOUNDED_SURFACE ( )  B_SPLINE_SURFACE ( 3, 3, ( 
 ( #3118, #431, #5074, #4634 ),
 ( #5137, #6102, #5046, #4181 ),
 ( #363, #760, #4116, #791 ),
 ( #2685, #2753, #4218, #5664 ) ),
 .UNSPECIFIED., .F., .F., .F. ) 
 B_SPLINE_SURFACE_WITH_KNOTS ( ( 4, 4 ),
 ( 4, 4 ),
 ( 0.0000000000000000000, 1.000000000000000000 ),
 ( 0.0000000000000000000, 1.000000000000000000 ),
 .UNSPECIFIED. ) 
 GEOMETRIC_REPRESENTATION_ITEM ( )  RATIONAL_B_SPLINE_SURFACE ( (
 ( 1.000000000000000000, 0.8047378541243629391, 0.8047378541243629391, 1.000000000000000000),
 ( 0.8025111867385945619, 0.6458111303268124770, 0.6458111303268124770, 0.8025111867385945619),
 ( 0.8025111867385945619, 0.6458111303268124770, 0.6458111303268124770, 0.8025111867385945619),
 ( 1.000000000000000000, 0.8047378541243629391, 0.8047378541243629391, 1.000000000000000000) ) ) 
 REPRESENTATION_ITEM ( '' )  SURFACE ( )  );
#3806 = LINE ( 'NONE', #2864, #1639 ) ;
#3807 = DIRECTION ( 'NONE',  ( 2.368660823037770974E-13, 2.368660823037770974E-13, -1.000000000000000000 ) ) ;
#3808 = ORIENTED_EDGE ( 'NONE', *, *, #2481, .F. ) ;
#3809 =( LENGTH_UNIT ( ) NAMED_UNIT ( * ) SI_UNIT ( .MILLI., .METRE. ) );
#3810 = CARTESIAN_POINT ( 'NONE',  ( -2.850000000000000089, 2.100000000000000089, -1.149999999999999911 ) ) ;
#3811 = AXIS2_PLACEMENT_3D ( 'NONE', #3346, #4809, #5417 ) ;
#3812 = CYLINDRICAL_SURFACE ( 'NONE', #4437, 0.1000000000000002554 ) ;
#3813 = VECTOR ( 'NONE', #2053, 1000.000000000000000 ) ;
#3814 = ORIENTED_EDGE ( 'NONE', *, *, #4006, .T. ) ;
#3815 = DIRECTION ( 'NONE',  ( 0.0000000000000000000, -0.0000000000000000000, 1.000000000000000000 ) ) ;
#3816 = DIRECTION ( 'NONE',  ( -0.0000000000000000000, -0.0000000000000000000, 1.000000000000000000 ) ) ;
#3817 = CARTESIAN_POINT ( 'NONE',  ( 3.949999999999999734, -1.650000000000000355, -0.5500000000000001554 ) ) ;
#3818 = VECTOR ( 'NONE', #2698, 1000.000000000000000 ) ;
#3819 = ORIENTED_EDGE ( 'NONE', *, *, #631, .T. ) ;
#3820 = EDGE_CURVE ( 'NONE', #6142, #285, #4756, .T. ) ;
#3821 = CARTESIAN_POINT ( 'NONE',  ( 4.150000000000001243, -1.750000000000000000, -0.3499999999999998113 ) ) ;
#3822 = DIRECTION ( 'NONE',  ( 0.0000000000000000000, 0.0000000000000000000, -1.000000000000000000 ) ) ;
#3823 = CARTESIAN_POINT ( 'NONE',  ( -4.078626039772352385, -1.650000000000000799, 1.420041115078376048 ) ) ;
#3824 = VECTOR ( 'NONE', #1561, 1000.000000000000000 ) ;
#3825 = CARTESIAN_POINT ( 'NONE',  ( -4.149999999999999467, 1.649999999999999911, 1.350000000000000089 ) ) ;
#3826 = ADVANCED_FACE ( 'NONE', ( #3804 ), #5767, .T. ) ;
#3827 = EDGE_CURVE ( 'NONE', #2474, #6148, #1452, .T. ) ;
#3828 = FILL_AREA_STYLE_COLOUR ( '', #2384 ) ;
#3829 = ORIENTED_EDGE ( 'NONE', *, *, #5354, .F. ) ;
#3830 = DIRECTION ( 'NONE',  ( 0.0000000000000000000, 0.0000000000000000000, -1.000000000000000000 ) ) ;
#3831 = ORIENTED_EDGE ( 'NONE', *, *, #5143, .T. ) ;
#3832 = DIRECTION ( 'NONE',  ( 0.0000000000000000000, 0.0000000000000000000, 1.000000000000000000 ) ) ;
#3833 = ORIENTED_EDGE ( 'NONE', *, *, #3024, .F. ) ;
#3834 = CARTESIAN_POINT ( 'NONE',  ( -4.184571554749779487, 1.762442236293276343, 1.378979119944033771 ) ) ;
#3835 = DIRECTION ( 'NONE',  ( -1.000000000000000000, 0.0000000000000000000, 0.0000000000000000000 ) ) ;
#3836 = EDGE_CURVE ( 'NONE', #1737, #1076, #5278, .T. ) ;
#3837 = UNCERTAINTY_MEASURE_WITH_UNIT (LENGTH_MEASURE( 1.000000000000000082E-05 ), #5699, 'distance_accuracy_value', 'NONE');
#3838 =( NAMED_UNIT ( * ) SI_UNIT ( $, .STERADIAN. ) SOLID_ANGLE_UNIT ( ) );
#3839 = ORIENTED_EDGE ( 'NONE', *, *, #3827, .T. ) ;
#3840 = CARTESIAN_POINT ( 'NONE',  ( 14.57046589736999920, 0.9000000000000001332, 3.350000000000000089 ) ) ;
#3841 =( BOUNDED_SURFACE ( )  B_SPLINE_SURFACE ( 3, 3, ( 
 ( #2352, #3395, #545, #1961 ),
 ( #1514, #3775, #1458, #2844 ),
 ( #4730, #1865, #5194, #455 ),
 ( #5253, #5314, #2868, #3898 ) ),
 .UNSPECIFIED., .F., .F., .F. ) 
 B_SPLINE_SURFACE_WITH_KNOTS ( ( 4, 4 ),
 ( 4, 4 ),
 ( 0.0000000000000000000, 1.000000000000000000 ),
 ( 0.0000000000000000000, 1.000000000000000000 ),
 .UNSPECIFIED. ) 
 GEOMETRIC_REPRESENTATION_ITEM ( )  RATIONAL_B_SPLINE_SURFACE ( (
 ( 1.000000000000000000, 0.8047378541243590533, 0.8047378541243590533, 1.000000000000000000),
 ( 0.8025111867385938957, 0.6458111303268088133, 0.6458111303268088133, 0.8025111867385938957),
 ( 0.8025111867385938957, 0.6458111303268088133, 0.6458111303268088133, 0.8025111867385938957),
 ( 1.000000000000000000, 0.8047378541243590533, 0.8047378541243590533, 1.000000000000000000) ) ) 
 REPRESENTATION_ITEM ( '' )  SURFACE ( )  );
#3842 = CYLINDRICAL_SURFACE ( 'NONE', #5691, 0.1000000000000002554 ) ;
#3843 =( NAMED_UNIT ( * ) PLANE_ANGLE_UNIT ( ) SI_UNIT ( $, .RADIAN. ) );
#3844 = CYLINDRICAL_SURFACE ( 'NONE', #225, 0.09999999999999982514 ) ;
#3845 =( NAMED_UNIT ( * ) PLANE_ANGLE_UNIT ( ) SI_UNIT ( $, .RADIAN. ) );
#3846 = CARTESIAN_POINT ( 'NONE',  ( 4.049999999999999822, -1.650000000000000355, -0.4500000000000000666 ) ) ;
#3847 =( GEOMETRIC_REPRESENTATION_CONTEXT ( 3 ) GLOBAL_UNCERTAINTY_ASSIGNED_CONTEXT ( ( #1614 ) ) GLOBAL_UNIT_ASSIGNED_CONTEXT ( ( #1481, #510, #2347 ) ) REPRESENTATION_CONTEXT ( 'NONE', 'WORKASPACE' ) );
#3848 = CARTESIAN_POINT ( 'NONE',  ( 2.149999999999999911, 2.250000000000000444, -1.449999999999999956 ) ) ;
#3849 = ORIENTED_EDGE ( 'NONE', *, *, #3784, .T. ) ;
#3850 = DIRECTION ( 'NONE',  ( 0.0000000000000000000, 1.000000000000000000, 0.0000000000000000000 ) ) ;
#3851 = ORIENTED_EDGE ( 'NONE', *, *, #3132, .F. ) ;
#3852 = VECTOR ( 'NONE', #1771, 1000.000000000000114 ) ;
#3853 = LINE ( 'NONE', #5359, #1791 ) ;
#3854 = CARTESIAN_POINT ( 'NONE',  ( -4.119962439680777244, -1.650000000000000577, 1.462164124680900290 ) ) ;
#3855 = CARTESIAN_POINT ( 'NONE',  ( 0.3500000000000010325, -1.649999999999999911, -1.449999999999999956 ) ) ;
#3856 = LINE ( 'NONE', #1471, #4629 ) ;
#3857 = EDGE_CURVE ( 'NONE', #82, #4096, #522, .T. ) ;
#3858 = PRESENTATION_STYLE_ASSIGNMENT (( #4782 ) ) ;
#3859 = CARTESIAN_POINT ( 'NONE',  ( 2.750000000000000444, -4.549999999999999822, -1.449999999999999956 ) ) ;
#3860 = DIRECTION ( 'NONE',  ( 1.000000000000000000, -0.0000000000000000000, -0.0000000000000000000 ) ) ;
#3861 = VERTEX_POINT ( 'NONE', #165 ) ;
#3862 = EDGE_CURVE ( 'NONE', #350, #3457, #3290, .T. ) ;
#3863 = CARTESIAN_POINT ( 'NONE',  ( 4.150000000000000355, 1.650000000000000133, 1.449999999999999956 ) ) ;
#3864 = CARTESIAN_POINT ( 'NONE',  ( -1.800000000000000044, 6.312599999999999767, 3.294642898114000129 ) ) ;
#3865 = EDGE_CURVE ( 'NONE', #2795, #2079, #3692, .T. ) ;
#3866 = AXIS2_PLACEMENT_3D ( 'NONE', #4732, #4696, #427 ) ;
#3867 = CARTESIAN_POINT ( 'NONE',  ( -3.850000000000000533, 1.650000000000000355, -1.350000000000000089 ) ) ;
#3868 = ORIENTED_EDGE ( 'NONE', *, *, #915, .T. ) ;
#3869 = EDGE_CURVE ( 'NONE', #2891, #777, #4965, .T. ) ;
#3870 = CARTESIAN_POINT ( 'NONE',  ( 3.950000000000000178, -1.650000000000000133, -0.4500000000000000666 ) ) ;
#3871 = ADVANCED_FACE ( 'NONE', ( #4480 ), #5897, .T. ) ;
#3872 = CARTESIAN_POINT ( 'NONE',  ( 3.649999999999999911, -0.8499999999999999778, -2.049999999999999822 ) ) ;
#3873 = CARTESIAN_POINT ( 'NONE',  ( -15.33060000000000223, -1.649999999999999911, -1.450000000000000178 ) ) ;
#3874 = VECTOR ( 'NONE', #636, 1000.000000000000000 ) ;
#3875 = FACE_OUTER_BOUND ( 'NONE', #867, .T. ) ;
#3876 = ORIENTED_EDGE ( 'NONE', *, *, #850, .T. ) ;
#3877 =( LENGTH_UNIT ( ) NAMED_UNIT ( * ) SI_UNIT ( .MILLI., .METRE. ) );
#3878 = VECTOR ( 'NONE', #4757, 1000.000000000000000 ) ;
#3879 = ORIENTED_EDGE ( 'NONE', *, *, #5364, .T. ) ;
#3880 = EDGE_LOOP ( 'NONE', ( #3970, #3649, #4635, #3539 ) ) ;
#3881 = CIRCLE ( 'NONE', #2190, 0.09999999999999982514 ) ;
#3882 = CARTESIAN_POINT ( 'NONE',  ( -1.350000000000000089, -1.000000000000000000, 3.294642898114000129 ) ) ;
#3883 = AXIS2_PLACEMENT_3D ( 'NONE', #787, #2746, #5041 ) ;
#3884 = AXIS2_PLACEMENT_3D ( 'NONE', #164, #3924, #5833 ) ;
#3885 = DIRECTION ( 'NONE',  ( 0.0000000000000000000, 0.0000000000000000000, -1.000000000000000000 ) ) ;
#3886 = VERTEX_POINT ( 'NONE', #1170 ) ;
#3887 = FACE_OUTER_BOUND ( 'NONE', #1513, .T. ) ;
#3888 = DIRECTION ( 'NONE',  ( 0.0000000000000000000, -1.000000000000000000, 0.0000000000000000000 ) ) ;
#3889 = ADVANCED_FACE ( 'NONE', ( #1571, #1137 ), #3016, .T. ) ;
#3890 = ORIENTED_EDGE ( 'NONE', *, *, #2026, .F. ) ;
#3891 = PRESENTATION_LAYER_ASSIGNMENT (  '', '', ( #424 ) ) ;
#3892 = VECTOR ( 'NONE', #3492, 1000.000000000000000 ) ;
#3893 = PLANE ( 'NONE',  #1778 ) ;
#3894 = DIRECTION ( 'NONE',  ( 0.0000000000000000000, 0.0000000000000000000, -1.000000000000000000 ) ) ;
#3895 = DIRECTION ( 'NONE',  ( 1.000000000000000000, 0.0000000000000000000, -0.0000000000000000000 ) ) ;
#3896 = ORIENTED_EDGE ( 'NONE', *, *, #3549, .F. ) ;
#3897 = EDGE_CURVE ( 'NONE', #1718, #2587, #3072, .T. ) ;
#3898 = CARTESIAN_POINT ( 'NONE',  ( -4.149999999999998579, -1.578626039772358158, -0.4200411150783803227 ) ) ;
#3899 = CARTESIAN_POINT ( 'NONE',  ( -4.149999999999999467, 1.649999999999999911, 1.350000000000000089 ) ) ;
#3900 = VECTOR ( 'NONE', #1850, 1000.000000000000000 ) ;
#3901 = EDGE_CURVE ( 'NONE', #117, #5902, #2612, .T. ) ;
#3902 = ADVANCED_FACE ( 'NONE', ( #5954 ), #5955, .T. ) ;
#3903 = CARTESIAN_POINT ( 'NONE',  ( 2.149999999999999911, -1.749999999999999778, -1.149999999999999911 ) ) ;
#3904 = DIRECTION ( 'NONE',  ( -0.0000000000000000000, -0.0000000000000000000, -1.000000000000000000 ) ) ;
#3905 = ORIENTED_EDGE ( 'NONE', *, *, #376, .F. ) ;
#3906 = CARTESIAN_POINT ( 'NONE',  ( -0.1329264576063764469, -0.9160021810125305031, 3.445250820100952627 ) ) ;
#3907 = SURFACE_STYLE_USAGE ( .BOTH. , #1967 ) ;
#3908 = CYLINDRICAL_SURFACE ( 'NONE', #1560, 0.2000000000000000111 ) ;
#3909 = ORIENTED_EDGE ( 'NONE', *, *, #2157, .T. ) ;
#3910 = AXIS2_PLACEMENT_3D ( 'NONE', #1557, #3005, #304 ) ;
#3911 = FILL_AREA_STYLE ('',( #2442 ) ) ;
#3912 = ORIENTED_EDGE ( 'NONE', *, *, #3486, .T. ) ;
#3913 = FILL_AREA_STYLE ('',( #2009 ) ) ;
#3914 = SURFACE_SIDE_STYLE ('',( #1159 ) ) ;
#3915 = COLOUR_RGB ( '',0.9294117647058823817, 0.9294117647058823817, 0.9372549019607843146 ) ;
#3916 = CARTESIAN_POINT ( 'NONE',  ( 4.150000000000000355, -1.649999999999999911, 1.350000000000000089 ) ) ;
#3917 = DIRECTION ( 'NONE',  ( 0.4472135954999594820, -0.8944271909999150783, 0.0000000000000000000 ) ) ;
#3918 = ORIENTED_EDGE ( 'NONE', *, *, #2677, .T. ) ;
#3919 = CIRCLE ( 'NONE', #2338, 0.09999999999999999167 ) ;
#3920 = CARTESIAN_POINT ( 'NONE',  ( 3.850000000000000533, 1.650000000000000133, -1.449999999999999956 ) ) ;
#3921 = ORIENTED_EDGE ( 'NONE', *, *, #2235, .F. ) ;
#3922 = LINE ( 'NONE', #3481, #2593 ) ;
#3923 = ORIENTED_EDGE ( 'NONE', *, *, #6160, .F. ) ;
#3924 = DIRECTION ( 'NONE',  ( 0.0000000000000000000, -1.000000000000000000, 0.0000000000000000000 ) ) ;
#3925 = VECTOR ( 'NONE', #2540, 1000.000000000000000 ) ;
#3926 = PLANE ( 'NONE',  #3073 ) ;
#3927 = ORIENTED_EDGE ( 'NONE', *, *, #3930, .F. ) ;
#3928 = FACE_OUTER_BOUND ( 'NONE', #4532, .T. ) ;
#3929 = DIRECTION ( 'NONE',  ( 0.7071067811865475727, -0.7071067811865475727, 0.0000000000000000000 ) ) ;
#3930 = EDGE_CURVE ( 'NONE', #3452, #117, #1393, .T. ) ;
#3931 = CARTESIAN_POINT ( 'NONE',  ( 0.2499999999999973910, -3.049999999999996714, -1.149999999999999911 ) ) ;
#3932 = PRESENTATION_STYLE_ASSIGNMENT (( #4524 ) ) ;
#3933 = ORIENTED_EDGE ( 'NONE', *, *, #2150, .T. ) ;
#3934 =( NAMED_UNIT ( * ) PLANE_ANGLE_UNIT ( ) SI_UNIT ( $, .RADIAN. ) );
#3935 = ORIENTED_EDGE ( 'NONE', *, *, #843, .F. ) ;
#3936 = FACE_OUTER_BOUND ( 'NONE', #4850, .T. ) ;
#3937 = DIRECTION ( 'NONE',  ( 0.0000000000000000000, -1.000000000000000000, 0.0000000000000000000 ) ) ;
#3938 = EDGE_CURVE ( 'NONE', #633, #860, #4579, .T. ) ;
#3939 = UNCERTAINTY_MEASURE_WITH_UNIT (LENGTH_MEASURE( 1.000000000000000082E-05 ), #5134, 'distance_accuracy_value', 'NONE');
#3940 = VERTEX_POINT ( 'NONE', #804 ) ;
#3941 = ORIENTED_EDGE ( 'NONE', *, *, #2832, .T. ) ;
#3942 = SURFACE_SIDE_STYLE ('',( #4407 ) ) ;
#3943 = FILL_AREA_STYLE ('',( #2940 ) ) ;
#3944 = EDGE_CURVE ( 'NONE', #1980, #665, #5985, .T. ) ;
#3945 = LINE ( 'NONE', #3094, #247 ) ;
#3946 = FACE_OUTER_BOUND ( 'NONE', #5666, .T. ) ;
#3947 = VERTEX_POINT ( 'NONE', #2274 ) ;
#3948 = CARTESIAN_POINT ( 'NONE',  ( -2.149999999999999911, 2.100000000000000089, -1.449999999999999956 ) ) ;
#3949 = ORIENTED_EDGE ( 'NONE', *, *, #1177, .T. ) ;
#3950 = ORIENTED_EDGE ( 'NONE', *, *, #4247, .F. ) ;
#3951 = SURFACE_STYLE_FILL_AREA ( #3149 ) ;
#3952 = CARTESIAN_POINT ( 'NONE',  ( -1.846208630930959993, -0.9478793837597168093, 3.435346029272697166 ) ) ;
#3953 =( GEOMETRIC_REPRESENTATION_CONTEXT ( 3 ) GLOBAL_UNCERTAINTY_ASSIGNED_CONTEXT ( ( #4771 ) ) GLOBAL_UNIT_ASSIGNED_CONTEXT ( ( #5725, #3845, #3216 ) ) REPRESENTATION_CONTEXT ( 'NONE', 'WORKASPACE' ) );
#3954 = PLANE ( 'NONE',  #5475 ) ;
#3955 = ORIENTED_EDGE ( 'NONE', *, *, #4682, .F. ) ;
#3956 = CIRCLE ( 'NONE', #680, 0.1000000000000000472 ) ;
#3957 = CIRCLE ( 'NONE', #268, 0.1000000000000000472 ) ;
#3958 = VECTOR ( 'NONE', #1590, 1000.000000000000000 ) ;
#3959 = LINE ( 'NONE', #5870, #3546 ) ;
#3960 = CARTESIAN_POINT ( 'NONE',  ( -4.107914060830238689, 1.749995558710894850, -0.3907530940204932968 ) ) ;
#3961 = EDGE_LOOP ( 'NONE', ( #2086, #5544, #4353, #226 ) ) ;
#3962 = CYLINDRICAL_SURFACE ( 'NONE', #4178, 0.1999999999999998723 ) ;
#3963 = CARTESIAN_POINT ( 'NONE',  ( -0.1767868023504395592, -0.9754120149303080467, 3.414657869912031796 ) ) ;
#3964 = ORIENTED_EDGE ( 'NONE', *, *, #3026, .F. ) ;
#3965 = VECTOR ( 'NONE', #255, 1000.000000000000000 ) ;
#3966 = DIRECTION ( 'NONE',  ( 0.0000000000000000000, 0.0000000000000000000, -1.000000000000000000 ) ) ;
#3967 = FILL_AREA_STYLE_COLOUR ( '', #3467 ) ;
#3968 = CARTESIAN_POINT ( 'NONE',  ( 3.849999999999999645, -1.750000000000000000, -0.5500000000000001554 ) ) ;
#3969 = VECTOR ( 'NONE', #1717, 1000.000000000000000 ) ;
#3970 = ORIENTED_EDGE ( 'NONE', *, *, #330, .F. ) ;
#3971 = DIRECTION ( 'NONE',  ( -1.000000000000000000, 0.0000000000000000000, -0.0000000000000000000 ) ) ;
#3972 = ORIENTED_EDGE ( 'NONE', *, *, #515, .T. ) ;
#3973 = CARTESIAN_POINT ( 'NONE',  ( 4.250000000000000000, -1.750000000000000000, -1.449999999999999956 ) ) ;
#3974 = ADVANCED_FACE ( 'NONE', ( #2245 ), #5519, .F. ) ;
#3975 = CIRCLE ( 'NONE', #1275, 0.09999999999999982514 ) ;
#3976 = CARTESIAN_POINT ( 'NONE',  ( 4.149999999999998579, 1.678979119944033815, -0.4624422362932752439 ) ) ;
#3977 = EDGE_CURVE ( 'NONE', #2739, #4019, #4614, .T. ) ;
#3978 = LINE ( 'NONE', #5918, #3159 ) ;
#3979 = EDGE_CURVE ( 'NONE', #2418, #5516, #6115, .T. ) ;
#3980 = ORIENTED_EDGE ( 'NONE', *, *, #6051, .F. ) ;
#3981 = CYLINDRICAL_SURFACE ( 'NONE', #2394, 0.1000000000000000472 ) ;
#3982 = EDGE_LOOP ( 'NONE', ( #697, #563, #3582, #1129, #1279 ) ) ;
#3983 = DIRECTION ( 'NONE',  ( 0.0000000000000000000, -1.000000000000000000, 0.0000000000000000000 ) ) ;
#3984 = FILL_AREA_STYLE_COLOUR ( '', #5660 ) ;
#3985 = ORIENTED_EDGE ( 'NONE', *, *, #4086, .T. ) ;
#3986 = DIRECTION ( 'NONE',  ( 0.0000000000000000000, -1.000000000000000000, 0.0000000000000000000 ) ) ;
#3987 = AXIS2_PLACEMENT_3D ( 'NONE', #2264, #2790, #4707 ) ;
#3988 = AXIS2_PLACEMENT_3D ( 'NONE', #2132, #5009, #263 ) ;
#3989 = DIRECTION ( 'NONE',  ( 0.0000000000000000000, 1.000000000000000000, -0.0000000000000000000 ) ) ;
#3990 = ORIENTED_EDGE ( 'NONE', *, *, #4016, .F. ) ;
#3991 = FACE_OUTER_BOUND ( 'NONE', #5559, .T. ) ;
#3992 = MECHANICAL_DESIGN_GEOMETRIC_PRESENTATION_REPRESENTATION (  '', ( #424 ), #1586 ) ;
#3993 = TOROIDAL_SURFACE ( 'NONE', #5694, 0.1000000000008567369, 0.1000000000001048384 ) ;
#3994 = CARTESIAN_POINT ( 'NONE',  ( -3.949999999999999289, 1.708578643762690419, -0.4914213562373094257 ) ) ;
#3995 = CARTESIAN_POINT ( 'NONE',  ( 0.3499999999999999778, -5.179999999999999716, -1.149999999999999911 ) ) ;
#3996 = VERTEX_POINT ( 'NONE', #412 ) ;
#3997 = CARTESIAN_POINT ( 'NONE',  ( 0.0000000000000000000, -1.750000000000000000, 0.0000000000000000000 ) ) ;
#3998 = MECHANICAL_DESIGN_GEOMETRIC_PRESENTATION_REPRESENTATION (  '', ( #128 ), #5995 ) ;
#3999 = DIRECTION ( 'NONE',  ( 1.000000000000000000, 0.0000000000000000000, 0.0000000000000000000 ) ) ;
#4000 = LINE ( 'NONE', #4372, #6170 ) ;
#4001 = EDGE_LOOP ( 'NONE', ( #187, #5859, #5893, #1233 ) ) ;
#4002 = EDGE_LOOP ( 'NONE', ( #3657, #693, #567, #1758, #3482 ) ) ;
#4003 = PLANE ( 'NONE',  #4209 ) ;
#4004 = CARTESIAN_POINT ( 'NONE',  ( 4.149999999999998579, 1.578626039772358158, -0.4200411150783803227 ) ) ;
#4005 = VECTOR ( 'NONE', #3597, 1000.000000000000000 ) ;
#4006 = EDGE_CURVE ( 'NONE', #1960, #665, #3633, .T. ) ;
#4007 = DIRECTION ( 'NONE',  ( 0.0000000000000000000, 0.0000000000000000000, -1.000000000000000000 ) ) ;
#4008 = ORIENTED_EDGE ( 'NONE', *, *, #1832, .T. ) ;
#4009 = DIRECTION ( 'NONE',  ( 0.0000000000000000000, 0.7071067811865475727, -0.7071067811865475727 ) ) ;
#4010 = ORIENTED_EDGE ( 'NONE', *, *, #2026, .T. ) ;
#4011 = LINE ( 'NONE', #1203, #1097 ) ;
#4012 = PLANE ( 'NONE',  #965 ) ;
#4013 =( GEOMETRIC_REPRESENTATION_CONTEXT ( 3 ) GLOBAL_UNCERTAINTY_ASSIGNED_CONTEXT ( ( #5506 ) ) GLOBAL_UNIT_ASSIGNED_CONTEXT ( ( #3877, #4056, #3030 ) ) REPRESENTATION_CONTEXT ( 'NONE', 'WORKASPACE' ) );
#4014 = EDGE_LOOP ( 'NONE', ( #2453, #2814, #3941, #1643 ) ) ;
#4015 = CARTESIAN_POINT ( 'NONE',  ( -0.1000000000000000056, -0.8164711886251000417, 3.350000000000000089 ) ) ;
#4016 = EDGE_CURVE ( 'NONE', #4350, #350, #1750, .T. ) ;
#4017 = EDGE_CURVE ( 'NONE', #5450, #1718, #1291, .T. ) ;
#4018 = STYLED_ITEM ( 'NONE', ( #2735 ), #5804 ) ;
#4019 = VERTEX_POINT ( 'NONE', #5487 ) ;
#4020 = CARTESIAN_POINT ( 'NONE',  ( -3.850000000000000089, -1.650000000000000355, -1.350000000000000089 ) ) ;
#4021 = ORIENTED_EDGE ( 'NONE', *, *, #1250, .T. ) ;
#4022 = EDGE_CURVE ( 'NONE', #536, #5516, #813, .T. ) ;
#4023 = CARTESIAN_POINT ( 'NONE',  ( 4.149999999999999467, 1.650000000000000133, -0.4500000000000000111 ) ) ;
#4024 = CARTESIAN_POINT ( 'NONE',  ( -4.078626039772352385, 1.708576042115768079, -0.4200411150783748271 ) ) ;
#4025 = ORIENTED_EDGE ( 'NONE', *, *, #3404, .F. ) ;
#4026 = FACE_OUTER_BOUND ( 'NONE', #942, .T. ) ;
#4027 = CARTESIAN_POINT ( 'NONE',  ( -4.150000000000000355, 6.312599999999999767, 1.350000000000000089 ) ) ;
#4028 = ORIENTED_EDGE ( 'NONE', *, *, #5697, .F. ) ;
#4029 = CARTESIAN_POINT ( 'NONE',  ( -4.150000000000000355, -1.720710678118654080, -0.4207106781186562006 ) ) ;
#4030 = CARTESIAN_POINT ( 'NONE',  ( 2.850000000000000089, -1.750000000000000000, -1.350000000000000089 ) ) ;
#4031 = ORIENTED_EDGE ( 'NONE', *, *, #1364, .T. ) ;
#4032 = CARTESIAN_POINT ( 'NONE',  ( 3.850000000000000089, -1.649999999999999911, -1.350000000000000533 ) ) ;
#4033 = LINE ( 'NONE', #182, #4152 ) ;
#4034 =( BOUNDED_SURFACE ( )  B_SPLINE_SURFACE ( 3, 3, ( 
 ( #2572, #5886, #4992, #243 ),
 ( #1653, #3006, #212, #3976 ),
 ( #184, #2143, #5513, #1105 ),
 ( #5978, #3571, #3509, #4004 ) ),
 .UNSPECIFIED., .F., .F., .F. ) 
 B_SPLINE_SURFACE_WITH_KNOTS ( ( 4, 4 ),
 ( 4, 4 ),
 ( 0.0000000000000000000, 1.000000000000000000 ),
 ( 0.0000000000000000000, 1.000000000000000000 ),
 .UNSPECIFIED. ) 
 GEOMETRIC_REPRESENTATION_ITEM ( )  RATIONAL_B_SPLINE_SURFACE ( (
 ( 1.000000000000000000, 0.8047378541243590533, 0.8047378541243590533, 1.000000000000000000),
 ( 0.8025111867385938957, 0.6458111303268088133, 0.6458111303268088133, 0.8025111867385938957),
 ( 0.8025111867385938957, 0.6458111303268088133, 0.6458111303268088133, 0.8025111867385938957),
 ( 1.000000000000000000, 0.8047378541243590533, 0.8047378541243590533, 1.000000000000000000) ) ) 
 REPRESENTATION_ITEM ( '' )  SURFACE ( )  );
#4035 = DIRECTION ( 'NONE',  ( 1.000000000000000000, 0.0000000000000000000, -0.0000000000000000000 ) ) ;
#4036 = CARTESIAN_POINT ( 'NONE',  ( 4.220710678118654968, -1.649999999999999467, -0.4207106781186549238 ) ) ;
#4037 = ORIENTED_EDGE ( 'NONE', *, *, #2796, .F. ) ;
#4038 = EDGE_LOOP ( 'NONE', ( #3972, #1940, #2140, #3010 ) ) ;
#4039 =( LENGTH_UNIT ( ) NAMED_UNIT ( * ) SI_UNIT ( .MILLI., .METRE. ) );
#4040 = ADVANCED_FACE ( 'NONE', ( #5757 ), #6144, .T. ) ;
#4041 = DIRECTION ( 'NONE',  ( -0.0000000000000000000, -0.0000000000000000000, 1.000000000000000000 ) ) ;
#4042 = CARTESIAN_POINT ( 'NONE',  ( -0.1988180568942674864, 0.9988265580485609085, 3.367478255724262848 ) ) ;
#4043 = EDGE_LOOP ( 'NONE', ( #1943, #1782, #4838, #2489 ) ) ;
#4044 = CARTESIAN_POINT ( 'NONE',  ( 4.250000000000000000, -4.549999999999999822, -1.449999999999999956 ) ) ;
#4045 = EDGE_CURVE ( 'NONE', #2429, #2260, #34, .T. ) ;
#4046 = VERTEX_POINT ( 'NONE', #5644 ) ;
#4047 = CARTESIAN_POINT ( 'NONE',  ( -4.150000000000000355, 6.312599999999999767, -0.4500000000000000111 ) ) ;
#4048 = LINE ( 'NONE', #2990, #1198 ) ;
#4049 = DIRECTION ( 'NONE',  ( 1.000000000000000000, -0.0000000000000000000, -0.0000000000000000000 ) ) ;
#4050 = MECHANICAL_DESIGN_GEOMETRIC_PRESENTATION_REPRESENTATION (  '', ( #172 ), #6147 ) ;
#4051 = EDGE_CURVE ( 'NONE', #3420, #6174, #1413, .T. ) ;
#4052 = ORIENTED_EDGE ( 'NONE', *, *, #4213, .T. ) ;
#4053 = CARTESIAN_POINT ( 'NONE',  ( 0.3499999999999999778, 2.100000000000000089, -1.449999999999999956 ) ) ;
#4054 = LINE ( 'NONE', #1352, #2275 ) ;
#4055 = VERTEX_POINT ( 'NONE', #3761 ) ;
#4056 =( NAMED_UNIT ( * ) PLANE_ANGLE_UNIT ( ) SI_UNIT ( $, .RADIAN. ) );
#4057 = LINE ( 'NONE', #5659, #2595 ) ;
#4058 = ORIENTED_EDGE ( 'NONE', *, *, #1378, .T. ) ;
#4059 = DIRECTION ( 'NONE',  ( 0.0000000000000000000, -1.000000000000000000, 0.0000000000000000000 ) ) ;
#4060 = VERTEX_POINT ( 'NONE', #3855 ) ;
#4061 = CARTESIAN_POINT ( 'NONE',  ( 4.250000000000000000, 1.650000000000000133, -1.449999999999999956 ) ) ;
#4062 = CARTESIAN_POINT ( 'NONE',  ( -0.4500000000000000111, -1.000000000000000000, 3.350000000000000089 ) ) ;
#4063 = CARTESIAN_POINT ( 'NONE',  ( -0.1999999999999999833, -1.000000000000000000, 3.350000000000000533 ) ) ;
#4064 = ORIENTED_EDGE ( 'NONE', *, *, #2944, .T. ) ;
#4065 = CARTESIAN_POINT ( 'NONE',  ( 3.849333577425369857, -1.649333577425369901, -1.449995558710894361 ) ) ;
#4066 = ORIENTED_EDGE ( 'NONE', *, *, #2263, .F. ) ;
#4067 = VECTOR ( 'NONE', #1269, 1000.000000000000000 ) ;
#4068 =( BOUNDED_SURFACE ( )  B_SPLINE_SURFACE ( 3, 3, ( 
 ( #5304, #948, #3293, #2857 ),
 ( #4780, #1820, #3349, #1417 ),
 ( #5216, #2308, #926, #4749 ),
 ( #5242, #1947, #501, #4292 ) ),
 .UNSPECIFIED., .F., .F., .F. ) 
 B_SPLINE_SURFACE_WITH_KNOTS ( ( 4, 4 ),
 ( 4, 4 ),
 ( 0.0000000000000000000, 1.000000000000000000 ),
 ( 0.0000000000000000000, 1.000000000000000000 ),
 .UNSPECIFIED. ) 
 GEOMETRIC_REPRESENTATION_ITEM ( )  RATIONAL_B_SPLINE_SURFACE ( (
 ( 1.000000000000000000, 0.8047378541243658256, 0.8047378541243658256, 1.000000000000000000),
 ( 0.8025111867385930076, 0.6458111303268135872, 0.6458111303268135872, 0.8025111867385930076),
 ( 0.8025111867385930076, 0.6458111303268135872, 0.6458111303268135872, 0.8025111867385930076),
 ( 1.000000000000000000, 0.8047378541243658256, 0.8047378541243658256, 1.000000000000000000) ) ) 
 REPRESENTATION_ITEM ( '' )  SURFACE ( )  );
#4069 = FILL_AREA_STYLE_COLOUR ( '', #319 ) ;
#4070 = STYLED_ITEM ( 'NONE', ( #3858 ), #2750 ) ;
#4071 = CARTESIAN_POINT ( 'NONE',  ( -0.1015214975556455040, 0.8249844370231812496, 3.449990060700143690 ) ) ;
#4072 = EDGE_LOOP ( 'NONE', ( #4541, #1846, #832 ) ) ;
#4073 = EDGE_CURVE ( 'NONE', #3567, #2177, #923, .T. ) ;
#4074 = CIRCLE ( 'NONE', #3176, 0.09999999999999982514 ) ;
#4075 = CARTESIAN_POINT ( 'NONE',  ( 15.33060000000000223, 1.649999999999999911, -0.3499999999999999778 ) ) ;
#4076 = VECTOR ( 'NONE', #4840, 1000.000000000000000 ) ;
#4077 = CIRCLE ( 'NONE', #5494, 0.1000000000000000472 ) ;
#4078 = CARTESIAN_POINT ( 'NONE',  ( -3.950000000000000178, 1.750000000000000000, -0.4500000000000000666 ) ) ;
#4079 = ADVANCED_FACE ( 'NONE', ( #2339, #5239 ), #3794, .T. ) ;
#4080 = DIRECTION ( 'NONE',  ( 0.0000000000000000000, 0.0000000000000000000, -1.000000000000000000 ) ) ;
#4081 = ORIENTED_EDGE ( 'NONE', *, *, #2715, .T. ) ;
#4082 = DIRECTION ( 'NONE',  ( 0.0000000000000000000, -0.0000000000000000000, 1.000000000000000000 ) ) ;
#4083 = CARTESIAN_POINT ( 'NONE',  ( -0.1000000000000000056, -0.8164711886251000417, 3.449999999999999734 ) ) ;
#4084 = CARTESIAN_POINT ( 'NONE',  ( 3.908578643762690152, -1.749999999999999778, -0.4671572875253809376 ) ) ;
#4085 = VECTOR ( 'NONE', #1900, 1000.000000000000000 ) ;
#4086 = EDGE_CURVE ( 'NONE', #4653, #3037, #1399, .T. ) ;
#4087 = EDGE_CURVE ( 'NONE', #1570, #5238, #1907, .T. ) ;
#4088 = CARTESIAN_POINT ( 'NONE',  ( 4.190753094020495340, -1.749995558710895516, 1.307914060830241754 ) ) ;
#4089 = DIRECTION ( 'NONE',  ( 0.0000000000000000000, -0.7071067811865475727, 0.7071067811865475727 ) ) ;
#4090 = CARTESIAN_POINT ( 'NONE',  ( 2.700000000000000178, 1.449999999999999956, 0.0000000000000000000 ) ) ;
#4091 = VERTEX_POINT ( 'NONE', #4319 ) ;
#4092 = CARTESIAN_POINT ( 'NONE',  ( 4.149999999999999467, 1.649999999999999911, -0.3499999999999999778 ) ) ;
#4093 = CARTESIAN_POINT ( 'NONE',  ( 3.850000000000000089, 6.312599999999999767, -1.350000000000000089 ) ) ;
#4094 = DIRECTION ( 'NONE',  ( 0.7071067811865474617, 0.0000000000000000000, -0.7071067811865474617 ) ) ;
#4095 = ORIENTED_EDGE ( 'NONE', *, *, #260, .F. ) ;
#4096 = VERTEX_POINT ( 'NONE', #3728 ) ;
#4097 = FILL_AREA_STYLE_COLOUR ( '', #16 ) ;
#4098 = CARTESIAN_POINT ( 'NONE',  ( -1.449999999999999956, 0.9000000000000000222, 3.449999999999999734 ) ) ;
#4099 = DIRECTION ( 'NONE',  ( 0.0000000000000000000, 0.0000000000000000000, 1.000000000000000000 ) ) ;
#4100 = CARTESIAN_POINT ( 'NONE',  ( -0.1042204949443657214, 0.8415555056241315057, 3.449921972484562893 ) ) ;
#4101 = VERTEX_POINT ( 'NONE', #3257 ) ;
#4102 = COLOUR_RGB ( '',0.9294117647058823817, 0.9294117647058823817, 0.9372549019607843146 ) ;
#4103 = LINE ( 'NONE', #418, #4279 ) ;
#4104 = CARTESIAN_POINT ( 'NONE',  ( 0.0000000000000000000, -1.750000000000000000, 1.350000000000000089 ) ) ;
#4105 = DIRECTION ( 'NONE',  ( -1.000000000000000000, 0.0000000000000000000, 0.0000000000000000000 ) ) ;
#4106 = VECTOR ( 'NONE', #5867, 1000.000000000000000 ) ;
#4107 = CARTESIAN_POINT ( 'NONE',  ( -3.991421356237307982, -1.708578643762690419, -0.4500000000000000111 ) ) ;
#4108 = LINE ( 'NONE', #5159, #3268 ) ;
#4109 = ORIENTED_EDGE ( 'NONE', *, *, #3776, .T. ) ;
#4110 = LINE ( 'NONE', #3171, #4698 ) ;
#4111 = AXIS2_PLACEMENT_3D ( 'NONE', #2550, #4451, #2961 ) ;
#4112 = CARTESIAN_POINT ( 'NONE',  ( -3.850000000000000089, 1.750000000000000000, -0.5500000000000000444 ) ) ;
#4113 = EDGE_CURVE ( 'NONE', #2286, #6042, #2651, .T. ) ;
#4114 =( GEOMETRIC_REPRESENTATION_CONTEXT ( 3 ) GLOBAL_UNCERTAINTY_ASSIGNED_CONTEXT ( ( #1454 ) ) GLOBAL_UNIT_ASSIGNED_CONTEXT ( ( #5786, #5326, #1034 ) ) REPRESENTATION_CONTEXT ( 'NONE', 'WORKASPACE' ) );
#4115 = UNCERTAINTY_MEASURE_WITH_UNIT (LENGTH_MEASURE( 1.000000000000000082E-05 ), #802, 'distance_accuracy_value', 'NONE');
#4116 = CARTESIAN_POINT ( 'NONE',  ( 4.119962439680786126, -1.708901866519356272, -0.4621641246809027881 ) ) ;
#4117 = LINE ( 'NONE', #6067, #768 ) ;
#4118 = EDGE_CURVE ( 'NONE', #1597, #4091, #3397, .T. ) ;
#4119 = ORIENTED_EDGE ( 'NONE', *, *, #2870, .T. ) ;
#4120 = DIRECTION ( 'NONE',  ( 0.0000000000000000000, -0.0000000000000000000, 1.000000000000000000 ) ) ;
#4121 = DIRECTION ( 'NONE',  ( 0.0000000000000000000, -0.0000000000000000000, -1.000000000000000000 ) ) ;
#4122 = FILL_AREA_STYLE ('',( #3248 ) ) ;
#4123 = CARTESIAN_POINT ( 'NONE',  ( -0.2000000000000000111, 0.8000000000000000444, 0.9499999999999995115 ) ) ;
#4124 = CARTESIAN_POINT ( 'NONE',  ( -0.3500000000000010325, 1.749999999999999778, -1.350000000000000089 ) ) ;
#4125 = ORIENTED_EDGE ( 'NONE', *, *, #5474, .T. ) ;
#4126 = ADVANCED_FACE ( 'NONE', ( #3215 ), #5631, .F. ) ;
#4127 = VERTEX_POINT ( 'NONE', #6066 ) ;
#4128 = CARTESIAN_POINT ( 'NONE',  ( -15.33060000000000223, -1.649999999999999911, -0.3499999999999999778 ) ) ;
#4129 = DIRECTION ( 'NONE',  ( -1.000000000000000000, -0.0000000000000000000, -0.0000000000000000000 ) ) ;
#4130 = CARTESIAN_POINT ( 'NONE',  ( -0.1619439063769265719, 0.9577439175464643739, 3.429444432182447322 ) ) ;
#4131 = VERTEX_POINT ( 'NONE', #1339 ) ;
#4132 = LINE ( 'NONE', #1696, #607 ) ;
#4133 = CARTESIAN_POINT ( 'NONE',  ( -3.920710678118655590, -1.709017335549511296, -1.420710678118655368 ) ) ;
#4134 = SURFACE_STYLE_USAGE ( .BOTH. , #2251 ) ;
#4135 = LINE ( 'NONE', #2777, #2751 ) ;
#4136 = CARTESIAN_POINT ( 'NONE',  ( 2.149999999999999911, -5.179999999999999716, -1.449999999999999956 ) ) ;
#4137 = ORIENTED_EDGE ( 'NONE', *, *, #1999, .T. ) ;
#4138 = CARTESIAN_POINT ( 'NONE',  ( -0.3499999999999999778, 2.250000000000000444, -1.149999999999999911 ) ) ;
#4139 = CARTESIAN_POINT ( 'NONE',  ( -0.2999999999999999889, -1.000000000000000000, 3.194642898114000040 ) ) ;
#4140 = CARTESIAN_POINT ( 'NONE',  ( 4.150000000000000355, -1.650000000000000355, 1.350000000000000089 ) ) ;
#4141 = VECTOR ( 'NONE', #6134, 1000.000000000000000 ) ;
#4142 = DIRECTION ( 'NONE',  ( 0.0000000000000000000, 0.0000000000000000000, 1.000000000000000000 ) ) ;
#4143 = DIRECTION ( 'NONE',  ( 0.0000000000000000000, -0.0000000000000000000, 1.000000000000000000 ) ) ;
#4144 = EDGE_CURVE ( 'NONE', #684, #92, #3623, .T. ) ;
#4145 = LINE ( 'NONE', #1278, #3852 ) ;
#4146 = ORIENTED_EDGE ( 'NONE', *, *, #5366, .T. ) ;
#4147 = MECHANICAL_DESIGN_GEOMETRIC_PRESENTATION_REPRESENTATION (  '', ( #2373 ), #83 ) ;
#4148 = CARTESIAN_POINT ( 'NONE',  ( -0.4500000000000000111, 6.312599999999999767, 3.294642898114000129 ) ) ;
#4149 = DIRECTION ( 'NONE',  ( 0.0000000000000000000, 0.0000000000000000000, -1.000000000000000000 ) ) ;
#4150 = SURFACE_STYLE_FILL_AREA ( #4122 ) ;
#4151 = CARTESIAN_POINT ( 'NONE',  ( 3.920710678118656034, 1.650000000000000355, -1.420710678118654924 ) ) ;
#4152 = VECTOR ( 'NONE', #4895, 1000.000000000000000 ) ;
#4153 = CARTESIAN_POINT ( 'NONE',  ( 3.850000000000000089, 1.649999999999999911, -1.350000000000000089 ) ) ;
#4154 = ORIENTED_EDGE ( 'NONE', *, *, #955, .F. ) ;
#4155 =( NAMED_UNIT ( * ) PLANE_ANGLE_UNIT ( ) SI_UNIT ( $, .RADIAN. ) );
#4156 = ORIENTED_EDGE ( 'NONE', *, *, #4550, .F. ) ;
#4157 = SURFACE_STYLE_FILL_AREA ( #5118 ) ;
#4158 = SURFACE_SIDE_STYLE ('',( #745 ) ) ;
#4159 = MECHANICAL_DESIGN_GEOMETRIC_PRESENTATION_REPRESENTATION (  '', ( #5564 ), #4565 ) ;
#4160 = CARTESIAN_POINT ( 'NONE',  ( 4.119962439680771027, 1.762164124680915434, 1.408901866519336910 ) ) ;
#4161 = EDGE_CURVE ( 'NONE', #5336, #2474, #3747, .T. ) ;
#4162 = ADVANCED_FACE ( 'NONE', ( #852 ), #3805, .T. ) ;
#4163 = CARTESIAN_POINT ( 'NONE',  ( -0.2000000000000000111, 0.9999999999998989697, 3.350000000000000533 ) ) ;
#4164 = VERTEX_POINT ( 'NONE', #4601 ) ;
#4165 = CARTESIAN_POINT ( 'NONE',  ( 3.850000000000000089, 1.650000000000000355, -1.350000000000000089 ) ) ;
#4166 = ORIENTED_EDGE ( 'NONE', *, *, #480, .F. ) ;
#4167 = CARTESIAN_POINT ( 'NONE',  ( -0.1001666666488933988, -0.8047140452273701117, 3.449999999999999289 ) ) ;
#4168 = ORIENTED_EDGE ( 'NONE', *, *, #361, .F. ) ;
#4169 = CARTESIAN_POINT ( 'NONE',  ( 4.220710678118654968, -1.650000000000000133, 1.420710678118654924 ) ) ;
#4170 = DIRECTION ( 'NONE',  ( 1.000000000000000000, 0.0000000000000000000, -0.0000000000000000000 ) ) ;
#4171 = PRESENTATION_LAYER_ASSIGNMENT (  '', '', ( #5085 ) ) ;
#4172 = CARTESIAN_POINT ( 'NONE',  ( -4.250000000000000000, -1.650000000000000133, 1.350000000000000311 ) ) ;
#4173 = CARTESIAN_POINT ( 'NONE',  ( -1.800000000000000266, 1.000000000000000000, 3.194642898114000040 ) ) ;
#4174 = ORIENTED_EDGE ( 'NONE', *, *, #821, .T. ) ;
#4175 = AXIS2_PLACEMENT_3D ( 'NONE', #5858, #5422, #1565 ) ;
#4176 = DIRECTION ( 'NONE',  ( -0.0000000000000000000, 0.0000000000000000000, -1.000000000000000000 ) ) ;
#4177 = DIRECTION ( 'NONE',  ( 0.0000000000000000000, 0.0000000000000000000, -1.000000000000000000 ) ) ;
#4178 = AXIS2_PLACEMENT_3D ( 'NONE', #695, #3498, #3080 ) ;
#4179 = CIRCLE ( 'NONE', #2492, 0.1999999999999998723 ) ;
#4180 =( NAMED_UNIT ( * ) SI_UNIT ( $, .STERADIAN. ) SOLID_ANGLE_UNIT ( ) );
#4181 = CARTESIAN_POINT ( 'NONE',  ( 4.178979119944035148, -1.650000000000000799, -0.4624422362932761321 ) ) ;
#4182 = EDGE_LOOP ( 'NONE', ( #718, #5930, #2918, #5155, #458, #239, #2175, #1747, #1691, #5154, #2669, #4750, #189, #5296, #3839, #6085, #5206, #892, #4058, #1403, #478, #4506, #4652, #4445 ) ) ;
#4183 = CIRCLE ( 'NONE', #4906, 0.2000000000000000111 ) ;
#4184 = CARTESIAN_POINT ( 'NONE',  ( -4.149999999999999467, -1.750000000000000000, -0.3499999999999998113 ) ) ;
#4185 = CARTESIAN_POINT ( 'NONE',  ( -4.150000000000000355, 1.720710678118655190, 1.420710678118654924 ) ) ;
#4186 = CARTESIAN_POINT ( 'NONE',  ( 0.3499999999999999778, -5.179999999999999716, -1.149999999999999911 ) ) ;
#4187 = CARTESIAN_POINT ( 'NONE',  ( 3.778626039772357448, 1.650000000000000577, -1.420041115078380267 ) ) ;
#4188 = VECTOR ( 'NONE', #4170, 1000.000000000000000 ) ;
#4189 = LINE ( 'NONE', #2333, #975 ) ;
#4190 = EDGE_LOOP ( 'NONE', ( #2889, #5989, #4410 ) ) ;
#4191 = CARTESIAN_POINT ( 'NONE',  ( -2.250000000000000444, -3.049999999999999822, -1.149999999999999911 ) ) ;
#4192 = EDGE_LOOP ( 'NONE', ( #5351, #4693, #5034, #4338, #1011, #2240, #4459, #5718 ) ) ;
#4193 = SURFACE_STYLE_USAGE ( .BOTH. , #2084 ) ;
#4194 = SURFACE_STYLE_USAGE ( .BOTH. , #4158 ) ;
#4195 = AXIS2_PLACEMENT_3D ( 'NONE', #4289, #1921, #467 ) ;
#4196 = DIRECTION ( 'NONE',  ( -1.000000000000000000, -0.0000000000000000000, -0.0000000000000000000 ) ) ;
#4197 =( NAMED_UNIT ( * ) PLANE_ANGLE_UNIT ( ) SI_UNIT ( $, .RADIAN. ) );
#4198 = EDGE_CURVE ( 'NONE', #6174, #352, #822, .T. ) ;
#4199 = CARTESIAN_POINT ( 'NONE',  ( 2.250000000000000444, -4.549999999999999822, -1.449999999999999956 ) ) ;
#4200 = ORIENTED_EDGE ( 'NONE', *, *, #1194, .T. ) ;
#4201 = CARTESIAN_POINT ( 'NONE',  ( -1.800000000000000266, 1.000000000000000000, 3.350000000000000089 ) ) ;
#4202 = ORIENTED_EDGE ( 'NONE', *, *, #293, .F. ) ;
#4203 = LINE ( 'NONE', #4493, #2563 ) ;
#4204 = EDGE_LOOP ( 'NONE', ( #3909, #5982, #5032, #5674, #1117 ) ) ;
#4205 = EDGE_CURVE ( 'NONE', #2207, #350, #1693, .T. ) ;
#4206 = CARTESIAN_POINT ( 'NONE',  ( -3.807914060830231762, -1.749995558710895738, -1.390753094020509062 ) ) ;
#4207 = ADVANCED_FACE ( 'NONE', ( #333 ), #2197, .F. ) ;
#4208 = DIRECTION ( 'NONE',  ( -0.0000000000000000000, -0.0000000000000000000, -1.000000000000000000 ) ) ;
#4209 = AXIS2_PLACEMENT_3D ( 'NONE', #3973, #5913, #5884 ) ;
#4210 = CARTESIAN_POINT ( 'NONE',  ( -3.949999999999998845, -1.650000000000000577, -0.4914213562373101474 ) ) ;
#4211 = CARTESIAN_POINT ( 'NONE',  ( -2.850000000000000089, -1.750000000000000000, -1.449999999999999956 ) ) ;
#4212 = ORIENTED_EDGE ( 'NONE', *, *, #4498, .T. ) ;
#4213 = EDGE_CURVE ( 'NONE', #2429, #4808, #3799, .T. ) ;
#4214 = CARTESIAN_POINT ( 'NONE',  ( 3.849333577425369857, -1.649333577425369901, -1.449995558710895249 ) ) ;
#4215 = DIRECTION ( 'NONE',  ( 0.0000000000000000000, -1.000000000000000000, 0.0000000000000000000 ) ) ;
#4216 = MECHANICAL_DESIGN_GEOMETRIC_PRESENTATION_REPRESENTATION (  '', ( #3411 ), #3515 ) ;
#4217 = VECTOR ( 'NONE', #1787, 1000.000000000000000 ) ;
#4218 = CARTESIAN_POINT ( 'NONE',  ( 4.078626039772359491, -1.708576042115767413, -0.4200411150783815994 ) ) ;
#4219 = CARTESIAN_POINT ( 'NONE',  ( 3.649999999999999911, -1.449999999999999956, 0.0000000000000000000 ) ) ;
#4220 = CARTESIAN_POINT ( 'NONE',  ( 3.649999999999999911, -1.449999999999999956, -1.449999999999999956 ) ) ;
#4221 = CARTESIAN_POINT ( 'NONE',  ( 4.049999999999999822, 1.649999999999999911, -0.3500000000000000333 ) ) ;
#4222 = PLANE ( 'NONE',  #4893 ) ;
#4223 = STYLED_ITEM ( 'NONE', ( #4374 ), #5780 ) ;
#4224 = CARTESIAN_POINT ( 'NONE',  ( 3.807914060830241088, 1.749995558710895294, -1.390753094020496405 ) ) ;
#4225 = CARTESIAN_POINT ( 'NONE',  ( 2.850000000000000089, -5.179999999999999716, -1.149999999999999911 ) ) ;
#4226 = VERTEX_POINT ( 'NONE', #2785 ) ;
#4227 = LINE ( 'NONE', #1942, #2586 ) ;
#4228 = EDGE_LOOP ( 'NONE', ( #1389, #626, #3285, #4987, #3923, #2513, #2299, #6094 ) ) ;
#4229 = DIRECTION ( 'NONE',  ( -0.0000000000000000000, -0.0000000000000000000, 1.000000000000000000 ) ) ;
#4230 = CARTESIAN_POINT ( 'NONE',  ( -0.2500000000000000000, -4.549999999999999822, -1.149999999999999911 ) ) ;
#4231 = CARTESIAN_POINT ( 'NONE',  ( -0.4500000000000000666, -1.000000000000000000, 3.194642898114000040 ) ) ;
#4232 = DIRECTION ( 'NONE',  ( -0.0000000000000000000, 1.000000000000000000, 0.0000000000000000000 ) ) ;
#4233 = ORIENTED_EDGE ( 'NONE', *, *, #4073, .F. ) ;
#4234 = DIRECTION ( 'NONE',  ( 0.0000000000000000000, 0.0000000000000000000, 1.000000000000000000 ) ) ;
#4235 = EDGE_CURVE ( 'NONE', #1965, #1570, #1838, .T. ) ;
#4236 = ORIENTED_EDGE ( 'NONE', *, *, #3132, .T. ) ;
#4237 = CARTESIAN_POINT ( 'NONE',  ( -4.250551775759737083, 1.732713191421225707, 1.349413372940462263 ) ) ;
#4238 = DIRECTION ( 'NONE',  ( 0.0000000000000000000, 0.0000000000000000000, 1.000000000000000000 ) ) ;
#4239 =( BOUNDED_CURVE ( )  B_SPLINE_CURVE ( 3, ( #4722, #3198, #3590, #2622 ),
 .UNSPECIFIED., .F., .T. ) 
 B_SPLINE_CURVE_WITH_KNOTS ( ( 4, 4 ),
 ( 1.570796326794896558, 3.141592653589793116 ),
 .UNSPECIFIED. ) 
 CURVE ( )  GEOMETRIC_REPRESENTATION_ITEM ( )  RATIONAL_B_SPLINE_CURVE ( ( 1.000000000000000000, 0.8047378541243649375, 0.8047378541243649375, 1.000000000000000000 ) ) 
 REPRESENTATION_ITEM ( '' )  );
#4240 = CARTESIAN_POINT ( 'NONE',  ( -1.899999999999999911, 0.8000000000000000444, 3.449999999999999734 ) ) ;
#4241 = LINE ( 'NONE', #5312, #1669 ) ;
#4242 = EDGE_LOOP ( 'NONE', ( #318, #5398, #4456, #3169 ) ) ;
#4243 = CARTESIAN_POINT ( 'NONE',  ( 2.150000000000000799, -1.649999999999999911, -1.449999999999999956 ) ) ;
#4244 = VECTOR ( 'NONE', #732, 1000.000000000000000 ) ;
#4245 = DIRECTION ( 'NONE',  ( -1.000000000000000000, 0.0000000000000000000, -0.0000000000000000000 ) ) ;
#4246 = EDGE_CURVE ( 'NONE', #2058, #3099, #2259, .T. ) ;
#4247 = EDGE_CURVE ( 'NONE', #2805, #996, #1366, .T. ) ;
#4248 = LINE ( 'NONE', #4398, #5661 ) ;
#4249 = SURFACE_STYLE_FILL_AREA ( #910 ) ;
#4250 = CARTESIAN_POINT ( 'NONE',  ( 2.149999999999996803, -2.850000000000001865, -1.149999999999999911 ) ) ;
#4251 = ORIENTED_EDGE ( 'NONE', *, *, #1375, .T. ) ;
#4252 = SURFACE_STYLE_USAGE ( .BOTH. , #4769 ) ;
#4253 = COLOUR_RGB ( '',0.9294117647058823817, 0.9294117647058823817, 0.9372549019607843146 ) ;
#4254 = UNCERTAINTY_MEASURE_WITH_UNIT (LENGTH_MEASURE( 1.000000000000000082E-05 ), #5881, 'distance_accuracy_value', 'NONE');
#4255 = CARTESIAN_POINT ( 'NONE',  ( -4.262442236293273012, -1.684571554749780375, 1.378979119944042653 ) ) ;
#4256 = VECTOR ( 'NONE', #5244, 1000.000000000000114 ) ;
#4257 = EDGE_LOOP ( 'NONE', ( #4918, #1200, #1328, #846, #2582, #1387, #2590, #1594, #1238, #1896, #4947, #4037, #594, #4575, #659, #1529, #5616, #2072, #2511, #3990, #3581, #1721 ) ) ;
#4258 = CARTESIAN_POINT ( 'NONE',  ( -3.920710678118655146, -1.649999999999999911, -1.420710678118654924 ) ) ;
#4259 = ORIENTED_EDGE ( 'NONE', *, *, #331, .T. ) ;
#4260 =( NAMED_UNIT ( * ) SI_UNIT ( $, .STERADIAN. ) SOLID_ANGLE_UNIT ( ) );
#4261 = CARTESIAN_POINT ( 'NONE',  ( -4.150000000000000355, 6.312599999999999767, -0.3499999999999999778 ) ) ;
#4262 = CIRCLE ( 'NONE', #4562, 0.09999999999999999167 ) ;
#4263 = CARTESIAN_POINT ( 'NONE',  ( 3.649999999999999911, 1.449999999999999956, 0.0000000000000000000 ) ) ;
#4264 = DIRECTION ( 'NONE',  ( 0.0000000000000000000, 0.0000000000000000000, 1.000000000000000000 ) ) ;
#4265 = CARTESIAN_POINT ( 'NONE',  ( 4.150000000000000355, 1.720710678118654746, -0.4207106781186544797 ) ) ;
#4266 = ORIENTED_EDGE ( 'NONE', *, *, #4205, .F. ) ;
#4267 = CARTESIAN_POINT ( 'NONE',  ( 4.150000000000001243, -1.750000000000000000, 1.449999999999999956 ) ) ;
#4268 = CARTESIAN_POINT ( 'NONE',  ( -1.800000000000000266, -1.000000000000000000, 10.61979999999999968 ) ) ;
#4269 = VECTOR ( 'NONE', #4868, 1000.000000000000000 ) ;
#4270 = UNCERTAINTY_MEASURE_WITH_UNIT (LENGTH_MEASURE( 1.000000000000000082E-05 ), #146, 'distance_accuracy_value', 'NONE');
#4271 = DIRECTION ( 'NONE',  ( 0.0000000000000000000, 0.0000000000000000000, -1.000000000000000000 ) ) ;
#4272 = CARTESIAN_POINT ( 'NONE',  ( 2.850000000000000089, -2.850000000000000089, -1.149999999999999911 ) ) ;
#4273 = VERTEX_POINT ( 'NONE', #4368 ) ;
#4274 = AXIS2_PLACEMENT_3D ( 'NONE', #4173, #1701, #815 ) ;
#4275 =( BOUNDED_CURVE ( )  B_SPLINE_CURVE ( 3, ( #1866, #3304, #4616, #3702 ),
 .UNSPECIFIED., .F., .T. ) 
 B_SPLINE_CURVE_WITH_KNOTS ( ( 4, 4 ),
 ( 1.570796326794896558, 3.141592653589793116 ),
 .UNSPECIFIED. ) 
 CURVE ( )  GEOMETRIC_REPRESENTATION_ITEM ( )  RATIONAL_B_SPLINE_CURVE ( ( 1.000000000000000000, 0.8047378541243649375, 0.8047378541243649375, 1.000000000000000000 ) ) 
 REPRESENTATION_ITEM ( '' )  );
#4276 = CARTESIAN_POINT ( 'NONE',  ( -0.5500000000000001554, -0.9000000000000000222, 3.449999999999999734 ) ) ;
#4277 = CARTESIAN_POINT ( 'NONE',  ( -2.100000000000000089, -1.750000000000000000, 1.449999999999999956 ) ) ;
#4278 = EDGE_CURVE ( 'NONE', #4046, #5015, #4717, .T. ) ;
#4279 = VECTOR ( 'NONE', #868, 1000.000000000000000 ) ;
#4280 = SURFACE_SIDE_STYLE ('',( #5345 ) ) ;
#4281 =( LENGTH_UNIT ( ) NAMED_UNIT ( * ) SI_UNIT ( .MILLI., .METRE. ) );
#4282 = CARTESIAN_POINT ( 'NONE',  ( -4.149999999999999467, 1.678979119944034704, 1.462442236293275410 ) ) ;
#4283 = ADVANCED_FACE ( 'NONE', ( #3875 ), #3844, .F. ) ;
#4284 = EDGE_CURVE ( 'NONE', #385, #4226, #2697, .T. ) ;
#4285 = VERTEX_POINT ( 'NONE', #4977 ) ;
#4286 = VECTOR ( 'NONE', #504, 1000.000000000000000 ) ;
#4287 = VECTOR ( 'NONE', #4208, 1000.000000000000000 ) ;
#4288 = CARTESIAN_POINT ( 'NONE',  ( -3.962442236293274966, -1.684571554749779043, -1.378979119944034437 ) ) ;
#4289 = CARTESIAN_POINT ( 'NONE',  ( 0.0000000000000000000, -1.750000000000000000, 0.9499999999999999556 ) ) ;
#4290 = COLOUR_RGB ( '',0.9294117647058823817, 0.9294117647058823817, 0.9372549019607843146 ) ;
#4291 =( GEOMETRIC_REPRESENTATION_CONTEXT ( 3 ) GLOBAL_UNCERTAINTY_ASSIGNED_CONTEXT ( ( #889 ) ) GLOBAL_UNIT_ASSIGNED_CONTEXT ( ( #4544, #6019, #864 ) ) REPRESENTATION_CONTEXT ( 'NONE', 'WORKASPACE' ) );
#4292 = CARTESIAN_POINT ( 'NONE',  ( 3.920041115078380933, 1.650000000000000355, -1.278626039772357892 ) ) ;
#4293 = VERTEX_POINT ( 'NONE', #1579 ) ;
#4294 =( NAMED_UNIT ( * ) PLANE_ANGLE_UNIT ( ) SI_UNIT ( $, .RADIAN. ) );
#4295 = ORIENTED_EDGE ( 'NONE', *, *, #743, .F. ) ;
#4296 = VECTOR ( 'NONE', #5781, 1000.000000000000000 ) ;
#4297 = CARTESIAN_POINT ( 'NONE',  ( 4.220710678118654968, -1.650000000000000355, 1.420710678118654924 ) ) ;
#4298 = ORIENTED_EDGE ( 'NONE', *, *, #4788, .T. ) ;
#4299 = CARTESIAN_POINT ( 'NONE',  ( -0.1000000000000000056, -0.8000000000000000444, 3.350000000000000089 ) ) ;
#4300 = DIRECTION ( 'NONE',  ( 0.0000000000000000000, 0.0000000000000000000, 1.000000000000000000 ) ) ;
#4301 = CARTESIAN_POINT ( 'NONE',  ( -1.800000000000000266, 0.9999919641870522735, 3.370485298809982488 ) ) ;
#4302 = FACE_OUTER_BOUND ( 'NONE', #6029, .T. ) ;
#4303 = EDGE_LOOP ( 'NONE', ( #929, #2537, #4384, #7 ) ) ;
#4304 = SURFACE_STYLE_USAGE ( .BOTH. , #1487 ) ;
#4305 = DIRECTION ( 'NONE',  ( -1.000000000000000000, 0.0000000000000000000, 0.0000000000000000000 ) ) ;
#4306 = CYLINDRICAL_SURFACE ( 'NONE', #1152, 0.09999999999999982514 ) ;
#4307 =( NAMED_UNIT ( * ) PLANE_ANGLE_UNIT ( ) SI_UNIT ( $, .RADIAN. ) );
#4308 = CARTESIAN_POINT ( 'NONE',  ( -4.150000000000000355, 1.720710678118654746, 1.420710678118654924 ) ) ;
#4309 = ADVANCED_FACE ( 'NONE', ( #2059 ), #3431, .T. ) ;
#4310 = LINE ( 'NONE', #617, #1996 ) ;
#4311 = CIRCLE ( 'NONE', #1609, 0.1000000000000001443 ) ;
#4312 = VERTEX_POINT ( 'NONE', #2504 ) ;
#4313 = ADVANCED_FACE ( 'NONE', ( #5938 ), #3962, .T. ) ;
#4314 = CARTESIAN_POINT ( 'NONE',  ( -3.850000000000000089, 1.649999999999999911, -1.350000000000000533 ) ) ;
#4315 = ORIENTED_EDGE ( 'NONE', *, *, #3471, .T. ) ;
#4316 =( NAMED_UNIT ( * ) SI_UNIT ( $, .STERADIAN. ) SOLID_ANGLE_UNIT ( ) );
#4317 = AXIS2_PLACEMENT_3D ( 'NONE', #4123, #6039, #3653 ) ;
#4318 = EDGE_CURVE ( 'NONE', #4401, #1179, #173, .T. ) ;
#4319 = CARTESIAN_POINT ( 'NONE',  ( -4.250000000000000000, 1.650000000000000133, 1.350000000000000311 ) ) ;
#4320 = CARTESIAN_POINT ( 'NONE',  ( -2.850000000000000089, 2.250000000000000444, -1.449999999999999956 ) ) ;
#4321 = ADVANCED_FACE ( 'NONE', ( #4026 ), #4457, .F. ) ;
#4322 = DIRECTION ( 'NONE',  ( 0.0000000000000000000, 0.0000000000000000000, 1.000000000000000000 ) ) ;
#4323 = EDGE_CURVE ( 'NONE', #4976, #4131, #4898, .T. ) ;
#4324 = DIRECTION ( 'NONE',  ( 0.0000000000000000000, 0.0000000000000000000, 1.000000000000000000 ) ) ;
#4325 =( NAMED_UNIT ( * ) SI_UNIT ( $, .STERADIAN. ) SOLID_ANGLE_UNIT ( ) );
#4326 = CARTESIAN_POINT ( 'NONE',  ( -1.649999999999999911, 1.000000000000000000, 3.194642898114000040 ) ) ;
#4327 = VERTEX_POINT ( 'NONE', #1062 ) ;
#4328 = CARTESIAN_POINT ( 'NONE',  ( -4.149999999999998579, 1.762442236293275677, 1.378979119944033993 ) ) ;
#4329 = SURFACE_SIDE_STYLE ('',( #99 ) ) ;
#4330 = FILL_AREA_STYLE_COLOUR ( '', #3446 ) ;
#4331 = DIRECTION ( 'NONE',  ( 0.0000000000000000000, 0.0000000000000000000, 1.000000000000000000 ) ) ;
#4332 = ORIENTED_EDGE ( 'NONE', *, *, #1486, .F. ) ;
#4333 = DIRECTION ( 'NONE',  ( 1.000000000000000000, 0.0000000000000000000, 0.0000000000000000000 ) ) ;
#4334 = CARTESIAN_POINT ( 'NONE',  ( 4.250000000000000000, 2.250000000000000444, -1.449999999999999956 ) ) ;
#4335 = CARTESIAN_POINT ( 'NONE',  ( 3.967157287525381104, -1.749999999999999778, -0.4085786437626903189 ) ) ;
#4336 = VECTOR ( 'NONE', #5625, 1000.000000000000000 ) ;
#4337 = SURFACE_STYLE_USAGE ( .BOTH. , #2390 ) ;
#4338 = ORIENTED_EDGE ( 'NONE', *, *, #361, .T. ) ;
#4339 = SURFACE_STYLE_FILL_AREA ( #4831 ) ;
#4340 = ORIENTED_EDGE ( 'NONE', *, *, #3056, .F. ) ;
#4341 = VECTOR ( 'NONE', #5602, 1000.000000000000000 ) ;
#4342 = SURFACE_STYLE_USAGE ( .BOTH. , #3942 ) ;
#4343 = CARTESIAN_POINT ( 'NONE',  ( -3.994404444539214616, 1.750000000000000000, -0.3499999999999999778 ) ) ;
#4344 = DIRECTION ( 'NONE',  ( 0.0000000000000000000, 0.0000000000000000000, 1.000000000000000000 ) ) ;
#4345 = AXIS2_PLACEMENT_3D ( 'NONE', #2920, #1981, #5763 ) ;
#4346 = EDGE_CURVE ( 'NONE', #3302, #5209, #2621, .T. ) ;
#4347 = CARTESIAN_POINT ( 'NONE',  ( 2.700000000000000178, 1.449999999999999956, -2.049999999999999822 ) ) ;
#4348 = ORIENTED_EDGE ( 'NONE', *, *, #1375, .F. ) ;
#4349 = DIRECTION ( 'NONE',  ( 0.0000000000000000000, 0.0000000000000000000, 1.000000000000000000 ) ) ;
#4350 = VERTEX_POINT ( 'NONE', #5499 ) ;
#4351 = PRESENTATION_STYLE_ASSIGNMENT (( #2454 ) ) ;
#4352 = CARTESIAN_POINT ( 'NONE',  ( 4.208901866519353163, 1.762164124680904109, -0.3199624396807832505 ) ) ;
#4353 = ORIENTED_EDGE ( 'NONE', *, *, #2344, .F. ) ;
#4354 = CARTESIAN_POINT ( 'NONE',  ( -3.962164124680903843, -1.650000000000000133, -1.319962439680786082 ) ) ;
#4355 = CARTESIAN_POINT ( 'NONE',  ( 0.2500000000000000000, -3.049999999999999822, -1.149999999999999911 ) ) ;
#4356 = EDGE_CURVE ( 'NONE', #2971, #4350, #4110, .T. ) ;
#4357 = ADVANCED_FACE ( 'NONE', ( #1214 ), #5070, .F. ) ;
#4358 = VECTOR ( 'NONE', #299, 1000.000000000000000 ) ;
#4359 = FILL_AREA_STYLE ('',( #4330 ) ) ;
#4360 = CARTESIAN_POINT ( 'NONE',  ( -3.849333577425370301, 1.649333577425370345, -1.449995558710894583 ) ) ;
#4361 = VERTEX_POINT ( 'NONE', #4138 ) ;
#4362 = LINE ( 'NONE', #4970, #4106 ) ;
#4363 = CIRCLE ( 'NONE', #4984, 0.1000000000000000472 ) ;
#4364 = CARTESIAN_POINT ( 'NONE',  ( -2.850000000000000089, 2.250000000000000444, 0.0000000000000000000 ) ) ;
#4365 = CARTESIAN_POINT ( 'NONE',  ( -4.049999999999999822, 6.312599999999999767, -0.5500000000000000444 ) ) ;
#4366 = VERTEX_POINT ( 'NONE', #3110 ) ;
#4367 = AXIS2_PLACEMENT_3D ( 'NONE', #6023, #3704, #2771 ) ;
#4368 = CARTESIAN_POINT ( 'NONE',  ( -1.800000000000000266, 1.000000000000000000, 3.350000000000000089 ) ) ;
#4369 = CARTESIAN_POINT ( 'NONE',  ( -1.857522494189363327, 0.8995998755795523438, 3.449995518916213477 ) ) ;
#4370 = ORIENTED_EDGE ( 'NONE', *, *, #1835, .T. ) ;
#4371 = DIRECTION ( 'NONE',  ( 0.0000000000000000000, 0.0000000000000000000, 1.000000000000000000 ) ) ;
#4372 = CARTESIAN_POINT ( 'NONE',  ( -4.250000000000000000, -1.080000000000000071, 1.449999999999999956 ) ) ;
#4373 = AXIS2_PLACEMENT_3D ( 'NONE', #4, #4324, #2342 ) ;
#4374 = PRESENTATION_STYLE_ASSIGNMENT (( #4337 ) ) ;
#4375 = UNCERTAINTY_MEASURE_WITH_UNIT (LENGTH_MEASURE( 1.000000000000000082E-05 ), #154, 'distance_accuracy_value', 'NONE');
#4376 = ORIENTED_EDGE ( 'NONE', *, *, #775, .T. ) ;
#4377 =( NAMED_UNIT ( * ) PLANE_ANGLE_UNIT ( ) SI_UNIT ( $, .RADIAN. ) );
#4378 = VERTEX_POINT ( 'NONE', #847 ) ;
#4379 = FACE_OUTER_BOUND ( 'NONE', #5832, .T. ) ;
#4380 = DIRECTION ( 'NONE',  ( 0.0000000000000000000, 0.0000000000000000000, -1.000000000000000000 ) ) ;
#4381 = DIRECTION ( 'NONE',  ( 0.0000000000000000000, 1.000000000000000000, 0.0000000000000000000 ) ) ;
#4382 = VECTOR ( 'NONE', #1699, 1000.000000000000000 ) ;
#4383 = CARTESIAN_POINT ( 'NONE',  ( 2.250000000000000444, -1.750000000000000000, -1.449999999999999956 ) ) ;
#4384 = ORIENTED_EDGE ( 'NONE', *, *, #3471, .F. ) ;
#4385 = ORIENTED_EDGE ( 'NONE', *, *, #5697, .T. ) ;
#4386 = DIRECTION ( 'NONE',  ( -1.000000000000000000, 0.0000000000000000000, -0.0000000000000000000 ) ) ;
#4387 = ORIENTED_EDGE ( 'NONE', *, *, #2947, .T. ) ;
#4388 = CIRCLE ( 'NONE', #2105, 0.09999999999999999167 ) ;
#4389 = COLOUR_RGB ( '',0.9294117647058823817, 0.9294117647058823817, 0.9372549019607843146 ) ;
#4390 = ADVANCED_FACE ( 'NONE', ( #6061 ), #5102, .T. ) ;
#4391 = ORIENTED_EDGE ( 'NONE', *, *, #707, .T. ) ;
#4392 = DIRECTION ( 'NONE',  ( 1.000000000000000000, 0.0000000000000000000, -0.0000000000000000000 ) ) ;
#4393 = ADVANCED_FACE ( 'NONE', ( #392 ), #5560, .T. ) ;
#4394 = EDGE_LOOP ( 'NONE', ( #1007, #3905, #3050, #2985, #4609 ) ) ;
#4395 = CARTESIAN_POINT ( 'NONE',  ( 2.750000000000000000, -4.549999999999999822, 0.0000000000000000000 ) ) ;
#4396 = DIRECTION ( 'NONE',  ( 0.0000000000000000000, 0.0000000000000000000, -1.000000000000000000 ) ) ;
#4397 = PRESENTATION_LAYER_ASSIGNMENT (  '', '', ( #3500 ) ) ;
#4398 = CARTESIAN_POINT ( 'NONE',  ( -1.550000000000000266, -1.000000000000000000, 3.701099892519000178 ) ) ;
#4399 = CARTESIAN_POINT ( 'NONE',  ( -4.191063282180839344, -1.750551775759736861, 1.391063282180848626 ) ) ;
#4400 = ADVANCED_FACE ( 'NONE', ( #2711 ), #3143, .F. ) ;
#4401 = VERTEX_POINT ( 'NONE', #4593 ) ;
#4402 = CARTESIAN_POINT ( 'NONE',  ( -0.2500000000000000000, -3.049999999999999822, -1.149999999999999911 ) ) ;
#4403 = PRESENTATION_STYLE_ASSIGNMENT (( #2533 ) ) ;
#4404 = ORIENTED_EDGE ( 'NONE', *, *, #5817, .F. ) ;
#4405 = AXIS2_PLACEMENT_3D ( 'NONE', #4092, #2074, #2655 ) ;
#4406 = ORIENTED_EDGE ( 'NONE', *, *, #4498, .F. ) ;
#4407 = SURFACE_STYLE_FILL_AREA ( #3913 ) ;
#4408 = CYLINDRICAL_SURFACE ( 'NONE', #5960, 0.09999999999999982514 ) ;
#4409 = FILL_AREA_STYLE_COLOUR ( '', #4417 ) ;
#4410 = ORIENTED_EDGE ( 'NONE', *, *, #4914, .F. ) ;
#4411 = AXIS2_PLACEMENT_3D ( 'NONE', #6145, #5213, #442 ) ;
#4412 = DIRECTION ( 'NONE',  ( 1.000000000000000000, 0.0000000000000000000, -0.0000000000000000000 ) ) ;
#4413 = EDGE_LOOP ( 'NONE', ( #2613, #1410, #2456, #1883 ) ) ;
#4414 = CARTESIAN_POINT ( 'NONE',  ( -4.149999999999999467, -1.650000000000000133, -0.4500000000000000111 ) ) ;
#4415 = EDGE_LOOP ( 'NONE', ( #6172, #222, #3267, #3764 ) ) ;
#4416 = CARTESIAN_POINT ( 'NONE',  ( -1.882535187761520623, -0.8916132247856061177, 3.452003944651103051 ) ) ;
#4417 = COLOUR_RGB ( '',0.9294117647058823817, 0.9294117647058823817, 0.9372549019607843146 ) ;
#4418 = ORIENTED_EDGE ( 'NONE', *, *, #448, .T. ) ;
#4419 = CARTESIAN_POINT ( 'NONE',  ( -1.350000000000000089, -1.000000000000000000, 3.350000000000000089 ) ) ;
#4420 = CARTESIAN_POINT ( 'NONE',  ( -0.9000000000000001332, 1.000000000000000000, 3.194642898114000040 ) ) ;
#4421 = ADVANCED_FACE ( 'NONE', ( #3616 ), #5131, .F. ) ;
#4422 = CARTESIAN_POINT ( 'NONE',  ( -4.178979119944024490, 1.650000000000000577, -0.4624422362932784081 ) ) ;
#4423 = ORIENTED_EDGE ( 'NONE', *, *, #5773, .F. ) ;
#4424 =( LENGTH_UNIT ( ) NAMED_UNIT ( * ) SI_UNIT ( .MILLI., .METRE. ) );
#4425 = CARTESIAN_POINT ( 'NONE',  ( -1.958069979454121423, 0.7999999998302724791, 3.450554240855212562 ) ) ;
#4426 = CARTESIAN_POINT ( 'NONE',  ( 4.150000000000000355, -6.312599999999999767, -0.3499999999999999778 ) ) ;
#4427 = DIRECTION ( 'NONE',  ( 0.0000000000000000000, 0.0000000000000000000, -1.000000000000000000 ) ) ;
#4428 = CARTESIAN_POINT ( 'NONE',  ( 3.932842712474619251, -1.749999999999999778, -0.3500000000000000333 ) ) ;
#4429 = EDGE_CURVE ( 'NONE', #1570, #117, #2223, .T. ) ;
#4430 = EDGE_CURVE ( 'NONE', #2623, #5969, #851, .T. ) ;
#4431 = UNCERTAINTY_MEASURE_WITH_UNIT (LENGTH_MEASURE( 1.000000000000000082E-05 ), #1088, 'distance_accuracy_value', 'NONE');
#4432 = CARTESIAN_POINT ( 'NONE',  ( -2.850000000000000089, 2.100000000000000089, -1.149999999999999911 ) ) ;
#4433 = DIRECTION ( 'NONE',  ( -1.000000000000000000, -0.0000000000000000000, -0.0000000000000000000 ) ) ;
#4434 = ORIENTED_EDGE ( 'NONE', *, *, #5809, .F. ) ;
#4435 = FACE_OUTER_BOUND ( 'NONE', #3759, .T. ) ;
#4436 = CARTESIAN_POINT ( 'NONE',  ( -0.4500000000000000111, -1.000000000000000000, 3.294642898114000129 ) ) ;
#4437 = AXIS2_PLACEMENT_3D ( 'NONE', #1997, #516, #2413 ) ;
#4438 = CARTESIAN_POINT ( 'NONE',  ( -4.049999999999999822, 1.649999999999999911, -0.5500000000000000444 ) ) ;
#4439 = DIRECTION ( 'NONE',  ( -0.0000000000000000000, 0.0000000000000000000, -1.000000000000000000 ) ) ;
#4440 = ORIENTED_EDGE ( 'NONE', *, *, #5588, .F. ) ;
#4441 = DIRECTION ( 'NONE',  ( 1.000000000000000000, -0.0000000000000000000, -0.0000000000000000000 ) ) ;
#4442 = ORIENTED_EDGE ( 'NONE', *, *, #5629, .T. ) ;
#4443 = FILL_AREA_STYLE_COLOUR ( '', #1786 ) ;
#4444 = DIRECTION ( 'NONE',  ( -0.4472135954999594820, 0.8944271909999150783, 0.0000000000000000000 ) ) ;
#4445 = ORIENTED_EDGE ( 'NONE', *, *, #4022, .T. ) ;
#4446 =( NAMED_UNIT ( * ) SI_UNIT ( $, .STERADIAN. ) SOLID_ANGLE_UNIT ( ) );
#4447 =( LENGTH_UNIT ( ) NAMED_UNIT ( * ) SI_UNIT ( .MILLI., .METRE. ) );
#4448 = CIRCLE ( 'NONE', #80, 0.1999999999999998723 ) ;
#4449 = ORIENTED_EDGE ( 'NONE', *, *, #3026, .T. ) ;
#4450 = AXIS2_PLACEMENT_3D ( 'NONE', #2017, #1111, #5453 ) ;
#4451 = DIRECTION ( 'NONE',  ( -0.0000000000000000000, -0.0000000000000000000, 1.000000000000000000 ) ) ;
#4452 = CARTESIAN_POINT ( 'NONE',  ( -0.9000000000000003553, 1.000000000000000000, 3.408578643762690596 ) ) ;
#4453 = MECHANICAL_DESIGN_GEOMETRIC_PRESENTATION_REPRESENTATION (  '', ( #2863 ), #1555 ) ;
#4454 = DIRECTION ( 'NONE',  ( -0.0000000000000000000, -0.0000000000000000000, -1.000000000000000000 ) ) ;
#4455 = LINE ( 'NONE', #5039, #5768 ) ;
#4456 = ORIENTED_EDGE ( 'NONE', *, *, #3672, .F. ) ;
#4457 = PLANE ( 'NONE',  #3988 ) ;
#4458 = CARTESIAN_POINT ( 'NONE',  ( -2.000000000126739508, 0.9180346709850464304, 3.409019300807194952 ) ) ;
#4459 = ORIENTED_EDGE ( 'NONE', *, *, #4246, .T. ) ;
#4460 = CARTESIAN_POINT ( 'NONE',  ( -15.33060000000000223, -0.9000000000000001332, 3.350000000000000089 ) ) ;
#4461 = DIRECTION ( 'NONE',  ( 0.0000000000000000000, 0.0000000000000000000, -1.000000000000000000 ) ) ;
#4462 = EDGE_CURVE ( 'NONE', #689, #5608, #1731, .T. ) ;
#4463 = CIRCLE ( 'NONE', #5279, 0.2000000000000000111 ) ;
#4464 = DIRECTION ( 'NONE',  ( 0.0000000000000000000, 0.0000000000000000000, -1.000000000000000000 ) ) ;
#4465 = PRESENTATION_STYLE_ASSIGNMENT (( #2037 ) ) ;
#4466 = EDGE_CURVE ( 'NONE', #4293, #2503, #2191, .T. ) ;
#4467 = ORIENTED_EDGE ( 'NONE', *, *, #4507, .F. ) ;
#4468 = EDGE_CURVE ( 'NONE', #4999, #2432, #5196, .T. ) ;
#4469 = FILL_AREA_STYLE_COLOUR ( '', #440 ) ;
#4470 =( BOUNDED_SURFACE ( )  B_SPLINE_SURFACE ( 3, 3, ( 
 ( #5528, #4210, #6058, #5067 ),
 ( #1802, #875, #4107, #354 ),
 ( #2285, #754, #5038, #6124 ),
 ( #3673, #2252, #1761, #3167 ) ),
 .UNSPECIFIED., .F., .F., .F. ) 
 B_SPLINE_SURFACE_WITH_KNOTS ( ( 4, 4 ),
 ( 4, 4 ),
 ( 0.0000000000000000000, 1.000000000000000000 ),
 ( 0.0000000000000000000, 1.000000000000000000 ),
 .UNSPECIFIED. ) 
 GEOMETRIC_REPRESENTATION_ITEM ( )  RATIONAL_B_SPLINE_SURFACE ( (
 ( 1.000000000000000000, 0.8047378541243648264, 0.8047378541243648264, 1.000000000000000000),
 ( 0.8047378541243670469, 0.6476030138606893027, 0.6476030138606893027, 0.8047378541243670469),
 ( 0.8047378541243670469, 0.6476030138606893027, 0.6476030138606893027, 0.8047378541243670469),
 ( 1.000000000000000000, 0.8047378541243648264, 0.8047378541243648264, 1.000000000000000000) ) ) 
 REPRESENTATION_ITEM ( '' )  SURFACE ( )  );
#4471 = CARTESIAN_POINT ( 'NONE',  ( -0.3499999999999997558, 2.250000000000000444, -1.449999999999999956 ) ) ;
#4472 = VECTOR ( 'NONE', #2425, 1000.000000000000000 ) ;
#4473 = CYLINDRICAL_SURFACE ( 'NONE', #2180, 0.09999999999999999167 ) ;
#4474 = ORIENTED_EDGE ( 'NONE', *, *, #3938, .T. ) ;
#4475 = DIRECTION ( 'NONE',  ( -0.0000000000000000000, -1.000000000000000000, -0.0000000000000000000 ) ) ;
#4476 = EDGE_CURVE ( 'NONE', #3316, #4101, #5860, .T. ) ;
#4477 = ORIENTED_EDGE ( 'NONE', *, *, #5179, .T. ) ;
#4478 = PLANE ( 'NONE',  #4450 ) ;
#4479 = ORIENTED_EDGE ( 'NONE', *, *, #5818, .F. ) ;
#4480 = FACE_OUTER_BOUND ( 'NONE', #5251, .T. ) ;
#4481 = AXIS2_PLACEMENT_3D ( 'NONE', #6168, #5636, #2234 ) ;
#4482 = EDGE_LOOP ( 'NONE', ( #5787, #606, #4031, #5008, #5575, #1695, #5454, #1647 ) ) ;
#4483 = PRESENTATION_LAYER_ASSIGNMENT (  '', '', ( #5488 ) ) ;
#4484 = CARTESIAN_POINT ( 'NONE',  ( 0.0000000000000000000, 1.000000000000000000, 0.9499999999999999556 ) ) ;
#4485 = ORIENTED_EDGE ( 'NONE', *, *, #4514, .T. ) ;
#4486 = AXIS2_PLACEMENT_3D ( 'NONE', #5903, #4522, #1604 ) ;
#4487 = DIRECTION ( 'NONE',  ( 0.0000000000000000000, 0.0000000000000000000, -1.000000000000000000 ) ) ;
#4488 = DIRECTION ( 'NONE',  ( 0.0000000000000000000, 0.0000000000000000000, 1.000000000000000000 ) ) ;
#4489 = STYLED_ITEM ( 'NONE', ( #3442 ), #4755 ) ;
#4490 = PRESENTATION_LAYER_ASSIGNMENT (  '', '', ( #1794 ) ) ;
#4491 = CARTESIAN_POINT ( 'NONE',  ( -4.049999999999998934, 1.649999999999999911, -0.4499999999999999001 ) ) ;
#4492 = ORIENTED_EDGE ( 'NONE', *, *, #603, .F. ) ;
#4493 = CARTESIAN_POINT ( 'NONE',  ( 4.250000000000000000, -4.549999999999999822, -1.449999999999999956 ) ) ;
#4494 = VERTEX_POINT ( 'NONE', #3859 ) ;
#4495 = MECHANICAL_DESIGN_GEOMETRIC_PRESENTATION_REPRESENTATION (  '', ( #3500 ), #5307 ) ;
#4496 = DIRECTION ( 'NONE',  ( 0.0000000000000000000, 0.0000000000000000000, -1.000000000000000000 ) ) ;
#4497 = VERTEX_POINT ( 'NONE', #4414 ) ;
#4498 = EDGE_CURVE ( 'NONE', #2432, #4497, #3281, .T. ) ;
#4499 = DIRECTION ( 'NONE',  ( 1.000000000000000000, -0.0000000000000000000, 0.0000000000000000000 ) ) ;
#4500 = ORIENTED_EDGE ( 'NONE', *, *, #6011, .T. ) ;
#4501 = LINE ( 'NONE', #1103, #3202 ) ;
#4502 = FACE_OUTER_BOUND ( 'NONE', #3082, .T. ) ;
#4503 = LINE ( 'NONE', #5637, #2530 ) ;
#4504 = EDGE_CURVE ( 'NONE', #4127, #2320, #5338, .T. ) ;
#4505 = CARTESIAN_POINT ( 'NONE',  ( 0.3499999999999999778, 1.749999999999999778, -1.149999999999999911 ) ) ;
#4506 = ORIENTED_EDGE ( 'NONE', *, *, #934, .T. ) ;
#4507 = EDGE_CURVE ( 'NONE', #900, #5491, #3786, .T. ) ;
#4508 = DIRECTION ( 'NONE',  ( 0.0000000000000000000, 0.0000000000000000000, 1.000000000000000000 ) ) ;
#4509 = ORIENTED_EDGE ( 'NONE', *, *, #2155, .F. ) ;
#4510 = SURFACE_STYLE_USAGE ( .BOTH. , #4904 ) ;
#4511 = CIRCLE ( 'NONE', #2821, 0.1000000000000000472 ) ;
#4512 = VERTEX_POINT ( 'NONE', #1048 ) ;
#4513 = CARTESIAN_POINT ( 'NONE',  ( -0.2000000000000000111, 1.000000000000000000, 3.701099892519000178 ) ) ;
#4514 = EDGE_CURVE ( 'NONE', #3065, #668, #3922, .T. ) ;
#4515 = ADVANCED_FACE ( 'NONE', ( #2487 ), #1080, .F. ) ;
#4516 = MECHANICAL_DESIGN_GEOMETRIC_PRESENTATION_REPRESENTATION (  '', ( #4018 ), #5623 ) ;
#4517 = CARTESIAN_POINT ( 'NONE',  ( -0.2500000000000001665, -4.549999999999999822, -1.449999999999999956 ) ) ;
#4518 = DIRECTION ( 'NONE',  ( -1.000000000000000000, 0.0000000000000000000, -0.0000000000000000000 ) ) ;
#4519 = ORIENTED_EDGE ( 'NONE', *, *, #4087, .F. ) ;
#4520 = CARTESIAN_POINT ( 'NONE',  ( 2.250000000000000444, -4.549999999999999822, -1.149999999999999911 ) ) ;
#4521 = STYLED_ITEM ( 'NONE', ( #1890 ), #5849 ) ;
#4522 = DIRECTION ( 'NONE',  ( -1.000000000000000000, -0.0000000000000000000, -0.0000000000000000000 ) ) ;
#4523 = CARTESIAN_POINT ( 'NONE',  ( -0.5500000000000001554, 0.9000000000000000222, 3.449999999999999734 ) ) ;
#4524 = SURFACE_STYLE_USAGE ( .BOTH. , #726 ) ;
#4525 = ORIENTED_EDGE ( 'NONE', *, *, #3630, .T. ) ;
#4526 = DIRECTION ( 'NONE',  ( 0.0000000000000000000, 0.0000000000000000000, 1.000000000000000000 ) ) ;
#4527 = CARTESIAN_POINT ( 'NONE',  ( -0.1001672890646487790, -0.8094368937755479498, 3.450000413567472890 ) ) ;
#4528 = ORIENTED_EDGE ( 'NONE', *, *, #2121, .T. ) ;
#4529 = DIRECTION ( 'NONE',  ( 0.0000000000000000000, 0.0000000000000000000, -1.000000000000000000 ) ) ;
#4530 = FACE_OUTER_BOUND ( 'NONE', #2013, .T. ) ;
#4531 = DIRECTION ( 'NONE',  ( 0.0000000000000000000, 0.0000000000000000000, -1.000000000000000000 ) ) ;
#4532 = EDGE_LOOP ( 'NONE', ( #5908, #1564, #3002, #3334 ) ) ;
#4533 = CARTESIAN_POINT ( 'NONE',  ( -2.150000000000000799, 1.649999999999999911, -1.350000000000000089 ) ) ;
#4534 = ORIENTED_EDGE ( 'NONE', *, *, #5207, .T. ) ;
#4535 = LINE ( 'NONE', #4061, #4005 ) ;
#4536 = DIRECTION ( 'NONE',  ( 0.0000000000000000000, 0.0000000000000000000, 1.000000000000000000 ) ) ;
#4537 = LINE ( 'NONE', #5481, #5334 ) ;
#4538 = LINE ( 'NONE', #6014, #3969 ) ;
#4539 = EDGE_LOOP ( 'NONE', ( #383, #3565, #751, #3780 ) ) ;
#4540 = CARTESIAN_POINT ( 'NONE',  ( 3.819962439680785860, -1.762164124680902111, -1.350000000000000311 ) ) ;
#4541 = ORIENTED_EDGE ( 'NONE', *, *, #1026, .F. ) ;
#4542 = VECTOR ( 'NONE', #5317, 1000.000000000000000 ) ;
#4543 = FILL_AREA_STYLE_COLOUR ( '', #2654 ) ;
#4544 =( LENGTH_UNIT ( ) NAMED_UNIT ( * ) SI_UNIT ( .MILLI., .METRE. ) );
#4545 = ADVANCED_FACE ( 'NONE', ( #3887 ), #537, .F. ) ;
#4546 = VECTOR ( 'NONE', #5904, 1000.000000000000000 ) ;
#4547 = CARTESIAN_POINT ( 'NONE',  ( -0.1004999999602456257, 0.8141421356271199006, 3.449998749992386315 ) ) ;
#4548 = EDGE_LOOP ( 'NONE', ( #1683, #5509, #1202, #3833, #2772 ) ) ;
#4549 = CARTESIAN_POINT ( 'NONE',  ( -1.899999999999999911, -0.8000000000000000444, 3.350000000000000089 ) ) ;
#4550 = EDGE_CURVE ( 'NONE', #800, #2731, #4011, .T. ) ;
#4551 = DIRECTION ( 'NONE',  ( 0.0000000000000000000, 0.0000000000000000000, -1.000000000000000000 ) ) ;
#4552 = EDGE_CURVE ( 'NONE', #4797, #5999, #817, .T. ) ;
#4553 = CARTESIAN_POINT ( 'NONE',  ( -2.699999999999999734, 0.8499999999999999778, -2.049999999999999822 ) ) ;
#4554 = AXIS2_PLACEMENT_3D ( 'NONE', #3997, #696, #2589 ) ;
#4555 = FACE_OUTER_BOUND ( 'NONE', #5061, .T. ) ;
#4556 = VECTOR ( 'NONE', #3023, 1000.000000000000000 ) ;
#4557 = LINE ( 'NONE', #1636, #4786 ) ;
#4558 = ORIENTED_EDGE ( 'NONE', *, *, #2606, .T. ) ;
#4559 = DIRECTION ( 'NONE',  ( 0.0000000000000000000, 1.000000000000000000, 0.0000000000000000000 ) ) ;
#4560 = DIRECTION ( 'NONE',  ( 1.000000000000000000, 0.0000000000000000000, 0.0000000000000000000 ) ) ;
#4561 = CARTESIAN_POINT ( 'NONE',  ( 4.150000000000000355, 1.750000000000000000, 0.0000000000000000000 ) ) ;
#4562 = AXIS2_PLACEMENT_3D ( 'NONE', #4221, #3371, #2877 ) ;
#4563 = UNCERTAINTY_MEASURE_WITH_UNIT (LENGTH_MEASURE( 1.000000000000000082E-05 ), #3727, 'distance_accuracy_value', 'NONE');
#4564 =( LENGTH_UNIT ( ) NAMED_UNIT ( * ) SI_UNIT ( .MILLI., .METRE. ) );
#4565 =( GEOMETRIC_REPRESENTATION_CONTEXT ( 3 ) GLOBAL_UNCERTAINTY_ASSIGNED_CONTEXT ( ( #5821 ) ) GLOBAL_UNIT_ASSIGNED_CONTEXT ( ( #491, #3530, #5816 ) ) REPRESENTATION_CONTEXT ( 'NONE', 'WORKASPACE' ) );
#4566 = CARTESIAN_POINT ( 'NONE',  ( 2.149999999999999911, 2.250000000000000444, 0.0000000000000000000 ) ) ;
#4567 = DIRECTION ( 'NONE',  ( -0.0000000000000000000, 0.0000000000000000000, -1.000000000000000000 ) ) ;
#4568 = VERTEX_POINT ( 'NONE', #685 ) ;
#4569 = CARTESIAN_POINT ( 'NONE',  ( 4.149999999999999467, 1.720710678118654746, -0.4207106781186547573 ) ) ;
#4570 = CARTESIAN_POINT ( 'NONE',  ( 2.149999999999999911, -2.850000000000000089, -1.149999999999999911 ) ) ;
#4571 = VECTOR ( 'NONE', #2144, 1000.000000000000000 ) ;
#4572 = CARTESIAN_POINT ( 'NONE',  ( -3.920710678118655146, 1.720710678118654746, -1.350000000000000533 ) ) ;
#4573 = CARTESIAN_POINT ( 'NONE',  ( 4.149333577425369235, 1.649333577425369457, 1.449995558710895249 ) ) ;
#4574 = ORIENTED_EDGE ( 'NONE', *, *, #5628, .T. ) ;
#4575 = ORIENTED_EDGE ( 'NONE', *, *, #5771, .F. ) ;
#4576 = AXIS2_PLACEMENT_3D ( 'NONE', #5098, #47, #4331 ) ;
#4577 = CARTESIAN_POINT ( 'NONE',  ( -4.049999999999999822, -1.750000000000000000, -0.3500000000000000888 ) ) ;
#4578 = CARTESIAN_POINT ( 'NONE',  ( 15.33060000000000223, -1.649999999999999911, 1.350000000000000089 ) ) ;
#4579 = LINE ( 'NONE', #1785, #2991 ) ;
#4580 = AXIS2_PLACEMENT_3D ( 'NONE', #1446, #564, #4349 ) ;
#4581 = CARTESIAN_POINT ( 'NONE',  ( -0.1030088703380543647, 0.8352644988544900562, 3.449958917501882105 ) ) ;
#4582 = DIRECTION ( 'NONE',  ( 0.0000000000000000000, 0.0000000000000000000, 1.000000000000000000 ) ) ;
#4583 = EDGE_CURVE ( 'NONE', #1333, #2521, #4962, .T. ) ;
#4584 = MECHANICAL_DESIGN_GEOMETRIC_PRESENTATION_REPRESENTATION (  '', ( #1992 ), #1485 ) ;
#4585 = DIRECTION ( 'NONE',  ( -0.7071067811865474617, 0.0000000000000000000, -0.7071067811865474617 ) ) ;
#4586 = DIRECTION ( 'NONE',  ( 1.000000000000000000, 0.0000000000000000000, 0.0000000000000000000 ) ) ;
#4587 = VECTOR ( 'NONE', #5953, 1000.000000000000000 ) ;
#4588 = ADVANCED_FACE ( 'NONE', ( #654 ), #5027, .T. ) ;
#4589 = VECTOR ( 'NONE', #5461, 1000.000000000000000 ) ;
#4590 = LINE ( 'NONE', #291, #2946 ) ;
#4591 = DIRECTION ( 'NONE',  ( 0.0000000000000000000, 0.0000000000000000000, 1.000000000000000000 ) ) ;
#4592 = ORIENTED_EDGE ( 'NONE', *, *, #6071, .T. ) ;
#4593 = CARTESIAN_POINT ( 'NONE',  ( -2.250000000000000444, -4.549999999999999822, -1.149999999999999911 ) ) ;
#4594 = CARTESIAN_POINT ( 'NONE',  ( 2.150000000000000799, -1.649999999999999911, -1.350000000000000089 ) ) ;
#4595 = SURFACE_STYLE_USAGE ( .BOTH. , #1184 ) ;
#4596 = VECTOR ( 'NONE', #1944, 1000.000000000000000 ) ;
#4597 = LINE ( 'NONE', #2227, #1390 ) ;
#4598 = ADVANCED_FACE ( 'NONE', ( #3542 ), #3514, .F. ) ;
#4599 = CARTESIAN_POINT ( 'NONE',  ( -1.800000000000000266, -0.8000000000000000444, 10.61979999999999968 ) ) ;
#4600 = VECTOR ( 'NONE', #5319, 1000.000000000000000 ) ;
#4601 = CARTESIAN_POINT ( 'NONE',  ( -4.049999999999999822, 1.750000000000000000, -0.3499999999999999778 ) ) ;
#4602 = PLANE ( 'NONE',  #1445 ) ;
#4603 = ORIENTED_EDGE ( 'NONE', *, *, #1600, .F. ) ;
#4604 = CARTESIAN_POINT ( 'NONE',  ( 2.850000000000000089, -1.750000000000000000, 0.0000000000000000000 ) ) ;
#4605 = DIRECTION ( 'NONE',  ( -1.000000000000000000, 0.0000000000000000000, 0.0000000000000000000 ) ) ;
#4606 = CARTESIAN_POINT ( 'NONE',  ( 3.649999999999999911, -0.8499999999999999778, -1.750000000000000000 ) ) ;
#4607 = DIRECTION ( 'NONE',  ( -1.000000000000000000, -0.0000000000000000000, 0.0000000000000000000 ) ) ;
#4608 = FACE_OUTER_BOUND ( 'NONE', #973, .T. ) ;
#4609 = ORIENTED_EDGE ( 'NONE', *, *, #5425, .T. ) ;
#4610 = ORIENTED_EDGE ( 'NONE', *, *, #3977, .T. ) ;
#4611 = CYLINDRICAL_SURFACE ( 'NONE', #5399, 0.09999999999999982514 ) ;
#4612 = DIRECTION ( 'NONE',  ( -1.000000000000000000, 0.0000000000000000000, 0.0000000000000000000 ) ) ;
#4613 = VECTOR ( 'NONE', #3815, 1000.000000000000000 ) ;
#4614 = LINE ( 'NONE', #4680, #4812 ) ;
#4615 = PLANE ( 'NONE',  #5820 ) ;
#4616 = CARTESIAN_POINT ( 'NONE',  ( -1.100000000000000533, 1.000000000000000000, 3.408578643762690596 ) ) ;
#4617 = ORIENTED_EDGE ( 'NONE', *, *, #4051, .F. ) ;
#4618 = VECTOR ( 'NONE', #3999, 1000.000000000000000 ) ;
#4619 = PLANE ( 'NONE',  #796 ) ;
#4620 = ORIENTED_EDGE ( 'NONE', *, *, #3404, .T. ) ;
#4621 = CARTESIAN_POINT ( 'NONE',  ( 0.0000000000000000000, -1.750000000000000000, -1.350000000000000089 ) ) ;
#4622 = DIRECTION ( 'NONE',  ( -0.0000000000000000000, -1.000000000000000000, -0.0000000000000000000 ) ) ;
#4623 = VECTOR ( 'NONE', #287, 1000.000000000000000 ) ;
#4624 = EDGE_CURVE ( 'NONE', #1215, #2320, #4677, .T. ) ;
#4625 = CYLINDRICAL_SURFACE ( 'NONE', #1948, 0.09999999999999982514 ) ;
#4626 = CARTESIAN_POINT ( 'NONE',  ( 0.0000000000000000000, 1.750000000000000000, -1.149999999999999911 ) ) ;
#4627 = VERTEX_POINT ( 'NONE', #410 ) ;
#4628 = SURFACE_STYLE_FILL_AREA ( #6000 ) ;
#4629 = VECTOR ( 'NONE', #1074, 1000.000000000000000 ) ;
#4630 = DIRECTION ( 'NONE',  ( 1.000000000000000000, 0.0000000000000000000, 0.0000000000000000000 ) ) ;
#4631 = B_SPLINE_CURVE_WITH_KNOTS ( 'NONE', 3,
 ( #4163, #5956, #4042, #838, #3580, #1295, #5615, #315, #5988, #3160, #4130, #866, #349, #5060, #2247, #6052, #1755, #1662, #4650, #4100, #4581, #806, #4071, #6021, #5031, #776, #3133, #4547, #1789, #3195, #2668 ),
 .UNSPECIFIED., .F., .F.,
 ( 4, 3, 3, 3, 3, 3, 3, 3, 3, 3, 4 ),
 ( 1.279955654208778437E-17, 2.602838784437092002E-05, 5.189248674021135899E-05, 8.630950770195373704E-05, 0.0001342656688446053543, 0.0001976404681354976094, 0.0002288238339620267837, 0.0002478949063900404647, 0.0002598006290048341933, 0.0002626818547397990274, 0.0002768328264950846332 ),
 .UNSPECIFIED. ) ;
#4632 = ADVANCED_FACE ( 'NONE', ( #5148 ), #1887, .T. ) ;
#4633 = FILL_AREA_STYLE_COLOUR ( '', #5646 ) ;
#4634 = CARTESIAN_POINT ( 'NONE',  ( 4.220710678118655856, -1.649999999999999911, -0.4207106781186553124 ) ) ;
#4635 = ORIENTED_EDGE ( 'NONE', *, *, #3711, .F. ) ;
#4636 = LINE ( 'NONE', #4666, #5613 ) ;
#4637 = CARTESIAN_POINT ( 'NONE',  ( -1.000000000000000000, 6.312599999999999767, 3.350000000000000089 ) ) ;
#4638 = DIRECTION ( 'NONE',  ( 0.0000000000000000000, -1.000000000000000000, 0.0000000000000000000 ) ) ;
#4639 = ADVANCED_FACE ( 'NONE', ( #862 ), #3288, .F. ) ;
#4640 = EDGE_CURVE ( 'NONE', #341, #5703, #6111, .T. ) ;
#4641 = CARTESIAN_POINT ( 'NONE',  ( 3.891063282180844407, 1.750551775759737527, -1.391063282180843075 ) ) ;
#4642 = CARTESIAN_POINT ( 'NONE',  ( 4.262164124680904997, -1.650000000000000577, -0.3199624396807844717 ) ) ;
#4643 = ORIENTED_EDGE ( 'NONE', *, *, #6011, .F. ) ;
#4644 = ORIENTED_EDGE ( 'NONE', *, *, #1869, .T. ) ;
#4645 = CARTESIAN_POINT ( 'NONE',  ( -1.100000000000000089, 1.000000000000000000, 3.701099892519000178 ) ) ;
#4646 = CARTESIAN_POINT ( 'NONE',  ( -0.3499999999999997002, -1.649999999999999911, -1.449999999999999956 ) ) ;
#4647 = SURFACE_STYLE_USAGE ( .BOTH. , #2666 ) ;
#4648 = CARTESIAN_POINT ( 'NONE',  ( -2.850000000000000089, -2.850000000000000089, -1.449999999999999956 ) ) ;
#4649 =( BOUNDED_SURFACE ( )  B_SPLINE_SURFACE ( 3, 3, ( 
 ( #3401, #5844, #1549, #4949 ),
 ( #4825, #4458, #3465, #548 ),
 ( #4425, #2434, #1964, #2532 ),
 ( #2966, #5350, #4369, #5782 ) ),
 .UNSPECIFIED., .F., .F., .F. ) 
 B_SPLINE_SURFACE_WITH_KNOTS ( ( 4, 4 ),
 ( 4, 4 ),
 ( 0.0000000000000000000, 1.000000000000000000 ),
 ( 0.0000000000000000000, 1.000000000000000000 ),
 .UNSPECIFIED. ) 
 GEOMETRIC_REPRESENTATION_ITEM ( )  RATIONAL_B_SPLINE_SURFACE ( (
 ( 1.000000000000000000, 0.8025111864827928487, 0.8025111864827928487, 1.000000000000000000),
 ( 0.8025012098296919749, 0.6440161980543027687, 0.6440161980543027687, 0.8025012098296919749),
 ( 0.8025012098296919749, 0.6440161980543027687, 0.6440161980543027687, 0.8025012098296919749),
 ( 1.000000000000000000, 0.8025111864827928487, 0.8025111864827928487, 1.000000000000000000) ) ) 
 REPRESENTATION_ITEM ( '' )  SURFACE ( )  );
#4650 = CARTESIAN_POINT ( 'NONE',  ( -0.1057057416315654030, 0.8477733885552067861, 3.449837089863606376 ) ) ;
#4651 = ORIENTED_EDGE ( 'NONE', *, *, #5179, .F. ) ;
#4652 = ORIENTED_EDGE ( 'NONE', *, *, #1836, .T. ) ;
#4653 = VERTEX_POINT ( 'NONE', #920 ) ;
#4654 = DIRECTION ( 'NONE',  ( -1.000000000000000000, 0.0000000000000000000, -0.0000000000000000000 ) ) ;
#4655 = CARTESIAN_POINT ( 'NONE',  ( 4.049999999999999822, 1.750000000000000000, -0.3500000000000000333 ) ) ;
#4656 = PRESENTATION_LAYER_ASSIGNMENT (  '', '', ( #3042 ) ) ;
#4657 = CARTESIAN_POINT ( 'NONE',  ( -3.932713191421225218, 1.649413372940462974, -1.450551775759737261 ) ) ;
#4658 = CARTESIAN_POINT ( 'NONE',  ( -3.950000000000000178, -1.650000000000000133, -1.350000000000000311 ) ) ;
#4659 = ORIENTED_EDGE ( 'NONE', *, *, #3015, .F. ) ;
#4660 = CARTESIAN_POINT ( 'NONE',  ( 3.649999999999999911, 0.8499999999999999778, -2.049999999999999822 ) ) ;
#4661 = CARTESIAN_POINT ( 'NONE',  ( 2.250000000000000444, -4.549999999999999822, -1.149999999999999911 ) ) ;
#4662 = CARTESIAN_POINT ( 'NONE',  ( 3.908578643762689708, 1.750000000000000222, -0.4671572875253809931 ) ) ;
#4663 = FACE_OUTER_BOUND ( 'NONE', #2762, .T. ) ;
#4664 = FILL_AREA_STYLE ('',( #2787 ) ) ;
#4665 = VECTOR ( 'NONE', #764, 1000.000000000000000 ) ;
#4666 = CARTESIAN_POINT ( 'NONE',  ( -0.6500000000000001332, -1.000000000000000000, 3.701099892519000178 ) ) ;
#4667 = CARTESIAN_POINT ( 'NONE',  ( -15.33060000000000223, 1.649999999999999911, 1.350000000000000089 ) ) ;
#4668 = ADVANCED_FACE ( 'NONE', ( #2827 ), #4611, .F. ) ;
#4669 = CARTESIAN_POINT ( 'NONE',  ( -2.150000000000000355, -1.750000000000000000, -1.350000000000000089 ) ) ;
#4670 = LINE ( 'NONE', #6107, #5723 ) ;
#4671 =( GEOMETRIC_REPRESENTATION_CONTEXT ( 3 ) GLOBAL_UNCERTAINTY_ASSIGNED_CONTEXT ( ( #1067 ) ) GLOBAL_UNIT_ASSIGNED_CONTEXT ( ( #6063, #2713, #359 ) ) REPRESENTATION_CONTEXT ( 'NONE', 'WORKASPACE' ) );
#4672 = EDGE_CURVE ( 'NONE', #2378, #4293, #3853, .T. ) ;
#4673 = CARTESIAN_POINT ( 'NONE',  ( 15.33060000000000223, 1.649999999999999911, -1.350000000000000089 ) ) ;
#4674 = EDGE_CURVE ( 'NONE', #69, #3440, #61, .T. ) ;
#4675 = ORIENTED_EDGE ( 'NONE', *, *, #2081, .F. ) ;
#4676 = EDGE_LOOP ( 'NONE', ( #3896, #1253, #1885 ) ) ;
#4677 = LINE ( 'NONE', #2799, #5788 ) ;
#4678 = PLANE ( 'NONE',  #582 ) ;
#4679 = VECTOR ( 'NONE', #2057, 1000.000000000000000 ) ;
#4680 = CARTESIAN_POINT ( 'NONE',  ( 2.750000000000000000, 2.100000000000000089, -1.149999999999999911 ) ) ;
#4681 = LINE ( 'NONE', #4263, #1715 ) ;
#4682 = EDGE_CURVE ( 'NONE', #2170, #4976, #4388, .T. ) ;
#4683 = VECTOR ( 'NONE', #2541, 1000.000000000000000 ) ;
#4684 = DIRECTION ( 'NONE',  ( 0.0000000000000000000, 0.7071067811865483499, -0.7071067811865466846 ) ) ;
#4685 = VERTEX_POINT ( 'NONE', #2913 ) ;
#4686 = DIRECTION ( 'NONE',  ( -0.0000000000000000000, 1.000000000000000000, -0.0000000000000000000 ) ) ;
#4687 = DIRECTION ( 'NONE',  ( 1.000000000000000000, 0.0000000000000000000, 0.0000000000000000000 ) ) ;
#4688 = ORIENTED_EDGE ( 'NONE', *, *, #6126, .T. ) ;
#4689 = CARTESIAN_POINT ( 'NONE',  ( -3.778626039772344569, -1.708576042115749871, -1.420041115078394922 ) ) ;
#4690 =( BOUNDED_CURVE ( )  B_SPLINE_CURVE ( 3, ( #766, #2657, #1620, #3125 ),
 .UNSPECIFIED., .F., .T. ) 
 B_SPLINE_CURVE_WITH_KNOTS ( ( 4, 4 ),
 ( 0.0000000000000000000, 1.570796326794896558 ),
 .UNSPECIFIED. ) 
 CURVE ( )  GEOMETRIC_REPRESENTATION_ITEM ( )  RATIONAL_B_SPLINE_CURVE ( ( 1.000000000000000000, 0.8047378541243649375, 0.8047378541243649375, 1.000000000000000000 ) ) 
 REPRESENTATION_ITEM ( '' )  );
#4691 = CARTESIAN_POINT ( 'NONE',  ( 0.0000000000000000000, 1.449999999999999956, -2.049999999999999822 ) ) ;
#4692 = CARTESIAN_POINT ( 'NONE',  ( 2.850000000000000089, 2.250000000000000444, -1.449999999999999956 ) ) ;
#4693 = ORIENTED_EDGE ( 'NONE', *, *, #3359, .F. ) ;
#4694 = AXIS2_PLACEMENT_3D ( 'NONE', #4960, #4508, #683 ) ;
#4695 = CARTESIAN_POINT ( 'NONE',  ( 3.962442236293276743, -1.678979119944034037, -1.384571554749779887 ) ) ;
#4696 = DIRECTION ( 'NONE',  ( 0.0000000000000000000, 0.0000000000000000000, -1.000000000000000000 ) ) ;
#4697 = CARTESIAN_POINT ( 'NONE',  ( 4.050000000000000711, 1.708578643762690863, -0.4500000000000000666 ) ) ;
#4698 = VECTOR ( 'NONE', #4176, 1000.000000000000000 ) ;
#4699 = FILL_AREA_STYLE_COLOUR ( '', #3640 ) ;
#4700 = CARTESIAN_POINT ( 'NONE',  ( 3.649999999999999911, 0.8499999999999999778, -2.049999999999999822 ) ) ;
#4701 = DIRECTION ( 'NONE',  ( 0.0000000000000000000, 0.0000000000000000000, -1.000000000000000000 ) ) ;
#4702 = PRESENTATION_LAYER_ASSIGNMENT (  '', '', ( #1995 ) ) ;
#4703 = EDGE_LOOP ( 'NONE', ( #37, #1629, #2468, #2061 ) ) ;
#4704 = AXIS2_PLACEMENT_3D ( 'NONE', #1151, #5504, #4531 ) ;
#4705 = CARTESIAN_POINT ( 'NONE',  ( -0.1000000000003752609, 0.8000000000000151434, 3.350000000000595612 ) ) ;
#4706 = CARTESIAN_POINT ( 'NONE',  ( -4.149999999999998579, 1.578626039772358158, 1.420041115078380711 ) ) ;
#4707 = DIRECTION ( 'NONE',  ( 0.0000000000000000000, -0.0000000000000000000, -1.000000000000000000 ) ) ;
#4708 = CARTESIAN_POINT ( 'NONE',  ( 0.3499999999999999778, 2.100000000000000089, -1.449999999999999956 ) ) ;
#4709 = UNCERTAINTY_MEASURE_WITH_UNIT (LENGTH_MEASURE( 1.000000000000000082E-05 ), #2830, 'distance_accuracy_value', 'NONE');
#4710 = VECTOR ( 'NONE', #4238, 1000.000000000000000 ) ;
#4711 = EDGE_CURVE ( 'NONE', #3340, #4131, #2477, .T. ) ;
#4712 = CARTESIAN_POINT ( 'NONE',  ( -4.232713191421224153, -1.750551775759738637, 1.349413372940470035 ) ) ;
#4713 = ORIENTED_EDGE ( 'NONE', *, *, #637, .T. ) ;
#4714 = LINE ( 'NONE', #529, #2398 ) ;
#4715 = ORIENTED_EDGE ( 'NONE', *, *, #6089, .T. ) ;
#4716 = DIRECTION ( 'NONE',  ( -1.000000000000000000, 0.0000000000000000000, 0.0000000000000000000 ) ) ;
#4717 = CIRCLE ( 'NONE', #527, 0.1000000000000001443 ) ;
#4718 = DIRECTION ( 'NONE',  ( 0.0000000000000000000, -1.000000000000000000, 0.0000000000000000000 ) ) ;
#4719 = DIRECTION ( 'NONE',  ( -1.000000000000000000, -0.0000000000000000000, -0.0000000000000000000 ) ) ;
#4720 = ORIENTED_EDGE ( 'NONE', *, *, #5628, .F. ) ;
#4721 = CYLINDRICAL_SURFACE ( 'NONE', #1480, 0.1000000000000002554 ) ;
#4722 = CARTESIAN_POINT ( 'NONE',  ( -0.5500000000000001554, 0.9000000000000000222, 3.449999999999999734 ) ) ;
#4723 = ORIENTED_EDGE ( 'NONE', *, *, #5325, .T. ) ;
#4724 = CARTESIAN_POINT ( 'NONE',  ( -4.149999999999996803, 1.762164124680901889, 1.319962439680784527 ) ) ;
#4725 = DIRECTION ( 'NONE',  ( 0.0000000000000000000, 0.0000000000000000000, 1.000000000000000000 ) ) ;
#4726 = ADVANCED_FACE ( 'NONE', ( #4379 ), #2444, .T. ) ;
#4727 =( GEOMETRIC_REPRESENTATION_CONTEXT ( 3 ) GLOBAL_UNCERTAINTY_ASSIGNED_CONTEXT ( ( #476 ) ) GLOBAL_UNIT_ASSIGNED_CONTEXT ( ( #1367, #6104, #4738 ) ) REPRESENTATION_CONTEXT ( 'NONE', 'WORKASPACE' ) );
#4728 = CARTESIAN_POINT ( 'NONE',  ( 2.149999999999999911, -5.179999999999999716, -1.149999999999999911 ) ) ;
#4729 = ORIENTED_EDGE ( 'NONE', *, *, #2914, .T. ) ;
#4730 = CARTESIAN_POINT ( 'NONE',  ( -4.250551775759735307, -1.691063282180843785, -0.3910632821808433524 ) ) ;
#4731 =( BOUNDED_SURFACE ( )  B_SPLINE_SURFACE ( 3, 3, ( 
 ( #1767, #5163, #3211, #907 ),
 ( #2323, #360, #4662, #5562 ),
 ( #4697, #6098, #3175, #849 ),
 ( #6131, #2257, #2714, #6159 ) ),
 .UNSPECIFIED., .F., .F., .F. ) 
 B_SPLINE_SURFACE_WITH_KNOTS ( ( 4, 4 ),
 ( 4, 4 ),
 ( 0.0000000000000000000, 1.000000000000000000 ),
 ( 0.0000000000000000000, 1.000000000000000000 ),
 .UNSPECIFIED. ) 
 GEOMETRIC_REPRESENTATION_ITEM ( )  RATIONAL_B_SPLINE_SURFACE ( (
 ( 1.000000000000000000, 0.8047378541243648264, 0.8047378541243648264, 1.000000000000000000),
 ( 0.8047378541243646044, 0.6476030138606873043, 0.6476030138606873043, 0.8047378541243646044),
 ( 0.8047378541243646044, 0.6476030138606873043, 0.6476030138606873043, 0.8047378541243646044),
 ( 1.000000000000000000, 0.8047378541243648264, 0.8047378541243648264, 1.000000000000000000) ) ) 
 REPRESENTATION_ITEM ( '' )  SURFACE ( )  );
#4732 = CARTESIAN_POINT ( 'NONE',  ( -0.2000000000000000111, 1.000000000000000000, 3.194642898114000040 ) ) ;
#4733 = VECTOR ( 'NONE', #2682, 1000.000000000000000 ) ;
#4734 = CARTESIAN_POINT ( 'NONE',  ( -2.149999999999999911, -2.850000000000000089, -1.449999999999999956 ) ) ;
#4735 = DIRECTION ( 'NONE',  ( 1.000000000000000000, 0.0000000000000000000, 0.0000000000000000000 ) ) ;
#4736 = VECTOR ( 'NONE', #1954, 1000.000000000000000 ) ;
#4737 = ORIENTED_EDGE ( 'NONE', *, *, #673, .T. ) ;
#4738 =( NAMED_UNIT ( * ) SI_UNIT ( $, .STERADIAN. ) SOLID_ANGLE_UNIT ( ) );
#4739 = DIRECTION ( 'NONE',  ( 1.000000000000000000, 0.0000000000000000000, -0.0000000000000000000 ) ) ;
#4740 = FACE_OUTER_BOUND ( 'NONE', #4043, .T. ) ;
#4741 = MECHANICAL_DESIGN_GEOMETRIC_PRESENTATION_REPRESENTATION (  '', ( #4223 ), #4114 ) ;
#4742 = CARTESIAN_POINT ( 'NONE',  ( 3.920710678118655146, 1.650000000000000355, -1.420710678118654924 ) ) ;
#4743 = EDGE_LOOP ( 'NONE', ( #1972, #1156, #2045, #2350 ) ) ;
#4744 = FACE_OUTER_BOUND ( 'NONE', #3238, .T. ) ;
#4745 = ORIENTED_EDGE ( 'NONE', *, *, #3670, .T. ) ;
#4746 = LINE ( 'NONE', #3379, #6166 ) ;
#4747 = ADVANCED_FACE ( 'NONE', ( #1973 ), #2884, .T. ) ;
#4748 = DIRECTION ( 'NONE',  ( -0.0000000000000000000, 0.0000000000000000000, -1.000000000000000000 ) ) ;
#4749 = CARTESIAN_POINT ( 'NONE',  ( 3.962164124680902955, 1.650000000000000799, -1.319962439680784527 ) ) ;
#4750 = ORIENTED_EDGE ( 'NONE', *, *, #4507, .T. ) ;
#4751 = DIRECTION ( 'NONE',  ( -1.000000000000000000, 0.0000000000000000000, 0.0000000000000000000 ) ) ;
#4752 = CARTESIAN_POINT ( 'NONE',  ( -1.550000000000000266, 1.000000000000000000, 3.350000000000000089 ) ) ;
#4753 = ORIENTED_EDGE ( 'NONE', *, *, #3661, .T. ) ;
#4754 = DIRECTION ( 'NONE',  ( 0.0000000000000000000, 0.0000000000000000000, 1.000000000000000000 ) ) ;
#4755 = ADVANCED_FACE ( 'NONE', ( #121 ), #1530, .F. ) ;
#4756 = LINE ( 'NONE', #4268, #4085 ) ;
#4757 = DIRECTION ( 'NONE',  ( -0.0000000000000000000, 1.000000000000000000, -0.0000000000000000000 ) ) ;
#4758 = ADVANCED_FACE ( 'NONE', ( #5733 ), #1439, .T. ) ;
#4759 = VERTEX_POINT ( 'NONE', #1651 ) ;
#4760 = ADVANCED_FACE ( 'NONE', ( #3568 ), #627, .T. ) ;
#4761 =( GEOMETRIC_REPRESENTATION_CONTEXT ( 3 ) GLOBAL_UNCERTAINTY_ASSIGNED_CONTEXT ( ( #1881 ) ) GLOBAL_UNIT_ASSIGNED_CONTEXT ( ( #4564, #3272, #5663 ) ) REPRESENTATION_CONTEXT ( 'NONE', 'WORKASPACE' ) );
#4762 = CARTESIAN_POINT ( 'NONE',  ( -0.6085786437626906631, -0.9585786437626905299, 3.449999999999999734 ) ) ;
#4763 = CARTESIAN_POINT ( 'NONE',  ( -3.850000000000000089, -1.649999999999988365, -1.449999999999999956 ) ) ;
#4764 = AXIS2_PLACEMENT_3D ( 'NONE', #5823, #1155, #1528 ) ;
#4765 = CARTESIAN_POINT ( 'NONE',  ( -3.650000000000000355, 1.449999999999999956, -1.449999999999999956 ) ) ;
#4766 = CARTESIAN_POINT ( 'NONE',  ( -1.800000000000000266, 0.8000000000000000444, 0.9499999999999995115 ) ) ;
#4767 = VERTEX_POINT ( 'NONE', #647 ) ;
#4768 =( NAMED_UNIT ( * ) SI_UNIT ( $, .STERADIAN. ) SOLID_ANGLE_UNIT ( ) );
#4769 = SURFACE_SIDE_STYLE ('',( #2358 ) ) ;
#4770 = DIRECTION ( 'NONE',  ( 0.0000000000000000000, 0.0000000000000000000, -1.000000000000000000 ) ) ;
#4771 = UNCERTAINTY_MEASURE_WITH_UNIT (LENGTH_MEASURE( 1.000000000000000082E-05 ), #5725, 'distance_accuracy_value', 'NONE');
#4772 = VERTEX_POINT ( 'NONE', #1192 ) ;
#4773 = CARTESIAN_POINT ( 'NONE',  ( -3.920710678118656034, -1.709017335549510186, -1.420710678118654924 ) ) ;
#4774 = ORIENTED_EDGE ( 'NONE', *, *, #5065, .T. ) ;
#4775 = CARTESIAN_POINT ( 'NONE',  ( -4.150000000000000355, 1.650000000000000355, -0.3499999999999999778 ) ) ;
#4776 =( LENGTH_UNIT ( ) NAMED_UNIT ( * ) SI_UNIT ( .MILLI., .METRE. ) );
#4777 = PRESENTATION_STYLE_ASSIGNMENT (( #1889 ) ) ;
#4778 = PRESENTATION_LAYER_ASSIGNMENT (  '', '', ( #586 ) ) ;
#4779 = DIRECTION ( 'NONE',  ( 0.0000000000000000000, -2.168404344971008868E-15, -1.000000000000000000 ) ) ;
#4780 = CARTESIAN_POINT ( 'NONE',  ( 3.920710678118655590, 1.709017335549511074, -1.420710678118654924 ) ) ;
#4781 = ORIENTED_EDGE ( 'NONE', *, *, #5403, .T. ) ;
#4782 = SURFACE_STYLE_USAGE ( .BOTH. , #1420 ) ;
#4783 = VECTOR ( 'NONE', #4215, 1000.000000000000000 ) ;
#4784 = ORIENTED_EDGE ( 'NONE', *, *, #5534, .F. ) ;
#4785 = CARTESIAN_POINT ( 'NONE',  ( -4.208901866519354051, 1.762164124680903665, 1.319962439680783417 ) ) ;
#4786 = VECTOR ( 'NONE', #2555, 1000.000000000000000 ) ;
#4787 = FACE_OUTER_BOUND ( 'NONE', #4790, .T. ) ;
#4788 = EDGE_CURVE ( 'NONE', #4293, #2721, #1131, .T. ) ;
#4789 = CARTESIAN_POINT ( 'NONE',  ( -3.849413372940452494, 1.732713191421236587, -1.450551775759737039 ) ) ;
#4790 = EDGE_LOOP ( 'NONE', ( #4723, #4753, #2108, #2068, #5094 ) ) ;
#4791 = VECTOR ( 'NONE', #3989, 1000.000000000000000 ) ;
#4792 = SURFACE_STYLE_FILL_AREA ( #107 ) ;
#4793 = CARTESIAN_POINT ( 'NONE',  ( 3.950000000000000178, 1.750000000000000000, -0.5500000000000000444 ) ) ;
#4794 = EDGE_CURVE ( 'NONE', #1385, #3567, #4501, .T. ) ;
#4795 = AXIS2_PLACEMENT_3D ( 'NONE', #4934, #1623, #2080 ) ;
#4796 = DIRECTION ( 'NONE',  ( 0.0000000000000000000, 0.0000000000000000000, 1.000000000000000000 ) ) ;
#4797 = VERTEX_POINT ( 'NONE', #3122 ) ;
#4798 = SURFACE_STYLE_FILL_AREA ( #2003 ) ;
#4799 = DIRECTION ( 'NONE',  ( -1.000000000000000000, 0.0000000000000000000, 0.0000000000000000000 ) ) ;
#4800 = CARTESIAN_POINT ( 'NONE',  ( -1.250000000000000000, 1.000000000000000000, 3.294642898114000129 ) ) ;
#4801 = CIRCLE ( 'NONE', #2194, 0.09999999999999997780 ) ;
#4802 = EDGE_CURVE ( 'NONE', #6083, #1657, #2141, .T. ) ;
#4803 = EDGE_CURVE ( 'NONE', #1376, #3420, #4535, .T. ) ;
#4804 = VERTEX_POINT ( 'NONE', #3034 ) ;
#4805 = AXIS2_PLACEMENT_3D ( 'NONE', #5, #327, #951 ) ;
#4806 = AXIS2_PLACEMENT_3D ( 'NONE', #4075, #874, #3611 ) ;
#4807 = DIRECTION ( 'NONE',  ( 0.0000000000000000000, -1.000000000000000000, -0.0000000000000000000 ) ) ;
#4808 = VERTEX_POINT ( 'NONE', #5049 ) ;
#4809 = DIRECTION ( 'NONE',  ( 1.000000000000000000, 0.0000000000000000000, -0.0000000000000000000 ) ) ;
#4810 = CARTESIAN_POINT ( 'NONE',  ( -4.049999999999999822, 1.750000000000000000, -0.3499999999999999778 ) ) ;
#4811 = DIRECTION ( 'NONE',  ( 0.0000000000000000000, -2.168404344971007685E-15, 1.000000000000000000 ) ) ;
#4812 = VECTOR ( 'NONE', #5058, 1000.000000000000000 ) ;
#4813 = CARTESIAN_POINT ( 'NONE',  ( 0.0000000000000000000, -4.549999999999999822, 0.0000000000000000000 ) ) ;
#4814 = COLOUR_RGB ( '',0.9294117647058823817, 0.9294117647058823817, 0.9372549019607843146 ) ;
#4815 = CARTESIAN_POINT ( 'NONE',  ( -1.449999999999999956, 0.9000000000000000222, 3.449999999999999734 ) ) ;
#4816 = ORIENTED_EDGE ( 'NONE', *, *, #3207, .T. ) ;
#4817 = LINE ( 'NONE', #1858, #5915 ) ;
#4818 = FILL_AREA_STYLE ('',( #3299 ) ) ;
#4819 = DIRECTION ( 'NONE',  ( -0.4472135954999979512, -0.8944271909998958714, 0.0000000000000000000 ) ) ;
#4820 = EDGE_LOOP ( 'NONE', ( #1505, #256, #1061 ) ) ;
#4821 = CYLINDRICAL_SURFACE ( 'NONE', #1218, 0.09999999999999982514 ) ;
#4822 = CARTESIAN_POINT ( 'NONE',  ( 2.150000000000000355, 1.649999999999999911, -1.449999999999999956 ) ) ;
#4823 = AXIS2_PLACEMENT_3D ( 'NONE', #4705, #5111, #5170 ) ;
#4824 = ADVANCED_FACE ( 'NONE', ( #5510 ), #5947, .F. ) ;
#4825 = CARTESIAN_POINT ( 'NONE',  ( -1.999999999999999556, 0.7999999997852498268, 3.409019300807195396 ) ) ;
#4826 = EDGE_LOOP ( 'NONE', ( #1270, #4064, #5620 ) ) ;
#4827 = EDGE_CURVE ( 'NONE', #4046, #4954, #6013, .T. ) ;
#4828 = DIRECTION ( 'NONE',  ( 1.000000000000000000, 0.0000000000000000000, 0.0000000000000000000 ) ) ;
#4829 = AXIS2_PLACEMENT_3D ( 'NONE', #2372, #1018, #954 ) ;
#4830 = APPLICATION_CONTEXT ( 'automotive_design' ) ;
#4831 = FILL_AREA_STYLE ('',( #5416 ) ) ;
#4832 = EDGE_CURVE ( 'NONE', #4833, #294, #3305, .T. ) ;
#4833 = VERTEX_POINT ( 'NONE', #4569 ) ;
#4834 = EDGE_CURVE ( 'NONE', #3409, #3136, #2705, .T. ) ;
#4835 = CARTESIAN_POINT ( 'NONE',  ( -2.250000000000000444, -3.049999999999999822, -1.149999999999999911 ) ) ;
#4836 = FACE_OUTER_BOUND ( 'NONE', #4548, .T. ) ;
#4837 = DIRECTION ( 'NONE',  ( -1.000000000000000000, 0.0000000000000000000, 0.0000000000000000000 ) ) ;
#4838 = ORIENTED_EDGE ( 'NONE', *, *, #2562, .F. ) ;
#4839 = CARTESIAN_POINT ( 'NONE',  ( -4.150000000000000355, -1.650000000000000355, 1.350000000000000089 ) ) ;
#4840 = DIRECTION ( 'NONE',  ( -1.000000000000000000, 0.0000000000000000000, -0.0000000000000000000 ) ) ;
#4841 = CARTESIAN_POINT ( 'NONE',  ( 4.150000000000000355, 1.720710678118654746, -0.4207106781186548128 ) ) ;
#4842 = ORIENTED_EDGE ( 'NONE', *, *, #65, .F. ) ;
#4843 = CARTESIAN_POINT ( 'NONE',  ( -0.9999999999999995559, -0.9000000000000000222, 3.449999999999999734 ) ) ;
#4844 = DIRECTION ( 'NONE',  ( 0.0000000000000000000, 0.0000000000000000000, -1.000000000000000000 ) ) ;
#4845 = CYLINDRICAL_SURFACE ( 'NONE', #3671, 0.1000000000000000472 ) ;
#4846 = EDGE_LOOP ( 'NONE', ( #4492, #5850, #1050, #3052 ) ) ;
#4847 = CARTESIAN_POINT ( 'NONE',  ( -2.850000000000000089, -1.649999999999999911, -1.350000000000000089 ) ) ;
#4848 = FACE_OUTER_BOUND ( 'NONE', #5443, .T. ) ;
#4849 = CARTESIAN_POINT ( 'NONE',  ( 2.850000000000000089, 1.649999999999999911, -1.449999999999999956 ) ) ;
#4850 = EDGE_LOOP ( 'NONE', ( #5730, #391, #2130, #5741 ) ) ;
#4851 = CARTESIAN_POINT ( 'NONE',  ( -0.3499999999999999778, -1.750000000000000000, 0.0000000000000000000 ) ) ;
#4852 = ORIENTED_EDGE ( 'NONE', *, *, #5053, .T. ) ;
#4853 = SURFACE_SIDE_STYLE ('',( #3341 ) ) ;
#4854 = DIRECTION ( 'NONE',  ( 0.0000000000000000000, 0.0000000000000000000, -1.000000000000000000 ) ) ;
#4855 = CARTESIAN_POINT ( 'NONE',  ( 3.949999999999999734, -1.708578643762690641, -0.5500000000000001554 ) ) ;
#4856 = VECTOR ( 'NONE', #5158, 1000.000000000000000 ) ;
#4857 = EDGE_LOOP ( 'NONE', ( #5857, #3665, #2938, #5501, #3520 ) ) ;
#4858 = ADVANCED_FACE ( 'NONE', ( #1158, #4435 ), #4003, .T. ) ;
#4859 = CARTESIAN_POINT ( 'NONE',  ( -2.700000000000000178, -1.449999999999999956, -1.750000000000000000 ) ) ;
#4860 = ORIENTED_EDGE ( 'NONE', *, *, #2481, .T. ) ;
#4861 = CIRCLE ( 'NONE', #1852, 0.1000000000000000472 ) ;
#4862 = DIRECTION ( 'NONE',  ( 0.0000000000000000000, 0.0000000000000000000, 1.000000000000000000 ) ) ;
#4863 = CARTESIAN_POINT ( 'NONE',  ( -0.1000000000003322953, -0.7999999999999882760, 3.449999999999999734 ) ) ;
#4864 = LINE ( 'NONE', #2974, #3415 ) ;
#4865 = ADVANCED_FACE ( 'NONE', ( #1589 ), #2568, .F. ) ;
#4866 = AXIS2_PLACEMENT_3D ( 'NONE', #4578, #5545, #1319 ) ;
#4867 = AXIS2_PLACEMENT_3D ( 'NONE', #2554, #725, #2992 ) ;
#4868 = DIRECTION ( 'NONE',  ( 0.0000000000000000000, 1.000000000000000000, 0.0000000000000000000 ) ) ;
#4869 = ORIENTED_EDGE ( 'NONE', *, *, #6003, .T. ) ;
#4870 = CARTESIAN_POINT ( 'NONE',  ( 2.149999999999999911, 1.749999999999999778, -1.149999999999999911 ) ) ;
#4871 = EDGE_LOOP ( 'NONE', ( #656, #1864, #419, #5452, #5011, #2948 ) ) ;
#4872 = DIRECTION ( 'NONE',  ( 0.0000000000000000000, -0.0000000000000000000, 1.000000000000000000 ) ) ;
#4873 = ORIENTED_EDGE ( 'NONE', *, *, #767, .T. ) ;
#4874 = CARTESIAN_POINT ( 'NONE',  ( -3.920041115078381821, -1.708576042115767635, -1.278626039772359002 ) ) ;
#4875 = CIRCLE ( 'NONE', #388, 0.09999999999999982514 ) ;
#4876 = EDGE_CURVE ( 'NONE', #3360, #1980, #1773, .T. ) ;
#4877 = AXIS2_PLACEMENT_3D ( 'NONE', #3227, #748, #2638 ) ;
#4878 = ORIENTED_EDGE ( 'NONE', *, *, #295, .T. ) ;
#4879 = CARTESIAN_POINT ( 'NONE',  ( -2.850000000000000089, 2.250000000000000444, -1.149999999999999911 ) ) ;
#4880 = DIRECTION ( 'NONE',  ( -1.000000000000000000, 0.0000000000000000000, 0.0000000000000000000 ) ) ;
#4881 = AXIS2_PLACEMENT_3D ( 'NONE', #6116, #4322, #2 ) ;
#4882 = CARTESIAN_POINT ( 'NONE',  ( -0.3499999999999999778, 2.100000000000000089, -1.149999999999999911 ) ) ;
#4883 = DIRECTION ( 'NONE',  ( 0.0000000000000000000, -1.000000000000000000, 0.0000000000000000000 ) ) ;
#4884 = ORIENTED_EDGE ( 'NONE', *, *, #2417, .F. ) ;
#4885 = AXIS2_PLACEMENT_3D ( 'NONE', #3867, #3807, #1426 ) ;
#4886 = DIRECTION ( 'NONE',  ( 1.000000000000000000, -0.0000000000000000000, -0.0000000000000000000 ) ) ;
#4887 = FILL_AREA_STYLE ('',( #998 ) ) ;
#4888 = CARTESIAN_POINT ( 'NONE',  ( 4.049999999999999822, 6.312599999999999767, -0.5500000000000000444 ) ) ;
#4889 =( BOUNDED_CURVE ( )  B_SPLINE_CURVE ( 3, ( #4815, #6, #538, #4752 ),
 .UNSPECIFIED., .F., .T. ) 
 B_SPLINE_CURVE_WITH_KNOTS ( ( 4, 4 ),
 ( 1.570796326794896558, 3.141592653589793116 ),
 .UNSPECIFIED. ) 
 CURVE ( )  GEOMETRIC_REPRESENTATION_ITEM ( )  RATIONAL_B_SPLINE_CURVE ( ( 1.000000000000000000, 0.8047378541243649375, 0.8047378541243649375, 1.000000000000000000 ) ) 
 REPRESENTATION_ITEM ( '' )  );
#4890 = ORIENTED_EDGE ( 'NONE', *, *, #562, .F. ) ;
#4891 = FACE_OUTER_BOUND ( 'NONE', #5395, .T. ) ;
#4892 = ORIENTED_EDGE ( 'NONE', *, *, #3044, .F. ) ;
#4893 = AXIS2_PLACEMENT_3D ( 'NONE', #4606, #4638, #5698 ) ;
#4894 = CARTESIAN_POINT ( 'NONE',  ( -3.850000000000000089, -6.312599999999999767, -1.350000000000000089 ) ) ;
#4895 = DIRECTION ( 'NONE',  ( 1.000000000000000000, -0.0000000000000000000, -0.0000000000000000000 ) ) ;
#4896 = DIRECTION ( 'NONE',  ( 0.0000000000000000000, 0.0000000000000000000, 1.000000000000000000 ) ) ;
#4897 = EDGE_CURVE ( 'NONE', #5523, #2891, #2325, .T. ) ;
#4898 = CIRCLE ( 'NONE', #2494, 0.09999999999999999167 ) ;
#4899 = CIRCLE ( 'NONE', #4704, 0.09999999999999982514 ) ;
#4900 = ORIENTED_EDGE ( 'NONE', *, *, #4118, .T. ) ;
#4901 = LINE ( 'NONE', #218, #5777 ) ;
#4902 = EDGE_LOOP ( 'NONE', ( #446, #5054, #3635 ) ) ;
#4903 =( NAMED_UNIT ( * ) PLANE_ANGLE_UNIT ( ) SI_UNIT ( $, .RADIAN. ) );
#4904 = SURFACE_SIDE_STYLE ('',( #2610 ) ) ;
#4905 = ORIENTED_EDGE ( 'NONE', *, *, #1337, .F. ) ;
#4906 = AXIS2_PLACEMENT_3D ( 'NONE', #6026, #1827, #3669 ) ;
#4907 = FILL_AREA_STYLE ('',( #2491 ) ) ;
#4908 = UNCERTAINTY_MEASURE_WITH_UNIT (LENGTH_MEASURE( 1.000000000000000082E-05 ), #3319, 'distance_accuracy_value', 'NONE');
#4909 = VECTOR ( 'NONE', #1381, 1000.000000000000000 ) ;
#4910 = CARTESIAN_POINT ( 'NONE',  ( -2.700000000000000178, -1.449999999999999956, -2.049999999999999822 ) ) ;
#4911 = VERTEX_POINT ( 'NONE', #5634 ) ;
#4912 = ADVANCED_FACE ( 'NONE', ( #3275 ), #6135, .T. ) ;
#4913 = CARTESIAN_POINT ( 'NONE',  ( 0.3499999999999999778, -2.850000000000000089, -1.149999999999999911 ) ) ;
#4914 = EDGE_CURVE ( 'NONE', #580, #1790, #5808, .T. ) ;
#4915 = CARTESIAN_POINT ( 'NONE',  ( 2.850000000000000089, 1.649999999999999911, -1.350000000000000089 ) ) ;
#4916 = CARTESIAN_POINT ( 'NONE',  ( -3.908578643762689708, 1.750000000000000000, -0.4671572875253808821 ) ) ;
#4917 = CARTESIAN_POINT ( 'NONE',  ( -4.078626039772352385, 1.650000000000000577, -0.4200411150783751046 ) ) ;
#4918 = ORIENTED_EDGE ( 'NONE', *, *, #935, .F. ) ;
#4919 = CARTESIAN_POINT ( 'NONE',  ( -2.700000000000000178, -0.8499999999999999778, -2.049999999999999822 ) ) ;
#4920 = LINE ( 'NONE', #1582, #4618 ) ;
#4921 = DIRECTION ( 'NONE',  ( 0.0000000000000000000, 0.0000000000000000000, 1.000000000000000000 ) ) ;
#4922 = AXIS2_PLACEMENT_3D ( 'NONE', #2261, #5604, #5140 ) ;
#4923 = CARTESIAN_POINT ( 'NONE',  ( -1.550000000000000266, 1.000000000000000000, 3.701099892519000178 ) ) ;
#4924 = ORIENTED_EDGE ( 'NONE', *, *, #1923, .F. ) ;
#4925 = VECTOR ( 'NONE', #3491, 1000.000000000000000 ) ;
#4926 = ORIENTED_EDGE ( 'NONE', *, *, #1222, .T. ) ;
#4927 = CARTESIAN_POINT ( 'NONE',  ( -4.262164124680904997, 1.708901866519356272, -0.3199624396807916882 ) ) ;
#4928 = CARTESIAN_POINT ( 'NONE',  ( 0.0000000000000000000, 1.000000000000000000, 3.350000000000000089 ) ) ;
#4929 =( BOUNDED_SURFACE ( )  B_SPLINE_SURFACE ( 3, 3, ( 
 ( #4258, #5237, #943, #2852 ),
 ( #4773, #495, #4288, #28 ),
 ( #5512, #98, #5862, #4354 ),
 ( #2020, #1539, #4874, #193 ) ),
 .UNSPECIFIED., .F., .F., .F. ) 
 B_SPLINE_SURFACE_WITH_KNOTS ( ( 4, 4 ),
 ( 4, 4 ),
 ( 0.0000000000000000000, 1.000000000000000000 ),
 ( 0.0000000000000000000, 1.000000000000000000 ),
 .UNSPECIFIED. ) 
 GEOMETRIC_REPRESENTATION_ITEM ( )  RATIONAL_B_SPLINE_SURFACE ( (
 ( 1.000000000000000000, 0.8047378541243658256, 0.8047378541243658256, 1.000000000000000000),
 ( 0.8025111867385954501, 0.6458111303268154746, 0.6458111303268154746, 0.8025111867385954501),
 ( 0.8025111867385954501, 0.6458111303268154746, 0.6458111303268154746, 0.8025111867385954501),
 ( 1.000000000000000000, 0.8047378541243658256, 0.8047378541243658256, 1.000000000000000000) ) ) 
 REPRESENTATION_ITEM ( '' )  SURFACE ( )  );
#4930 = VECTOR ( 'NONE', #2989, 1000.000000000000000 ) ;
#4931 = LINE ( 'NONE', #3601, #5421 ) ;
#4932 = ORIENTED_EDGE ( 'NONE', *, *, #1633, .F. ) ;
#4933 = AXIS2_PLACEMENT_3D ( 'NONE', #2340, #1259, #347 ) ;
#4934 = CARTESIAN_POINT ( 'NONE',  ( 3.950000000000000178, 1.750000000000000000, -0.4500000000000000666 ) ) ;
#4935 = EDGE_LOOP ( 'NONE', ( #1663, #3117, #237, #544 ) ) ;
#4936 = ORIENTED_EDGE ( 'NONE', *, *, #814, .F. ) ;
#4937 = FACE_OUTER_BOUND ( 'NONE', #4014, .T. ) ;
#4938 = CARTESIAN_POINT ( 'NONE',  ( -4.250000000000000000, -1.750000000000000000, 1.449999999999999956 ) ) ;
#4939 = DIRECTION ( 'NONE',  ( 0.0000000000000000000, 0.0000000000000000000, -1.000000000000000000 ) ) ;
#4940 = ORIENTED_EDGE ( 'NONE', *, *, #3405, .T. ) ;
#4941 = EDGE_CURVE ( 'NONE', #77, #5456, #2788, .T. ) ;
#4942 = CARTESIAN_POINT ( 'NONE',  ( 15.33060000000000223, 1.649999999999999911, -1.350000000000000089 ) ) ;
#4943 = EDGE_CURVE ( 'NONE', #3675, #2418, #4636, .T. ) ;
#4944 = EDGE_CURVE ( 'NONE', #2659, #77, #913, .T. ) ;
#4945 = CARTESIAN_POINT ( 'NONE',  ( -3.967157287525380216, 1.750000000000000000, -0.4085786437626909851 ) ) ;
#4946 = CARTESIAN_POINT ( 'NONE',  ( -4.119962439680775468, 1.708901866519356494, -0.4621641246809009007 ) ) ;
#4947 = ORIENTED_EDGE ( 'NONE', *, *, #5933, .F. ) ;
#4948 = DIRECTION ( 'NONE',  ( -1.000000000000000000, 0.0000000000000000000, 0.0000000000000000000 ) ) ;
#4949 = CARTESIAN_POINT ( 'NONE',  ( -1.798115072312083118, 0.9999911174217771537, 3.350000000000000089 ) ) ;
#4950 = FACE_OUTER_BOUND ( 'NONE', #5872, .T. ) ;
#4951 = CARTESIAN_POINT ( 'NONE',  ( 4.049999999999999822, 1.649999999999999911, -0.5500000000000000444 ) ) ;
#4952 = ADVANCED_FACE ( 'NONE', ( #367 ), #2818, .T. ) ;
#4953 = CARTESIAN_POINT ( 'NONE',  ( 4.220710678118654968, -1.650000000000000133, 1.420710678118655368 ) ) ;
#4954 = VERTEX_POINT ( 'NONE', #794 ) ;
#4955 = SURFACE_STYLE_USAGE ( .BOTH. , #3914 ) ;
#4956 = VECTOR ( 'NONE', #3595, 1000.000000000000000 ) ;
#4957 = CARTESIAN_POINT ( 'NONE',  ( -2.149999999999999911, -5.179999999999999716, -1.149999999999999911 ) ) ;
#4958 = LINE ( 'NONE', #4383, #4269 ) ;
#4959 = VERTEX_POINT ( 'NONE', #2233 ) ;
#4960 = CARTESIAN_POINT ( 'NONE',  ( -4.150000000000000355, 1.649999999999999911, -0.3499999999999996447 ) ) ;
#4961 = EDGE_LOOP ( 'NONE', ( #30, #312, #1763, #463 ) ) ;
#4962 = LINE ( 'NONE', #2147, #4587 ) ;
#4963 = FACE_OUTER_BOUND ( 'NONE', #1102, .T. ) ;
#4964 = VERTEX_POINT ( 'NONE', #4220 ) ;
#4965 = LINE ( 'NONE', #2049, #5599 ) ;
#4966 = CIRCLE ( 'NONE', #1859, 0.09999999999999982514 ) ;
#4967 = ORIENTED_EDGE ( 'NONE', *, *, #5662, .F. ) ;
#4968 = DIRECTION ( 'NONE',  ( 0.0000000000000000000, 0.0000000000000000000, 1.000000000000000000 ) ) ;
#4969 = ORIENTED_EDGE ( 'NONE', *, *, #140, .T. ) ;
#4970 = CARTESIAN_POINT ( 'NONE',  ( 0.0000000000000000000, -0.8000000000000000444, 10.61979999999999968 ) ) ;
#4971 = CARTESIAN_POINT ( 'NONE',  ( 0.2499999999999971967, -3.049999999999998490, -1.449999999999999956 ) ) ;
#4972 = TOROIDAL_SURFACE ( 'NONE', #5372, 0.09999999999975683895, 0.1000000000000597217 ) ;
#4973 = EDGE_CURVE ( 'NONE', #4627, #5192, #2357, .T. ) ;
#4974 = CARTESIAN_POINT ( 'NONE',  ( -3.991421356237307982, 1.649999999999999911, -0.4500000000000002887 ) ) ;
#4975 = DIRECTION ( 'NONE',  ( -0.0000000000000000000, -0.0000000000000000000, 1.000000000000000000 ) ) ;
#4976 = VERTEX_POINT ( 'NONE', #5077 ) ;
#4977 = CARTESIAN_POINT ( 'NONE',  ( -4.149999999999999467, 1.650000000000000133, 1.449999999999999956 ) ) ;
#4978 = ORIENTED_EDGE ( 'NONE', *, *, #5022, .T. ) ;
#4979 = CIRCLE ( 'NONE', #396, 0.1000000000000000472 ) ;
#4980 = DIRECTION ( 'NONE',  ( 0.0000000000000000000, 0.0000000000000000000, 1.000000000000000000 ) ) ;
#4981 = LINE ( 'NONE', #3031, #1169 ) ;
#4982 = DIRECTION ( 'NONE',  ( -0.0000000000000000000, -0.0000000000000000000, 1.000000000000000000 ) ) ;
#4983 = EDGE_CURVE ( 'NONE', #1581, #163, #2689, .T. ) ;
#4984 = AXIS2_PLACEMENT_3D ( 'NONE', #2502, #1491, #5145 ) ;
#4985 = ORIENTED_EDGE ( 'NONE', *, *, #2035, .T. ) ;
#4986 = CARTESIAN_POINT ( 'NONE',  ( -2.250000000000003109, -3.049999999999997602, -1.449999999999999956 ) ) ;
#4987 = ORIENTED_EDGE ( 'NONE', *, *, #485, .F. ) ;
#4988 = FILL_AREA_STYLE ('',( #4469 ) ) ;
#4989 = SURFACE_STYLE_USAGE ( .BOTH. , #5914 ) ;
#4990 = EDGE_CURVE ( 'NONE', #1154, #5168, #854, .T. ) ;
#4991 = CIRCLE ( 'NONE', #4576, 0.09999999999999999167 ) ;
#4992 = CARTESIAN_POINT ( 'NONE',  ( 4.150000000000000355, 1.720710678118655634, -0.4207106781186540911 ) ) ;
#4993 = PRESENTATION_LAYER_ASSIGNMENT (  '', '', ( #4070 ) ) ;
#4994 = CARTESIAN_POINT ( 'NONE',  ( 4.190753094020497116, -1.749995558710895960, -0.3079140608302414761 ) ) ;
#4995 = EDGE_LOOP ( 'NONE', ( #4251, #3043, #5594, #5928, #2336 ) ) ;
#4996 = FACE_OUTER_BOUND ( 'NONE', #5270, .T. ) ;
#4997 = ORIENTED_EDGE ( 'NONE', *, *, #1401, .F. ) ;
#4998 = FILL_AREA_STYLE_COLOUR ( '', #1355 ) ;
#4999 = VERTEX_POINT ( 'NONE', #4184 ) ;
#5000 = CARTESIAN_POINT ( 'NONE',  ( 2.700000000000000178, -1.449999999999999956, 0.0000000000000000000 ) ) ;
#5001 = ORIENTED_EDGE ( 'NONE', *, *, #5839, .F. ) ;
#5002 = ORIENTED_EDGE ( 'NONE', *, *, #136, .T. ) ;
#5003 = CIRCLE ( 'NONE', #618, 0.09999999999999982514 ) ;
#5004 = CARTESIAN_POINT ( 'NONE',  ( 4.250000000000000000, -1.750000000000000000, -0.3500000000000000333 ) ) ;
#5005 = CYLINDRICAL_SURFACE ( 'NONE', #5390, 0.09999999999999982514 ) ;
#5006 = CARTESIAN_POINT ( 'NONE',  ( -2.750000000000000000, -1.750000000000000000, -1.449999999999999956 ) ) ;
#5007 = CARTESIAN_POINT ( 'NONE',  ( -4.119962439680776356, 1.650000000000000577, -0.4621641246809011228 ) ) ;
#5008 = ORIENTED_EDGE ( 'NONE', *, *, #4318, .T. ) ;
#5009 = DIRECTION ( 'NONE',  ( 0.0000000000000000000, 0.0000000000000000000, 1.000000000000000000 ) ) ;
#5010 = PLANE ( 'NONE',  #4554 ) ;
#5011 = ORIENTED_EDGE ( 'NONE', *, *, #5775, .T. ) ;
#5012 = VECTOR ( 'NONE', #1818, 1000.000000000000000 ) ;
#5013 = CARTESIAN_POINT ( 'NONE',  ( -4.208901866519355828, -1.762164124680903443, -0.3199624396807839166 ) ) ;
#5014 = DIRECTION ( 'NONE',  ( 0.0000000000000000000, 0.0000000000000000000, 1.000000000000000000 ) ) ;
#5015 = VERTEX_POINT ( 'NONE', #400 ) ;
#5016 = DIRECTION ( 'NONE',  ( -0.4472135954999594820, 0.8944271909999150783, 0.0000000000000000000 ) ) ;
#5017 = ORIENTED_EDGE ( 'NONE', *, *, #4827, .T. ) ;
#5018 = CARTESIAN_POINT ( 'NONE',  ( 3.649999999999999911, -1.449999999999999956, -1.750000000000000000 ) ) ;
#5019 = CYLINDRICAL_SURFACE ( 'NONE', #3357, 0.1000000000000000472 ) ;
#5020 = EDGE_CURVE ( 'NONE', #1790, #4512, #2292, .T. ) ;
#5021 =( GEOMETRIC_REPRESENTATION_CONTEXT ( 3 ) GLOBAL_UNCERTAINTY_ASSIGNED_CONTEXT ( ( #2346 ) ) GLOBAL_UNIT_ASSIGNED_CONTEXT ( ( #1072, #622, #2039 ) ) REPRESENTATION_CONTEXT ( 'NONE', 'WORKASPACE' ) );
#5022 = EDGE_CURVE ( 'NONE', #860, #4091, #2122, .T. ) ;
#5023 = CARTESIAN_POINT ( 'NONE',  ( 4.245156458918386555, -1.709017335549510630, -0.3962648973189242807 ) ) ;
#5024 = ADVANCED_FACE ( 'NONE', ( #2436 ), #334, .T. ) ;
#5025 = ORIENTED_EDGE ( 'NONE', *, *, #632, .T. ) ;
#5026 = ORIENTED_EDGE ( 'NONE', *, *, #5207, .F. ) ;
#5027 = CYLINDRICAL_SURFACE ( 'NONE', #1292, 0.09999999999999982514 ) ;
#5028 = VECTOR ( 'NONE', #358, 1000.000000000000000 ) ;
#5029 = CARTESIAN_POINT ( 'NONE',  ( 0.0000000000000000000, 1.750000000000000000, -1.149999999999999911 ) ) ;
#5030 = VECTOR ( 'NONE', #1391, 1000.000000000000000 ) ;
#5031 = CARTESIAN_POINT ( 'NONE',  ( -0.1007253991432136425, 0.8170340737398198439, 3.449997368948828580 ) ) ;
#5032 = ORIENTED_EDGE ( 'NONE', *, *, #925, .F. ) ;
#5033 = FILL_AREA_STYLE ('',( #5553 ) ) ;
#5034 = ORIENTED_EDGE ( 'NONE', *, *, #5766, .T. ) ;
#5035 = CARTESIAN_POINT ( 'NONE',  ( -3.891063282180844851, -1.750551775759736861, -1.391063282180844185 ) ) ;
#5036 = AXIS2_PLACEMENT_3D ( 'NONE', #3825, #533, #123 ) ;
#5037 = CARTESIAN_POINT ( 'NONE',  ( 0.2500000000000000000, -3.049999999999999822, -1.149999999999999911 ) ) ;
#5038 = CARTESIAN_POINT ( 'NONE',  ( -3.967157287525380216, -1.749999999999999778, -0.4085786437626905410 ) ) ;
#5039 = CARTESIAN_POINT ( 'NONE',  ( -3.950000000000000178, 1.649999999999999911, -0.4500000000000000666 ) ) ;
#5040 = ORIENTED_EDGE ( 'NONE', *, *, #5434, .T. ) ;
#5041 = DIRECTION ( 'NONE',  ( 0.0000000000000000000, -0.0000000000000000000, 1.000000000000000000 ) ) ;
#5042 = ORIENTED_EDGE ( 'NONE', *, *, #3405, .F. ) ;
#5043 = CARTESIAN_POINT ( 'NONE',  ( -4.184571554749779487, -1.762442236293276787, -0.3789791199440337155 ) ) ;
#5044 = LINE ( 'NONE', #4561, #4358 ) ;
#5045 = EDGE_LOOP ( 'NONE', ( #5806, #5063, #3181, #4534 ) ) ;
#5046 = CARTESIAN_POINT ( 'NONE',  ( 4.178979119944034260, -1.684571554749780598, -0.4624422362932757435 ) ) ;
#5047 = LINE ( 'NONE', #2720, #1252 ) ;
#5048 = ORIENTED_EDGE ( 'NONE', *, *, #1526, .T. ) ;
#5049 = CARTESIAN_POINT ( 'NONE',  ( 3.950000000000000178, 1.649999999999999911, -0.5500000000000001554 ) ) ;
#5050 = CARTESIAN_POINT ( 'NONE',  ( 4.250000000000000000, -1.650000000000000133, -0.3499999999999998113 ) ) ;
#5051 = FILL_AREA_STYLE ('',( #5401 ) ) ;
#5052 = DIRECTION ( 'NONE',  ( 0.0000000000000000000, 0.0000000000000000000, 1.000000000000000000 ) ) ;
#5053 = EDGE_CURVE ( 'NONE', #5627, #3019, #1115, .T. ) ;
#5054 = ORIENTED_EDGE ( 'NONE', *, *, #3241, .F. ) ;
#5055 = ORIENTED_EDGE ( 'NONE', *, *, #5101, .T. ) ;
#5056 = COLOUR_RGB ( '',0.9294117647058823817, 0.9294117647058823817, 0.9372549019607843146 ) ;
#5057 = CARTESIAN_POINT ( 'NONE',  ( -1.350000000000000089, 1.000000000000000000, 3.408578643762690596 ) ) ;
#5058 = DIRECTION ( 'NONE',  ( -0.0000000000000000000, 1.000000000000000000, 0.0000000000000000000 ) ) ;
#5059 = EDGE_CURVE ( 'NONE', #4999, #3037, #2386, .T. ) ;
#5060 = CARTESIAN_POINT ( 'NONE',  ( -0.1329264576065165016, 0.9160021810124112651, 3.445250820100881572 ) ) ;
#5061 = EDGE_LOOP ( 'NONE', ( #4884, #5458, #4905, #4509 ) ) ;
#5062 = DIRECTION ( 'NONE',  ( 0.0000000000000000000, 1.000000000000000000, -0.0000000000000000000 ) ) ;
#5063 = ORIENTED_EDGE ( 'NONE', *, *, #3555, .F. ) ;
#5064 = DIRECTION ( 'NONE',  ( -0.7071067811865475727, 0.0000000000000000000, 0.7071067811865475727 ) ) ;
#5065 = EDGE_CURVE ( 'NONE', #2320, #2817, #1914, .T. ) ;
#5066 = STYLED_ITEM ( 'NONE', ( #5397 ), #1001 ) ;
#5067 = CARTESIAN_POINT ( 'NONE',  ( -4.049999999999998934, -1.650000000000000355, -0.4499999999999994560 ) ) ;
#5068 = LINE ( 'NONE', #4211, #1 ) ;
#5069 = ORIENTED_EDGE ( 'NONE', *, *, #3163, .F. ) ;
#5070 = PLANE ( 'NONE',  #3585 ) ;
#5071 = CYLINDRICAL_SURFACE ( 'NONE', #1020, 0.09999999999999999167 ) ;
#5072 = AXIS2_PLACEMENT_3D ( 'NONE', #5727, #4799, #999 ) ;
#5073 = VECTOR ( 'NONE', #3174, 1000.000000000000000 ) ;
#5074 = CARTESIAN_POINT ( 'NONE',  ( 4.220710678118655856, -1.649999999999999911, -0.4207106781186553124 ) ) ;
#5075 = LINE ( 'NONE', #364, #4341 ) ;
#5076 = ORIENTED_EDGE ( 'NONE', *, *, #2570, .T. ) ;
#5077 = CARTESIAN_POINT ( 'NONE',  ( -4.220710678118649639, 1.650000000000000355, -0.4207106781186597533 ) ) ;
#5078 = SURFACE_STYLE_USAGE ( .BOTH. , #1686 ) ;
#5079 =( LENGTH_UNIT ( ) NAMED_UNIT ( * ) SI_UNIT ( .MILLI., .METRE. ) );
#5080 = VECTOR ( 'NONE', #4439, 1000.000000000000000 ) ;
#5081 = CARTESIAN_POINT ( 'NONE',  ( 3.896264897318924891, 1.709017335549511962, -1.445156458918386955 ) ) ;
#5082 = CARTESIAN_POINT ( 'NONE',  ( 4.190753094020497116, 1.607914060830241576, 1.449995558710895027 ) ) ;
#5083 = ORIENTED_EDGE ( 'NONE', *, *, #5708, .T. ) ;
#5084 = ORIENTED_EDGE ( 'NONE', *, *, #5128, .F. ) ;
#5085 = STYLED_ITEM ( 'NONE', ( #688 ), #2499 ) ;
#5086 = SURFACE_STYLE_USAGE ( .BOTH. , #6046 ) ;
#5087 = ADVANCED_FACE ( 'NONE', ( #3370 ), #969, .F. ) ;
#5088 = CARTESIAN_POINT ( 'NONE',  ( 4.149333577425369235, 1.649333577425369457, 1.449995558710894139 ) ) ;
#5089 = DIRECTION ( 'NONE',  ( -1.000000000000000000, 0.0000000000000000000, -0.0000000000000000000 ) ) ;
#5090 = CIRCLE ( 'NONE', #4175, 0.1000000000000001443 ) ;
#5091 =( BOUNDED_CURVE ( )  B_SPLINE_CURVE ( 3, ( #652, #5394, #3513, #2543 ),
 .UNSPECIFIED., .F., .T. ) 
 B_SPLINE_CURVE_WITH_KNOTS ( ( 4, 4 ),
 ( 0.0000000000000000000, 1.000000000000000000 ),
 .UNSPECIFIED. ) 
 CURVE ( )  GEOMETRIC_REPRESENTATION_ITEM ( )  RATIONAL_B_SPLINE_CURVE ( ( 1.000000000000000000, 0.8047378541243649375, 0.8047378541243649375, 1.000000000000000000 ) ) 
 REPRESENTATION_ITEM ( '' )  );
#5092 = VERTEX_POINT ( 'NONE', #1612 ) ;
#5093 = CARTESIAN_POINT ( 'NONE',  ( -1.550000000000000266, -1.000000000000000000, 3.294642898114000129 ) ) ;
#5094 = ORIENTED_EDGE ( 'NONE', *, *, #5428, .T. ) ;
#5095 = ADVANCED_FACE ( 'NONE', ( #5440 ), #5876, .T. ) ;
#5096 = PRESENTATION_LAYER_ASSIGNMENT (  '', '', ( #1898 ) ) ;
#5097 = CARTESIAN_POINT ( 'NONE',  ( -3.920041115078381821, 1.578626039772358158, -1.350000000000000977 ) ) ;
#5098 = CARTESIAN_POINT ( 'NONE',  ( 4.150000000000000355, -1.650000000000000355, -0.3499999999999999778 ) ) ;
#5099 = ADVANCED_FACE ( 'NONE', ( #4950 ), #2999, .T. ) ;
#5100 = ORIENTED_EDGE ( 'NONE', *, *, #2904, .T. ) ;
#5101 = EDGE_CURVE ( 'NONE', #6142, #3039, #4920, .T. ) ;
#5102 = PLANE ( 'NONE',  #3883 ) ;
#5103 = CYLINDRICAL_SURFACE ( 'NONE', #2127, 0.1000000000000002554 ) ;
#5104 = LINE ( 'NONE', #1733, #5073 ) ;
#5105 = PRESENTATION_LAYER_ASSIGNMENT (  '', '', ( #4489 ) ) ;
#5106 = LINE ( 'NONE', #4734, #5590 ) ;
#5107 = AXIS2_PLACEMENT_3D ( 'NONE', #2767, #2212, #4099 ) ;
#5108 = CARTESIAN_POINT ( 'NONE',  ( -2.700000000000000178, 1.449999999999999956, 0.0000000000000000000 ) ) ;
#5109 = CARTESIAN_POINT ( 'NONE',  ( -0.3499999999999999778, 1.749999999999999778, -1.149999999999999911 ) ) ;
#5110 = ORIENTED_EDGE ( 'NONE', *, *, #5619, .T. ) ;
#5111 = DIRECTION ( 'NONE',  ( -4.227599889358912848E-13, 1.000000000000000000, 1.970479104094657008E-13 ) ) ;
#5112 = LINE ( 'NONE', #3626, #4665 ) ;
#5113 = CARTESIAN_POINT ( 'NONE',  ( 3.878979119944033549, 1.650000000000000355, -1.462442236293276521 ) ) ;
#5114 = CARTESIAN_POINT ( 'NONE',  ( 4.220041115078381644, -1.650000000000000133, -0.2786260397723576143 ) ) ;
#5115 = ORIENTED_EDGE ( 'NONE', *, *, #4045, .F. ) ;
#5116 = CARTESIAN_POINT ( 'NONE',  ( 3.807914060830242864, -1.690753094020497116, -1.449995558710894139 ) ) ;
#5117 = ORIENTED_EDGE ( 'NONE', *, *, #558, .T. ) ;
#5118 = FILL_AREA_STYLE ('',( #3190 ) ) ;
#5119 = DIRECTION ( 'NONE',  ( -0.0000000000000000000, 1.000000000000000000, -0.0000000000000000000 ) ) ;
#5120 = AXIS2_PLACEMENT_3D ( 'NONE', #5231, #1524, #5750 ) ;
#5121 = SURFACE_STYLE_USAGE ( .BOTH. , #5579 ) ;
#5122 = AXIS2_PLACEMENT_3D ( 'NONE', #3053, #2062, #5971 ) ;
#5123 = CARTESIAN_POINT ( 'NONE',  ( -0.3499999999999999778, -1.000000000000000000, 3.194642898114000040 ) ) ;
#5124 = FACE_OUTER_BOUND ( 'NONE', #5566, .T. ) ;
#5125 =( BOUNDED_CURVE ( )  B_SPLINE_CURVE ( 3, ( #836, #380, #1382, #413 ),
 .UNSPECIFIED., .F., .T. ) 
 B_SPLINE_CURVE_WITH_KNOTS ( ( 4, 4 ),
 ( 4.712388980384689674, 6.283185307179586232 ),
 .UNSPECIFIED. ) 
 CURVE ( )  GEOMETRIC_REPRESENTATION_ITEM ( )  RATIONAL_B_SPLINE_CURVE ( ( 1.000000000000000000, 0.8047378541243649375, 0.8047378541243649375, 1.000000000000000000 ) ) 
 REPRESENTATION_ITEM ( '' )  );
#5126 = VECTOR ( 'NONE', #4719, 1000.000000000000000 ) ;
#5127 = FACE_OUTER_BOUND ( 'NONE', #3489, .T. ) ;
#5128 = EDGE_CURVE ( 'NONE', #5627, #4285, #1149, .T. ) ;
#5129 = DIRECTION ( 'NONE',  ( -1.000000000000000000, 0.0000000000000000000, 0.0000000000000000000 ) ) ;
#5130 = ORIENTED_EDGE ( 'NONE', *, *, #5286, .F. ) ;
#5131 = PLANE ( 'NONE',  #3387 ) ;
#5132 = AXIS2_PLACEMENT_3D ( 'NONE', #3916, #2011, #3444 ) ;
#5133 = CARTESIAN_POINT ( 'NONE',  ( -1.699999999999999956, -1.000000000000000000, 3.194642898114000040 ) ) ;
#5134 =( LENGTH_UNIT ( ) NAMED_UNIT ( * ) SI_UNIT ( .MILLI., .METRE. ) );
#5135 = EDGE_CURVE ( 'NONE', #2891, #2546, #669, .T. ) ;
#5136 = ADVANCED_FACE ( 'NONE', ( #2100 ), #1276, .T. ) ;
#5137 = CARTESIAN_POINT ( 'NONE',  ( 4.220710678118655856, -1.709017335549510408, -0.4207106781186542577 ) ) ;
#5138 = SURFACE_STYLE_FILL_AREA ( #3779 ) ;
#5139 = EDGE_LOOP ( 'NONE', ( #4298, #3667, #2837, #1656, #5618, #4391, #2851, #371 ) ) ;
#5140 = DIRECTION ( 'NONE',  ( 0.0000000000000000000, 0.0000000000000000000, 1.000000000000000000 ) ) ;
#5141 = CARTESIAN_POINT ( 'NONE',  ( -2.000000000000000000, -0.7999999999999999334, 0.9499999999999999556 ) ) ;
#5142 = CYLINDRICAL_SURFACE ( 'NONE', #6091, 0.09999999999999982514 ) ;
#5143 = EDGE_CURVE ( 'NONE', #1165, #5523, #1732, .T. ) ;
#5144 = CARTESIAN_POINT ( 'NONE',  ( -1.800000000000000266, -1.000000000000000000, 0.9499999999999995115 ) ) ;
#5145 = DIRECTION ( 'NONE',  ( 0.0000000000000000000, 0.0000000000000000000, 1.000000000000000000 ) ) ;
#5146 = ORIENTED_EDGE ( 'NONE', *, *, #5933, .T. ) ;
#5147 = ORIENTED_EDGE ( 'NONE', *, *, #1227, .F. ) ;
#5148 = FACE_OUTER_BOUND ( 'NONE', #2616, .T. ) ;
#5149 = CARTESIAN_POINT ( 'NONE',  ( 15.33060000000000223, 1.649999999999999911, -1.350000000000000089 ) ) ;
#5150 = CARTESIAN_POINT ( 'NONE',  ( 4.196264897318917164, 1.745156458918391884, 1.409017335549510586 ) ) ;
#5151 = FACE_OUTER_BOUND ( 'NONE', #1168, .T. ) ;
#5152 = ORIENTED_EDGE ( 'NONE', *, *, #1378, .F. ) ;
#5153 = DIRECTION ( 'NONE',  ( 0.0000000000000000000, 1.000000000000000000, 0.0000000000000000000 ) ) ;
#5154 = ORIENTED_EDGE ( 'NONE', *, *, #3282, .T. ) ;
#5155 = ORIENTED_EDGE ( 'NONE', *, *, #5996, .T. ) ;
#5156 = CARTESIAN_POINT ( 'NONE',  ( 4.149413372940463418, -1.750551775759737083, 1.432713191421225662 ) ) ;
#5157 = VECTOR ( 'NONE', #4433, 1000.000000000000000 ) ;
#5158 = DIRECTION ( 'NONE',  ( -1.000000000000000000, -0.0000000000000000000, -0.0000000000000000000 ) ) ;
#5159 = CARTESIAN_POINT ( 'NONE',  ( 0.3499999999999999778, 1.749999999999999778, -1.149999999999999911 ) ) ;
#5160 = VERTEX_POINT ( 'NONE', #5133 ) ;
#5161 = VECTOR ( 'NONE', #2652, 1000.000000000000000 ) ;
#5162 = DIRECTION ( 'NONE',  ( 1.000000000000000000, 0.0000000000000000000, -0.0000000000000000000 ) ) ;
#5163 = CARTESIAN_POINT ( 'NONE',  ( 3.932842712474619251, 1.749999999999999778, -0.3499999999999999223 ) ) ;
#5164 = EDGE_CURVE ( 'NONE', #2461, #3749, #1926, .T. ) ;
#5165 = STYLED_ITEM ( 'NONE', ( #5486 ), #1002 ) ;
#5166 = CARTESIAN_POINT ( 'NONE',  ( -1.350000000000000089, -1.000000000000000000, 3.408578643762690596 ) ) ;
#5167 = EDGE_CURVE ( 'NONE', #2542, #5168, #6062, .T. ) ;
#5168 = VERTEX_POINT ( 'NONE', #1306 ) ;
#5169 = AXIS2_PLACEMENT_3D ( 'NONE', #2420, #6175, #5706 ) ;
#5170 = DIRECTION ( 'NONE',  ( -1.000000000000000000, -4.228388472693946415E-13, 0.0000000000000000000 ) ) ;
#5171 = CARTESIAN_POINT ( 'NONE',  ( -4.150000000000000355, 1.720710678118654746, 1.420710678118654924 ) ) ;
#5172 = SURFACE_SIDE_STYLE ('',( #4150 ) ) ;
#5173 = CARTESIAN_POINT ( 'NONE',  ( 3.819962439680783639, 1.708901866519356494, -1.462164124680902733 ) ) ;
#5174 = COLOUR_RGB ( '',0.9294117647058823817, 0.9294117647058823817, 0.9372549019607843146 ) ;
#5175 = ORIENTED_EDGE ( 'NONE', *, *, #2344, .T. ) ;
#5176 = CARTESIAN_POINT ( 'NONE',  ( 4.220710678118654968, -1.650000000000000355, -0.4207106781186547018 ) ) ;
#5177 = ADVANCED_FACE ( 'NONE', ( #1239 ), #5071, .T. ) ;
#5178 = EDGE_LOOP ( 'NONE', ( #2248, #939, #3558, #3217 ) ) ;
#5179 = EDGE_CURVE ( 'NONE', #6174, #2270, #3208, .T. ) ;
#5180 = VECTOR ( 'NONE', #3904, 1000.000000000000000 ) ;
#5181 = CARTESIAN_POINT ( 'NONE',  ( -2.100000000000000089, -1.080000000000000071, 0.9499999999999999556 ) ) ;
#5182 = DIRECTION ( 'NONE',  ( 0.0000000000000000000, 1.000000000000000000, -0.0000000000000000000 ) ) ;
#5183 =( GEOMETRIC_REPRESENTATION_CONTEXT ( 3 ) GLOBAL_UNCERTAINTY_ASSIGNED_CONTEXT ( ( #1553 ) ) GLOBAL_UNIT_ASSIGNED_CONTEXT ( ( #3496, #755, #664 ) ) REPRESENTATION_CONTEXT ( 'NONE', 'WORKASPACE' ) );
#5184 = FACE_OUTER_BOUND ( 'NONE', #1035, .T. ) ;
#5185 = ORIENTED_EDGE ( 'NONE', *, *, #4247, .T. ) ;
#5186 = FACE_OUTER_BOUND ( 'NONE', #1112, .T. ) ;
#5187 = DIRECTION ( 'NONE',  ( -0.0000000000000000000, -0.0000000000000000000, -1.000000000000000000 ) ) ;
#5188 = VERTEX_POINT ( 'NONE', #4112 ) ;
#5189 = LINE ( 'NONE', #3639, #4287 ) ;
#5190 = AXIS2_PLACEMENT_3D ( 'NONE', #5921, #4441, #3009 ) ;
#5191 = CARTESIAN_POINT ( 'NONE',  ( 2.700000000000000178, -1.449999999999999956, -1.750000000000000000 ) ) ;
#5192 = VERTEX_POINT ( 'NONE', #393 ) ;
#5193 = STYLED_ITEM ( 'NONE', ( #5802 ), #3089 ) ;
#5194 = CARTESIAN_POINT ( 'NONE',  ( -4.208901866519354051, -1.619962439680784350, -0.4621641246809027881 ) ) ;
#5195 = PLANE ( 'NONE',  #3866 ) ;
#5196 = CIRCLE ( 'NONE', #1189, 0.09999999999999999167 ) ;
#5197 = DIRECTION ( 'NONE',  ( 0.0000000000000000000, 0.0000000000000000000, -1.000000000000000000 ) ) ;
#5198 = FILL_AREA_STYLE_COLOUR ( '', #4814 ) ;
#5199 = FILL_AREA_STYLE_COLOUR ( '', #5358 ) ;
#5200 = ORIENTED_EDGE ( 'NONE', *, *, #1706, .T. ) ;
#5201 = PRESENTATION_STYLE_ASSIGNMENT (( #1713 ) ) ;
#5202 = CARTESIAN_POINT ( 'NONE',  ( -4.249995558710894628, 1.649333577425369457, 1.349333577425369635 ) ) ;
#5203 = CARTESIAN_POINT ( 'NONE',  ( 3.819962439680783639, 1.650000000000000799, -1.462164124680902955 ) ) ;
#5204 = MECHANICAL_DESIGN_GEOMETRIC_PRESENTATION_REPRESENTATION (  '', ( #5302 ), #429 ) ;
#5205 = CARTESIAN_POINT ( 'NONE',  ( -4.220710678118649639, -1.650000000000000577, 1.420710678118660475 ) ) ;
#5206 = ORIENTED_EDGE ( 'NONE', *, *, #4674, .T. ) ;
#5207 = EDGE_CURVE ( 'NONE', #5281, #502, #4511, .T. ) ;
#5208 = CARTESIAN_POINT ( 'NONE',  ( 0.0000000000000000000, -0.8000000000000000444, 0.9499999999999995115 ) ) ;
#5209 = VERTEX_POINT ( 'NONE', #328 ) ;
#5210 = CARTESIAN_POINT ( 'NONE',  ( -2.850000000000000089, 2.100000000000000089, -1.449999999999999956 ) ) ;
#5211 = STYLED_ITEM ( 'NONE', ( #5228 ), #4283 ) ;
#5212 = DIRECTION ( 'NONE',  ( 0.0000000000000000000, -1.000000000000000000, 0.0000000000000000000 ) ) ;
#5213 = DIRECTION ( 'NONE',  ( 0.8944271909998958714, 0.4472135954999979512, -0.0000000000000000000 ) ) ;
#5214 = EDGE_CURVE ( 'NONE', #1574, #2371, #2288, .T. ) ;
#5215 = ADVANCED_FACE ( 'NONE', ( #1806 ), #3742, .T. ) ;
#5216 = CARTESIAN_POINT ( 'NONE',  ( 3.891063282180843963, 1.750551775759736861, -1.391063282180843741 ) ) ;
#5217 = CARTESIAN_POINT ( 'NONE',  ( 4.149999999999996803, 1.720041115078380756, -0.2786260397723578919 ) ) ;
#5218 = ORIENTED_EDGE ( 'NONE', *, *, #5065, .F. ) ;
#5219 = DIRECTION ( 'NONE',  ( -0.0000000000000000000, 1.000000000000000000, 0.0000000000000000000 ) ) ;
#5220 =( NAMED_UNIT ( * ) PLANE_ANGLE_UNIT ( ) SI_UNIT ( $, .RADIAN. ) );
#5221 =( NAMED_UNIT ( * ) PLANE_ANGLE_UNIT ( ) SI_UNIT ( $, .RADIAN. ) );
#5222 = FACE_OUTER_BOUND ( 'NONE', #1263, .T. ) ;
#5223 = FILL_AREA_STYLE_COLOUR ( '', #3915 ) ;
#5224 =( NAMED_UNIT ( * ) SI_UNIT ( $, .STERADIAN. ) SOLID_ANGLE_UNIT ( ) );
#5225 = CARTESIAN_POINT ( 'NONE',  ( 4.150000000000000355, 1.649999999999999911, 10.61979999999999968 ) ) ;
#5226 = PRESENTATION_STYLE_ASSIGNMENT (( #3778 ) ) ;
#5227 = CIRCLE ( 'NONE', #2718, 0.09999999999999999167 ) ;
#5228 = PRESENTATION_STYLE_ASSIGNMENT (( #3307 ) ) ;
#5229 = DIRECTION ( 'NONE',  ( -1.000000000000000000, 0.0000000000000000000, 0.0000000000000000000 ) ) ;
#5230 = ORIENTED_EDGE ( 'NONE', *, *, #169, .T. ) ;
#5231 = CARTESIAN_POINT ( 'NONE',  ( 4.149999999999999467, 1.649999999999999911, 1.350000000000000089 ) ) ;
#5232 = CARTESIAN_POINT ( 'NONE',  ( -2.100000000000000089, 1.080000000000000071, 0.9499999999999999556 ) ) ;
#5233 =( NAMED_UNIT ( * ) SI_UNIT ( $, .STERADIAN. ) SOLID_ANGLE_UNIT ( ) );
#5234 = VECTOR ( 'NONE', #2916, 1000.000000000000000 ) ;
#5235 = ORIENTED_EDGE ( 'NONE', *, *, #4087, .T. ) ;
#5236 = ORIENTED_EDGE ( 'NONE', *, *, #3098, .F. ) ;
#5237 = CARTESIAN_POINT ( 'NONE',  ( -3.920710678118654702, -1.650000000000000133, -1.420710678118654924 ) ) ;
#5238 = VERTEX_POINT ( 'NONE', #4139 ) ;
#5239 = FACE_OUTER_BOUND ( 'NONE', #2912, .T. ) ;
#5240 = SURFACE_STYLE_FILL_AREA ( #3348 ) ;
#5241 = ADVANCED_FACE ( 'NONE', ( #2781 ), #2557, .T. ) ;
#5242 = CARTESIAN_POINT ( 'NONE',  ( 3.849333577425368969, 1.749995558710895072, -1.349333577425369191 ) ) ;
#5243 = EDGE_LOOP ( 'NONE', ( #2451, #4737, #6022, #6053, #2965 ) ) ;
#5244 = DIRECTION ( 'NONE',  ( 0.4472135954999979512, 0.8944271909998958714, -0.0000000000000000000 ) ) ;
#5245 = ORIENTED_EDGE ( 'NONE', *, *, #1754, .F. ) ;
#5246 = ADVANCED_FACE ( 'NONE', ( #3173 ), #5103, .T. ) ;
#5247 = DIRECTION ( 'NONE',  ( -0.0000000000000000000, -0.0000000000000000000, 1.000000000000000000 ) ) ;
#5248 = DIRECTION ( 'NONE',  ( -0.0000000000000000000, 0.0000000000000000000, -1.000000000000000000 ) ) ;
#5249 = CARTESIAN_POINT ( 'NONE',  ( -1.826847731053082846, 0.9721844845680640557, 3.420650038336740639 ) ) ;
#5250 = CARTESIAN_POINT ( 'NONE',  ( -4.049999999999999822, -1.649999999999999911, -0.3499999999999999778 ) ) ;
#5251 = EDGE_LOOP ( 'NONE', ( #4376, #3831, #326, #4926 ) ) ;
#5252 = ADVANCED_FACE ( 'NONE', ( #1397 ), #4821, .T. ) ;
#5253 = CARTESIAN_POINT ( 'NONE',  ( -4.249995558710894628, -1.649333577425369457, -0.3493335774253690795 ) ) ;
#5254 = STYLED_ITEM ( 'NONE', ( #5533 ), #66 ) ;
#5255 = CARTESIAN_POINT ( 'NONE',  ( -0.6500000000000001332, -1.000000000000000000, 3.408578643762690596 ) ) ;
#5256 = DIRECTION ( 'NONE',  ( -1.000000000000000000, 0.0000000000000000000, 0.0000000000000000000 ) ) ;
#5257 = ORIENTED_EDGE ( 'NONE', *, *, #1955, .F. ) ;
#5258 = CARTESIAN_POINT ( 'NONE',  ( -4.250551775759736195, 1.649413372940461864, 1.432713191421225218 ) ) ;
#5259 = AXIS2_PLACEMENT_3D ( 'NONE', #1580, #2931, #5291 ) ;
#5260 = APPLICATION_PROTOCOL_DEFINITION ( 'draft international standard', 'automotive_design', 1998, #5776 ) ;
#5261 = ORIENTED_EDGE ( 'NONE', *, *, #1925, .F. ) ;
#5262 =( GEOMETRIC_REPRESENTATION_CONTEXT ( 3 ) GLOBAL_UNCERTAINTY_ASSIGNED_CONTEXT ( ( #2067 ) ) GLOBAL_UNIT_ASSIGNED_CONTEXT ( ( #3578, #3070, #3451 ) ) REPRESENTATION_CONTEXT ( 'NONE', 'WORKASPACE' ) );
#5263 = CARTESIAN_POINT ( 'NONE',  ( -2.850000000000000089, -1.749999999999999778, -1.149999999999999911 ) ) ;
#5264 = ORIENTED_EDGE ( 'NONE', *, *, #105, .F. ) ;
#5265 = DIRECTION ( 'NONE',  ( 0.0000000000000000000, 1.000000000000000000, 0.0000000000000000000 ) ) ;
#5266 = CARTESIAN_POINT ( 'NONE',  ( -4.149413372940456313, -1.750551775759736639, 1.432713191421224774 ) ) ;
#5267 = DIRECTION ( 'NONE',  ( 1.000000000000000000, -0.0000000000000000000, -0.0000000000000000000 ) ) ;
#5268 = FACE_OUTER_BOUND ( 'NONE', #2710, .T. ) ;
#5269 = PRESENTATION_STYLE_ASSIGNMENT (( #3763 ) ) ;
#5270 = EDGE_LOOP ( 'NONE', ( #4620, #735, #5647, #4720, #4878 ) ) ;
#5271 = CARTESIAN_POINT ( 'NONE',  ( 0.0000000000000000000, -1.449999999999999956, 0.0000000000000000000 ) ) ;
#5272 = VECTOR ( 'NONE', #4854, 1000.000000000000000 ) ;
#5273 = CARTESIAN_POINT ( 'NONE',  ( -0.6500000000000001332, 1.000000000000000000, 3.194642898114000040 ) ) ;
#5274 = DIRECTION ( 'NONE',  ( 0.0000000000000000000, 0.0000000000000000000, -1.000000000000000000 ) ) ;
#5275 = ADVANCED_FACE ( 'NONE', ( #2379 ), #3841, .T. ) ;
#5276 = ORIENTED_EDGE ( 'NONE', *, *, #935, .T. ) ;
#5277 = CARTESIAN_POINT ( 'NONE',  ( -4.209017335549511074, 1.745156458918386111, 1.396264897318924003 ) ) ;
#5278 = LINE ( 'NONE', #1479, #5496 ) ;
#5279 = AXIS2_PLACEMENT_3D ( 'NONE', #2449, #3885, #4837 ) ;
#5280 = CARTESIAN_POINT ( 'NONE',  ( -3.896264897318918230, 1.745156458918393660, -1.409017335549510808 ) ) ;
#5281 = VERTEX_POINT ( 'NONE', #4243 ) ;
#5282 = EDGE_CURVE ( 'NONE', #1574, #1692, #5284, .T. ) ;
#5283 = CIRCLE ( 'NONE', #790, 0.09999999999999999167 ) ;
#5284 = LINE ( 'NONE', #2433, #3210 ) ;
#5285 = LINE ( 'NONE', #3460, #3892 ) ;
#5286 = EDGE_CURVE ( 'NONE', #4019, #1139, #1904, .T. ) ;
#5287 = VECTOR ( 'NONE', #1386, 1000.000000000000000 ) ;
#5288 = EDGE_CURVE ( 'NONE', #689, #1219, #990, .T. ) ;
#5289 = CARTESIAN_POINT ( 'NONE',  ( 2.850000000000000089, -1.749999999999999778, -1.149999999999999911 ) ) ;
#5290 =( LENGTH_UNIT ( ) NAMED_UNIT ( * ) SI_UNIT ( .MILLI., .METRE. ) );
#5291 = DIRECTION ( 'NONE',  ( 0.0000000000000000000, 0.0000000000000000000, -1.000000000000000000 ) ) ;
#5292 = ORIENTED_EDGE ( 'NONE', *, *, #4876, .T. ) ;
#5293 = FACE_OUTER_BOUND ( 'NONE', #2440, .T. ) ;
#5294 = CARTESIAN_POINT ( 'NONE',  ( 3.949999999999999289, -1.708578643762690641, -0.4914213562373094812 ) ) ;
#5295 = CIRCLE ( 'NONE', #1576, 0.09999999999999982514 ) ;
#5296 = ORIENTED_EDGE ( 'NONE', *, *, #2296, .T. ) ;
#5297 = CIRCLE ( 'NONE', #1293, 0.09999999999999982514 ) ;
#5298 = DIRECTION ( 'NONE',  ( 1.000000000000000000, 0.0000000000000000000, 0.0000000000000000000 ) ) ;
#5299 = ORIENTED_EDGE ( 'NONE', *, *, #4476, .T. ) ;
#5300 = CARTESIAN_POINT ( 'NONE',  ( -1.100000000000000089, 1.000000000000000000, 3.194642898114000040 ) ) ;
#5301 = DIRECTION ( 'NONE',  ( -1.000000000000000000, -0.0000000000000000000, 0.0000000000000000000 ) ) ;
#5302 = STYLED_ITEM ( 'NONE', ( #5684 ), #3753 ) ;
#5303 = CARTESIAN_POINT ( 'NONE',  ( -2.000000000000000000, -1.000000000000000000, 3.350000000000000089 ) ) ;
#5304 = CARTESIAN_POINT ( 'NONE',  ( 3.920710678118655146, 1.649999999999999911, -1.420710678118654924 ) ) ;
#5305 =( LENGTH_UNIT ( ) NAMED_UNIT ( * ) SI_UNIT ( .MILLI., .METRE. ) );
#5306 = ORIENTED_EDGE ( 'NONE', *, *, #2071, .T. ) ;
#5307 =( GEOMETRIC_REPRESENTATION_CONTEXT ( 3 ) GLOBAL_UNCERTAINTY_ASSIGNED_CONTEXT ( ( #6138 ) ) GLOBAL_UNIT_ASSIGNED_CONTEXT ( ( #4424, #3934, #3527 ) ) REPRESENTATION_CONTEXT ( 'NONE', 'WORKASPACE' ) );
#5308 = FILL_AREA_STYLE ('',( #565 ) ) ;
#5309 = DIRECTION ( 'NONE',  ( -0.0000000000000000000, 1.000000000000000000, -0.0000000000000000000 ) ) ;
#5310 = EDGE_LOOP ( 'NONE', ( #4406, #4119, #1209 ) ) ;
#5311 = CARTESIAN_POINT ( 'NONE',  ( -1.899999999999999911, -0.8000000000000000444, 3.449999999999999734 ) ) ;
#5312 = CARTESIAN_POINT ( 'NONE',  ( 2.700000000000000178, -1.449999999999999956, -1.750000000000000000 ) ) ;
#5313 = ORIENTED_EDGE ( 'NONE', *, *, #3024, .T. ) ;
#5314 = CARTESIAN_POINT ( 'NONE',  ( -4.249995558710894628, -1.607914060830241132, -0.3907530940204975711 ) ) ;
#5315 = VECTOR ( 'NONE', #1220, 1000.000000000000000 ) ;
#5316 = EDGE_CURVE ( 'NONE', #2579, #1950, #1709, .T. ) ;
#5317 = DIRECTION ( 'NONE',  ( -0.0000000000000000000, -1.000000000000000000, -0.0000000000000000000 ) ) ;
#5318 = CARTESIAN_POINT ( 'NONE',  ( -4.220710678118648751, -1.709017335549510408, 1.420710678118660475 ) ) ;
#5319 = DIRECTION ( 'NONE',  ( 0.0000000000000000000, -0.0000000000000000000, 1.000000000000000000 ) ) ;
#5320 = MECHANICAL_DESIGN_GEOMETRIC_PRESENTATION_REPRESENTATION (  '', ( #2519 ), #2421 ) ;
#5321 = DIRECTION ( 'NONE',  ( -0.4472135954999979512, 0.8944271909998958714, 0.0000000000000000000 ) ) ;
#5322 = ORIENTED_EDGE ( 'NONE', *, *, #3869, .T. ) ;
#5323 = CARTESIAN_POINT ( 'NONE',  ( 4.250000000000000000, -1.649999999999999911, 1.449999999999999956 ) ) ;
#5324 = EDGE_CURVE ( 'NONE', #341, #4350, #3314, .T. ) ;
#5325 = EDGE_CURVE ( 'NONE', #2987, #777, #4362, .T. ) ;
#5326 =( NAMED_UNIT ( * ) PLANE_ANGLE_UNIT ( ) SI_UNIT ( $, .RADIAN. ) );
#5327 =( BOUNDED_SURFACE ( )  B_SPLINE_SURFACE ( 3, 3, ( 
 ( #1371, #3150, #1842, #4151 ),
 ( #5113, #3251, #5081, #797 ),
 ( #5203, #5173, #2266, #4641 ),
 ( #4187, #2727, #4224, #2792 ) ),
 .UNSPECIFIED., .F., .F., .F. ) 
 B_SPLINE_SURFACE_WITH_KNOTS ( ( 4, 4 ),
 ( 4, 4 ),
 ( 0.0000000000000000000, 1.000000000000000000 ),
 ( 0.0000000000000000000, 1.000000000000000000 ),
 .UNSPECIFIED. ) 
 GEOMETRIC_REPRESENTATION_ITEM ( )  RATIONAL_B_SPLINE_SURFACE ( (
 ( 1.000000000000000000, 0.8047378541243653816, 0.8047378541243653816, 1.000000000000000000),
 ( 0.8025111867385910092, 0.6458111303268115888, 0.6458111303268115888, 0.8025111867385910092),
 ( 0.8025111867385910092, 0.6458111303268115888, 0.6458111303268115888, 0.8025111867385910092),
 ( 1.000000000000000000, 0.8047378541243653816, 0.8047378541243653816, 1.000000000000000000) ) ) 
 REPRESENTATION_ITEM ( '' )  SURFACE ( )  );
#5328 = VECTOR ( 'NONE', #5219, 1000.000000000000000 ) ;
#5329 = UNCERTAINTY_MEASURE_WITH_UNIT (LENGTH_MEASURE( 1.000000000000000082E-05 ), #4039, 'distance_accuracy_value', 'NONE');
#5330 = ORIENTED_EDGE ( 'NONE', *, *, #1828, .T. ) ;
#5331 = CARTESIAN_POINT ( 'NONE',  ( 0.0000000000000000000, -1.750000000000000000, -1.350000000000000089 ) ) ;
#5332 = ORIENTED_EDGE ( 'NONE', *, *, #3897, .T. ) ;
#5333 =( NAMED_UNIT ( * ) PLANE_ANGLE_UNIT ( ) SI_UNIT ( $, .RADIAN. ) );
#5334 = VECTOR ( 'NONE', #1196, 1000.000000000000000 ) ;
#5335 = ADVANCED_FACE ( 'NONE', ( #3928 ), #198, .T. ) ;
#5336 = VERTEX_POINT ( 'NONE', #4419 ) ;
#5337 = ORIENTED_EDGE ( 'NONE', *, *, #1679, .F. ) ;
#5338 = LINE ( 'NONE', #598, #5389 ) ;
#5339 = DIRECTION ( 'NONE',  ( 0.0000000000000000000, -1.000000000000000000, 0.0000000000000000000 ) ) ;
#5340 = ORIENTED_EDGE ( 'NONE', *, *, #4943, .F. ) ;
#5341 = LINE ( 'NONE', #43, #5895 ) ;
#5342 = CARTESIAN_POINT ( 'NONE',  ( -1.350000000000000089, 1.000000000000000000, 3.350000000000000089 ) ) ;
#5343 = ORIENTED_EDGE ( 'NONE', *, *, #2034, .T. ) ;
#5344 = CARTESIAN_POINT ( 'NONE',  ( -1.800000000000000266, 1.000000000000000000, 10.61979999999999968 ) ) ;
#5345 = SURFACE_STYLE_FILL_AREA ( #2383 ) ;
#5346 = CARTESIAN_POINT ( 'NONE',  ( -2.149999999999999911, 1.749999999999999778, -1.149999999999999911 ) ) ;
#5347 = ORIENTED_EDGE ( 'NONE', *, *, #4990, .F. ) ;
#5348 = AXIS2_PLACEMENT_3D ( 'NONE', #6100, #1769, #4142 ) ;
#5349 = DIRECTION ( 'NONE',  ( -0.0000000000000000000, -1.000000000000000000, -0.0000000000000000000 ) ) ;
#5350 = CARTESIAN_POINT ( 'NONE',  ( -1.899053323414015670, 0.8584586321586989976, 3.449995518916213477 ) ) ;
#5351 = ORIENTED_EDGE ( 'NONE', *, *, #2553, .F. ) ;
#5352 = PRESENTATION_STYLE_ASSIGNMENT (( #114 ) ) ;
#5353 = DIRECTION ( 'NONE',  ( -1.000000000000000000, -0.0000000000000000000, -0.0000000000000000000 ) ) ;
#5354 = EDGE_CURVE ( 'NONE', #540, #2774, #5932, .T. ) ;
#5355 =( GEOMETRIC_REPRESENTATION_CONTEXT ( 3 ) GLOBAL_UNCERTAINTY_ASSIGNED_CONTEXT ( ( #4254 ) ) GLOBAL_UNIT_ASSIGNED_CONTEXT ( ( #5881, #3505, #1498 ) ) REPRESENTATION_CONTEXT ( 'NONE', 'WORKASPACE' ) );
#5356 = ORIENTED_EDGE ( 'NONE', *, *, #3510, .F. ) ;
#5357 = VERTEX_POINT ( 'NONE', #2617 ) ;
#5358 = COLOUR_RGB ( '',0.9294117647058823817, 0.9294117647058823817, 0.9372549019607843146 ) ;
#5359 = CARTESIAN_POINT ( 'NONE',  ( 3.649999999999999911, -0.8499999999999999778, -1.449999999999999956 ) ) ;
#5360 = FACE_OUTER_BOUND ( 'NONE', #5367, .T. ) ;
#5361 = SURFACE_STYLE_USAGE ( .BOTH. , #947 ) ;
#5362 = AXIS2_PLACEMENT_3D ( 'NONE', #3767, #1507, #5274 ) ;
#5363 = AXIS2_PLACEMENT_3D ( 'NONE', #3338, #5256, #5810 ) ;
#5364 = EDGE_CURVE ( 'NONE', #2177, #4959, #5406, .T. ) ;
#5365 = DIRECTION ( 'NONE',  ( 1.000000000000000000, 0.0000000000000000000, 0.0000000000000000000 ) ) ;
#5366 = EDGE_CURVE ( 'NONE', #2979, #2950, #1920, .T. ) ;
#5367 = EDGE_LOOP ( 'NONE', ( #2036, #1211, #1467 ) ) ;
#5368 = ORIENTED_EDGE ( 'NONE', *, *, #5888, .F. ) ;
#5369 =( LENGTH_UNIT ( ) NAMED_UNIT ( * ) SI_UNIT ( .MILLI., .METRE. ) );
#5370 = SURFACE_STYLE_USAGE ( .BOTH. , #1167 ) ;
#5371 = ORIENTED_EDGE ( 'NONE', *, *, #5288, .T. ) ;
#5372 = AXIS2_PLACEMENT_3D ( 'NONE', #2262, #4121, #4605 ) ;
#5373 = AXIS2_PLACEMENT_3D ( 'NONE', #3434, #2561, #2063 ) ;
#5374 = ORIENTED_EDGE ( 'NONE', *, *, #925, .T. ) ;
#5375 = LINE ( 'NONE', #4520, #345 ) ;
#5376 = LINE ( 'NONE', #5037, #1098 ) ;
#5377 = DIRECTION ( 'NONE',  ( 1.000000000000000000, 0.0000000000000000000, 0.0000000000000000000 ) ) ;
#5378 = LINE ( 'NONE', #5841, #3874 ) ;
#5379 = ORIENTED_EDGE ( 'NONE', *, *, #4640, .F. ) ;
#5380 = CIRCLE ( 'NONE', #4367, 0.09999999999999999167 ) ;
#5381 = DIRECTION ( 'NONE',  ( 0.0000000000000000000, -1.000000000000000000, 0.0000000000000000000 ) ) ;
#5382 = MECHANICAL_DESIGN_GEOMETRIC_PRESENTATION_REPRESENTATION (  '', ( #2976 ), #509 ) ;
#5383 = UNCERTAINTY_MEASURE_WITH_UNIT (LENGTH_MEASURE( 1.000000000000000082E-05 ), #5305, 'distance_accuracy_value', 'NONE');
#5384 = ORIENTED_EDGE ( 'NONE', *, *, #2382, .F. ) ;
#5385 = DIRECTION ( 'NONE',  ( 0.0000000000000000000, 0.0000000000000000000, -1.000000000000000000 ) ) ;
#5386 = EDGE_LOOP ( 'NONE', ( #3849, #3604, #638, #2620 ) ) ;
#5387 = CARTESIAN_POINT ( 'NONE',  ( 2.250000000000000444, -4.549999999999999822, -1.149999999999999911 ) ) ;
#5388 = CARTESIAN_POINT ( 'NONE',  ( -0.3499999999999999778, -5.179999999999999716, -1.149999999999999911 ) ) ;
#5389 = VECTOR ( 'NONE', #1475, 1000.000000000000000 ) ;
#5390 = AXIS2_PLACEMENT_3D ( 'NONE', #3201, #4586, #1235 ) ;
#5391 = EDGE_CURVE ( 'NONE', #1615, #1756, #5375, .T. ) ;
#5392 = CARTESIAN_POINT ( 'NONE',  ( -4.250000000000000000, -1.750000000000000000, -1.449999999999999956 ) ) ;
#5393 = ORIENTED_EDGE ( 'NONE', *, *, #2458, .F. ) ;
#5394 = CARTESIAN_POINT ( 'NONE',  ( 3.932842712474618363, -1.749999999999999556, -0.3499999999999999223 ) ) ;
#5395 = EDGE_LOOP ( 'NONE', ( #723, #3228, #2842, #3497 ) ) ;
#5396 = CARTESIAN_POINT ( 'NONE',  ( -1.649999999999999911, 1.000000000000000000, 3.294642898114000129 ) ) ;
#5397 = PRESENTATION_STYLE_ASSIGNMENT (( #5370 ) ) ;
#5398 = ORIENTED_EDGE ( 'NONE', *, *, #3711, .T. ) ;
#5399 = AXIS2_PLACEMENT_3D ( 'NONE', #588, #974, #3410 ) ;
#5400 = VECTOR ( 'NONE', #2776, 1000.000000000000000 ) ;
#5401 = FILL_AREA_STYLE_COLOUR ( '', #13 ) ;
#5402 = EDGE_CURVE ( 'NONE', #5861, #4366, #5837, .T. ) ;
#5403 = EDGE_CURVE ( 'NONE', #294, #1215, #3919, .T. ) ;
#5404 = VECTOR ( 'NONE', #3682, 1000.000000000000000 ) ;
#5405 = ORIENTED_EDGE ( 'NONE', *, *, #1879, .T. ) ;
#5406 = LINE ( 'NONE', #2125, #3813 ) ;
#5407 = CARTESIAN_POINT ( 'NONE',  ( 3.950000000000000178, -1.650000000000000355, -0.5500000000000000444 ) ) ;
#5408 = CARTESIAN_POINT ( 'NONE',  ( -2.850000000000000089, -1.649999999999999911, -1.449999999999999956 ) ) ;
#5409 = CARTESIAN_POINT ( 'NONE',  ( -4.149413372940456313, 1.750551775759737305, -0.4327131914212246633 ) ) ;
#5410 = ORIENTED_EDGE ( 'NONE', *, *, #5464, .T. ) ;
#5411 = CARTESIAN_POINT ( 'NONE',  ( -0.1945276744110603639, -0.9944628838446522012, 3.383682560158614461 ) ) ;
#5412 = EDGE_LOOP ( 'NONE', ( #3127, #1744, #1804 ) ) ;
#5413 = CARTESIAN_POINT ( 'NONE',  ( -4.149999999999999467, -1.762442236293275899, -0.3789791199440341041 ) ) ;
#5414 = AXIS2_PLACEMENT_3D ( 'NONE', #5726, #1434, #2472 ) ;
#5415 = EDGE_LOOP ( 'NONE', ( #2633, #3071, #167, #5371 ) ) ;
#5416 = FILL_AREA_STYLE_COLOUR ( '', #2054 ) ;
#5417 = DIRECTION ( 'NONE',  ( -0.0000000000000000000, 0.0000000000000000000, -1.000000000000000000 ) ) ;
#5418 = AXIS2_PLACEMENT_3D ( 'NONE', #4299, #1930, #1451 ) ;
#5419 = DIRECTION ( 'NONE',  ( 1.000000000000000000, 0.0000000000000000000, -0.0000000000000000000 ) ) ;
#5420 = ORIENTED_EDGE ( 'NONE', *, *, #4468, .F. ) ;
#5421 = VECTOR ( 'NONE', #650, 1000.000000000000000 ) ;
#5422 = DIRECTION ( 'NONE',  ( -2.368660823037770974E-13, 2.368660823037770974E-13, 1.000000000000000000 ) ) ;
#5423 = EDGE_LOOP ( 'NONE', ( #1978, #5340, #3104, #2031 ) ) ;
#5424 = ORIENTED_EDGE ( 'NONE', *, *, #2601, .F. ) ;
#5425 = EDGE_CURVE ( 'NONE', #4131, #4497, #3550, .T. ) ;
#5426 = VERTEX_POINT ( 'NONE', #3020 ) ;
#5427 = CARTESIAN_POINT ( 'NONE',  ( -3.649999999999999911, 1.449999999999999956, -2.049999999999999822 ) ) ;
#5428 = EDGE_CURVE ( 'NONE', #3039, #2987, #3717, .T. ) ;
#5429 = ORIENTED_EDGE ( 'NONE', *, *, #5973, .F. ) ;
#5430 = CARTESIAN_POINT ( 'NONE',  ( -0.4914213562373096478, 0.9585786437626905299, 3.449999999999999734 ) ) ;
#5431 = ADVANCED_FACE ( 'NONE', ( #3991 ), #1603, .F. ) ;
#5432 = DIRECTION ( 'NONE',  ( 0.7071067811865474617, 0.7071067811865474617, 0.0000000000000000000 ) ) ;
#5433 = DIRECTION ( 'NONE',  ( 0.0000000000000000000, 0.0000000000000000000, -1.000000000000000000 ) ) ;
#5434 = EDGE_CURVE ( 'NONE', #1261, #1215, #1544, .T. ) ;
#5435 = ORIENTED_EDGE ( 'NONE', *, *, #966, .T. ) ;
#5436 = EDGE_CURVE ( 'NONE', #2542, #219, #1440, .T. ) ;
#5437 = DIRECTION ( 'NONE',  ( 0.0000000000000000000, 0.0000000000000000000, -1.000000000000000000 ) ) ;
#5438 = PLANE ( 'NONE',  #2171 ) ;
#5439 = EDGE_LOOP ( 'NONE', ( #1173, #5830, #2470, #4332 ) ) ;
#5440 = FACE_OUTER_BOUND ( 'NONE', #4820, .T. ) ;
#5441 = CARTESIAN_POINT ( 'NONE',  ( -0.5500000000000000444, 6.312599999999999767, 3.350000000000000089 ) ) ;
#5442 = UNCERTAINTY_MEASURE_WITH_UNIT (LENGTH_MEASURE( 1.000000000000000082E-05 ), #2897, 'distance_accuracy_value', 'NONE');
#5443 = EDGE_LOOP ( 'NONE', ( #1509, #871, #4603, #3575 ) ) ;
#5444 = ORIENTED_EDGE ( 'NONE', *, *, #1459, .T. ) ;
#5445 = CARTESIAN_POINT ( 'NONE',  ( -4.262164124680904997, 1.650000000000000577, -0.3199624396807915772 ) ) ;
#5446 = LINE ( 'NONE', #5825, #2768 ) ;
#5447 = VECTOR ( 'NONE', #3738, 1000.000000000000000 ) ;
#5448 = DIRECTION ( 'NONE',  ( 1.000000000000000000, -0.0000000000000000000, 0.0000000000000000000 ) ) ;
#5449 = VECTOR ( 'NONE', #2291, 1000.000000000000000 ) ;
#5450 = VERTEX_POINT ( 'NONE', #3522 ) ;
#5451 = CARTESIAN_POINT ( 'NONE',  ( -4.091846761596074078E-14, 0.8000000000000143663, 3.350000000000001421 ) ) ;
#5452 = ORIENTED_EDGE ( 'NONE', *, *, #5164, .T. ) ;
#5453 = DIRECTION ( 'NONE',  ( -0.4472135954999979512, -0.8944271909998958714, 0.0000000000000000000 ) ) ;
#5454 = ORIENTED_EDGE ( 'NONE', *, *, #6154, .T. ) ;
#5455 = VECTOR ( 'NONE', #2428, 1000.000000000000000 ) ;
#5456 = VERTEX_POINT ( 'NONE', #4879 ) ;
#5457 = DIRECTION ( 'NONE',  ( -0.0000000000000000000, -1.000000000000000000, -0.0000000000000000000 ) ) ;
#5458 = ORIENTED_EDGE ( 'NONE', *, *, #6003, .F. ) ;
#5459 = PRESENTATION_LAYER_ASSIGNMENT (  '', '', ( #1963 ) ) ;
#5460 = DIRECTION ( 'NONE',  ( -0.4472135954999979512, -0.8944271909998958714, 0.0000000000000000000 ) ) ;
#5461 = DIRECTION ( 'NONE',  ( 1.000000000000000000, -0.0000000000000000000, 0.0000000000000000000 ) ) ;
#5462 = VECTOR ( 'NONE', #2004, 1000.000000000000000 ) ;
#5463 = CARTESIAN_POINT ( 'NONE',  ( -3.908578643762689708, 1.749999999999999556, -0.5500000000000000444 ) ) ;
#5464 = EDGE_CURVE ( 'NONE', #4226, #77, #1141, .T. ) ;
#5465 = CARTESIAN_POINT ( 'NONE',  ( -4.220710678118648751, 1.649999999999999689, -0.4207106781186600863 ) ) ;
#5466 = ORIENTED_EDGE ( 'NONE', *, *, #5888, .T. ) ;
#5467 = PRESENTATION_STYLE_ASSIGNMENT (( #2996 ) ) ;
#5468 = CARTESIAN_POINT ( 'NONE',  ( -0.1010643235428501374, -0.8210134435399945030, 3.449994910329490239 ) ) ;
#5469 = ORIENTED_EDGE ( 'NONE', *, *, #5670, .T. ) ;
#5470 = DIRECTION ( 'NONE',  ( 1.000000000000000000, 0.0000000000000000000, 0.0000000000000000000 ) ) ;
#5471 = FILL_AREA_STYLE ('',( #1240 ) ) ;
#5472 = CARTESIAN_POINT ( 'NONE',  ( -2.700000000000000178, -1.449999999999999956, -1.750000000000000000 ) ) ;
#5473 = EDGE_CURVE ( 'NONE', #4494, #2739, #608, .T. ) ;
#5474 = EDGE_CURVE ( 'NONE', #3037, #5959, #872, .T. ) ;
#5475 = AXIS2_PLACEMENT_3D ( 'NONE', #2495, #5865, #4392 ) ;
#5476 = ORIENTED_EDGE ( 'NONE', *, *, #1222, .F. ) ;
#5477 = DIRECTION ( 'NONE',  ( 0.0000000000000000000, 0.0000000000000000000, -1.000000000000000000 ) ) ;
#5478 = ORIENTED_EDGE ( 'NONE', *, *, #5286, .T. ) ;
#5479 = CARTESIAN_POINT ( 'NONE',  ( -4.191063282180840233, 1.750551775759737971, -0.3910632821808465720 ) ) ;
#5480 = CIRCLE ( 'NONE', #3474, 0.09999999999999999167 ) ;
#5481 = CARTESIAN_POINT ( 'NONE',  ( 0.0000000000000000000, 1.750000000000000000, -0.3499999999999999778 ) ) ;
#5482 = CARTESIAN_POINT ( 'NONE',  ( 4.049999999999999822, 1.750000000000000000, -0.3500000000000000333 ) ) ;
#5483 = VERTEX_POINT ( 'NONE', #320 ) ;
#5484 = SURFACE_STYLE_FILL_AREA ( #2660 ) ;
#5485 = ORIENTED_EDGE ( 'NONE', *, *, #2351, .T. ) ;
#5486 = PRESENTATION_STYLE_ASSIGNMENT (( #4510 ) ) ;
#5487 = CARTESIAN_POINT ( 'NONE',  ( 2.749999999999996891, -3.049999999999998490, -1.149999999999999911 ) ) ;
#5488 = STYLED_ITEM ( 'NONE', ( #3129 ), #4588 ) ;
#5489 = VECTOR ( 'NONE', #1006, 1000.000000000000000 ) ;
#5490 = PLANE ( 'NONE',  #3366 ) ;
#5491 = VERTEX_POINT ( 'NONE', #811 ) ;
#5492 = CARTESIAN_POINT ( 'NONE',  ( 2.149999999999999911, -5.179999999999999716, -1.149999999999999911 ) ) ;
#5493 = ORIENTED_EDGE ( 'NONE', *, *, #2150, .F. ) ;
#5494 = AXIS2_PLACEMENT_3D ( 'NONE', #329, #3620, #789 ) ;
#5495 = CARTESIAN_POINT ( 'NONE',  ( -2.149999999999999911, -1.750000000000000000, -1.449999999999999956 ) ) ;
#5496 = VECTOR ( 'NONE', #3390, 1000.000000000000000 ) ;
#5497 = FACE_OUTER_BOUND ( 'NONE', #3797, .T. ) ;
#5498 = ORIENTED_EDGE ( 'NONE', *, *, #5845, .F. ) ;
#5499 = CARTESIAN_POINT ( 'NONE',  ( -2.850000000000000089, -1.750000000000000000, -1.350000000000000089 ) ) ;
#5500 = FACE_OUTER_BOUND ( 'NONE', #5045, .T. ) ;
#5501 = ORIENTED_EDGE ( 'NONE', *, *, #1706, .F. ) ;
#5502 = AXIS2_PLACEMENT_3D ( 'NONE', #3647, #2290, #1809 ) ;
#5503 = DIRECTION ( 'NONE',  ( 0.0000000000000000000, 1.000000000000000000, 0.0000000000000000000 ) ) ;
#5504 = DIRECTION ( 'NONE',  ( -0.0000000000000000000, 1.000000000000000000, -0.0000000000000000000 ) ) ;
#5505 = EDGE_CURVE ( 'NONE', #1556, #2461, #422, .T. ) ;
#5506 = UNCERTAINTY_MEASURE_WITH_UNIT (LENGTH_MEASURE( 1.000000000000000082E-05 ), #3877, 'distance_accuracy_value', 'NONE');
#5507 = CARTESIAN_POINT ( 'NONE',  ( -0.3499999999999998668, -2.850000000000000089, -1.449999999999999956 ) ) ;
#5508 = ADVANCED_FACE ( 'NONE', ( #1234 ), #2282, .T. ) ;
#5509 = ORIENTED_EDGE ( 'NONE', *, *, #2155, .T. ) ;
#5510 = FACE_OUTER_BOUND ( 'NONE', #5178, .T. ) ;
#5511 =( NAMED_UNIT ( * ) PLANE_ANGLE_UNIT ( ) SI_UNIT ( $, .RADIAN. ) );
#5512 = CARTESIAN_POINT ( 'NONE',  ( -3.891063282180844407, -1.750551775759736417, -1.391063282180844185 ) ) ;
#5513 = CARTESIAN_POINT ( 'NONE',  ( 4.208901866519354051, 1.619962439680784350, -0.4621641246809027881 ) ) ;
#5514 = ORIENTED_EDGE ( 'NONE', *, *, #2832, .F. ) ;
#5515 = EDGE_CURVE ( 'NONE', #988, #350, #4311, .T. ) ;
#5516 = VERTEX_POINT ( 'NONE', #6055 ) ;
#5517 =( NAMED_UNIT ( * ) PLANE_ANGLE_UNIT ( ) SI_UNIT ( $, .RADIAN. ) );
#5518 = VECTOR ( 'NONE', #3966, 1000.000000000000000 ) ;
#5519 = PLANE ( 'NONE',  #5107 ) ;
#5520 =( BOUNDED_SURFACE ( )  B_SPLINE_SURFACE ( 3, 3, ( 
 ( #6143, #62, #5792, #498 ),
 ( #945, #1380, #2885, #2854 ),
 ( #3347, #5266, #1849, #3854 ),
 ( #33, #1919, #3760, #3823 ) ),
 .UNSPECIFIED., .F., .F., .F. ) 
 B_SPLINE_SURFACE_WITH_KNOTS ( ( 4, 4 ),
 ( 4, 4 ),
 ( 0.0000000000000000000, 1.000000000000000000 ),
 ( 0.0000000000000000000, 1.000000000000000000 ),
 .UNSPECIFIED. ) 
 GEOMETRIC_REPRESENTATION_ITEM ( )  RATIONAL_B_SPLINE_SURFACE ( (
 ( 1.000000000000000000, 0.8047378541243658256, 0.8047378541243658256, 1.000000000000000000),
 ( 0.8025111867385936737, 0.6458111303268141423, 0.6458111303268141423, 0.8025111867385936737),
 ( 0.8025111867385936737, 0.6458111303268141423, 0.6458111303268141423, 0.8025111867385936737),
 ( 1.000000000000000000, 0.8047378541243658256, 0.8047378541243658256, 1.000000000000000000) ) ) 
 REPRESENTATION_ITEM ( '' )  SURFACE ( )  );
#5521 = VECTOR ( 'NONE', #3298, 1000.000000000000000 ) ;
#5522 = DIRECTION ( 'NONE',  ( 0.0000000000000000000, 0.0000000000000000000, -1.000000000000000000 ) ) ;
#5523 = VERTEX_POINT ( 'NONE', #2217 ) ;
#5524 = CARTESIAN_POINT ( 'NONE',  ( -2.000000000000000000, 1.000000000000000000, 0.9499999999999999556 ) ) ;
#5525 = VERTEX_POINT ( 'NONE', #781 ) ;
#5526 = CARTESIAN_POINT ( 'NONE',  ( 4.220710678118654968, -1.709017335549511074, 1.420710678118654924 ) ) ;
#5527 = FACE_OUTER_BOUND ( 'NONE', #853, .T. ) ;
#5528 = CARTESIAN_POINT ( 'NONE',  ( -3.949999999999999734, -1.650000000000000355, -0.5500000000000009326 ) ) ;
#5529 = DIRECTION ( 'NONE',  ( 1.000000000000000000, -0.0000000000000000000, 0.0000000000000000000 ) ) ;
#5530 = ORIENTED_EDGE ( 'NONE', *, *, #5020, .F. ) ;
#5531 =( NAMED_UNIT ( * ) PLANE_ANGLE_UNIT ( ) SI_UNIT ( $, .RADIAN. ) );
#5532 = DIRECTION ( 'NONE',  ( 0.0000000000000000000, 0.0000000000000000000, -1.000000000000000000 ) ) ;
#5533 = PRESENTATION_STYLE_ASSIGNMENT (( #362 ) ) ;
#5534 = EDGE_CURVE ( 'NONE', #3409, #3065, #1667, .T. ) ;
#5535 = CARTESIAN_POINT ( 'NONE',  ( -2.700000000000000178, -1.449999999999999956, -1.750000000000000000 ) ) ;
#5536 = ORIENTED_EDGE ( 'NONE', *, *, #707, .F. ) ;
#5537 = DIRECTION ( 'NONE',  ( 1.000000000000000000, -0.0000000000000000000, -0.0000000000000000000 ) ) ;
#5538 = DIRECTION ( 'NONE',  ( -0.0000000000000000000, -0.0000000000000000000, 1.000000000000000000 ) ) ;
#5539 = CYLINDRICAL_SURFACE ( 'NONE', #5883, 0.09999999999999982514 ) ;
#5540 = DIRECTION ( 'NONE',  ( 0.0000000000000000000, 0.0000000000000000000, -1.000000000000000000 ) ) ;
#5541 = CARTESIAN_POINT ( 'NONE',  ( 4.220710678118654968, -1.649999999999999911, -0.4207106781186552014 ) ) ;
#5542 = ORIENTED_EDGE ( 'NONE', *, *, #4235, .F. ) ;
#5543 = EDGE_CURVE ( 'NONE', #502, #4627, #3610, .T. ) ;
#5544 = ORIENTED_EDGE ( 'NONE', *, *, #3015, .T. ) ;
#5545 = DIRECTION ( 'NONE',  ( -1.000000000000000000, 0.0000000000000000000, 0.0000000000000000000 ) ) ;
#5546 = CARTESIAN_POINT ( 'NONE',  ( 4.078626039772359491, 1.720041115078380312, 1.349999999999966338 ) ) ;
#5547 = CARTESIAN_POINT ( 'NONE',  ( 0.0000000000000000000, -1.750000000000000000, -0.3499999999999999778 ) ) ;
#5548 = ADVANCED_FACE ( 'NONE', ( #2184 ), #2725, .T. ) ;
#5549 = STYLED_ITEM ( 'NONE', ( #937 ), #443 ) ;
#5550 = ADVANCED_FACE ( 'NONE', ( #5124 ), #1473, .T. ) ;
#5551 = CARTESIAN_POINT ( 'NONE',  ( 0.0000000000000000000, 1.750000000000000000, -0.3499999999999999778 ) ) ;
#5552 = VERTEX_POINT ( 'NONE', #42 ) ;
#5553 = FILL_AREA_STYLE_COLOUR ( '', #3271 ) ;
#5554 = CARTESIAN_POINT ( 'NONE',  ( -3.819962439680771205, -1.708901866519337398, -1.462164124680916943 ) ) ;
#5555 = LINE ( 'NONE', #812, #5400 ) ;
#5556 =( BOUNDED_SURFACE ( )  B_SPLINE_SURFACE ( 3, 3, ( 
 ( #5541, #3186, #3151, #4036 ),
 ( #5572, #2239, #5023, #1251 ),
 ( #4642, #370, #2605, #1779 ),
 ( #5114, #711, #4994, #3656 ) ),
 .UNSPECIFIED., .F., .F., .F. ) 
 B_SPLINE_SURFACE_WITH_KNOTS ( ( 4, 4 ),
 ( 4, 4 ),
 ( 0.0000000000000000000, 1.000000000000000000 ),
 ( 0.0000000000000000000, 1.000000000000000000 ),
 .UNSPECIFIED. ) 
 GEOMETRIC_REPRESENTATION_ITEM ( )  RATIONAL_B_SPLINE_SURFACE ( (
 ( 1.000000000000000000, 0.8047378541243658256, 0.8047378541243658256, 1.000000000000000000),
 ( 0.8025111867385914532, 0.6458111303268123660, 0.6458111303268123660, 0.8025111867385914532),
 ( 0.8025111867385914532, 0.6458111303268123660, 0.6458111303268123660, 0.8025111867385914532),
 ( 1.000000000000000000, 0.8047378541243658256, 0.8047378541243658256, 1.000000000000000000) ) ) 
 REPRESENTATION_ITEM ( '' )  SURFACE ( )  );
#5557 = CARTESIAN_POINT ( 'NONE',  ( -3.849333577425368969, 1.649333577425370123, -1.449995558710895249 ) ) ;
#5558 = CARTESIAN_POINT ( 'NONE',  ( 0.3500000000000000333, -1.750000000000000000, -1.449999999999999956 ) ) ;
#5559 = EDGE_LOOP ( 'NONE', ( #1044, #1447, #2124, #1361 ) ) ;
#5560 = PLANE ( 'NONE',  #313 ) ;
#5561 = CARTESIAN_POINT ( 'NONE',  ( 3.932713191421225218, -1.649413372940463418, -1.450551775759736817 ) ) ;
#5562 = CARTESIAN_POINT ( 'NONE',  ( 3.908578643762689708, 1.750000000000000000, -0.5500000000000002665 ) ) ;
#5563 = AXIS2_PLACEMENT_3D ( 'NONE', #855, #1739, #2173 ) ;
#5564 = STYLED_ITEM ( 'NONE', ( #6167 ), #1443 ) ;
#5565 = DIRECTION ( 'NONE',  ( 0.0000000000000000000, 0.0000000000000000000, -1.000000000000000000 ) ) ;
#5566 = EDGE_LOOP ( 'NONE', ( #2627, #276, #1928 ) ) ;
#5567 = CARTESIAN_POINT ( 'NONE',  ( -0.7500000000000000000, 6.312599999999999767, 3.294642898114000129 ) ) ;
#5568 = FACE_OUTER_BOUND ( 'NONE', #4871, .T. ) ;
#5569 = LINE ( 'NONE', #1343, #3783 ) ;
#5570 = AXIS2_PLACEMENT_3D ( 'NONE', #5392, #1534, #1107 ) ;
#5571 = LINE ( 'NONE', #1282, #6025 ) ;
#5572 = CARTESIAN_POINT ( 'NONE',  ( 4.262442236293276565, -1.650000000000000577, -0.3789791199440343816 ) ) ;
#5573 = ORIENTED_EDGE ( 'NONE', *, *, #5053, .F. ) ;
#5574 = CARTESIAN_POINT ( 'NONE',  ( 3.819962439680785415, -1.762164124680901889, -1.408901866519355561 ) ) ;
#5575 = ORIENTED_EDGE ( 'NONE', *, *, #890, .T. ) ;
#5576 = VECTOR ( 'NONE', #3710, 1000.000000000000000 ) ;
#5577 = CYLINDRICAL_SURFACE ( 'NONE', #4866, 0.1000000000000000472 ) ;
#5578 = CARTESIAN_POINT ( 'NONE',  ( 0.0000000000000000000, -1.750000000000000000, -1.350000000000000089 ) ) ;
#5579 = SURFACE_SIDE_STYLE ('',( #3662 ) ) ;
#5580 = ADVANCED_FACE ( 'NONE', ( #902 ), #1045, .T. ) ;
#5581 = VECTOR ( 'NONE', #5153, 1000.000000000000000 ) ;
#5582 = CARTESIAN_POINT ( 'NONE',  ( 4.250000000000000000, 1.650000000000000133, -1.449999999999999956 ) ) ;
#5583 = VERTEX_POINT ( 'NONE', #2861 ) ;
#5584 = CARTESIAN_POINT ( 'NONE',  ( -0.3499999999999996447, -1.750000000000000000, -1.449999999999999956 ) ) ;
#5585 = EDGE_CURVE ( 'NONE', #2177, #1657, #6152, .T. ) ;
#5586 = CIRCLE ( 'NONE', #989, 0.1000000000000001443 ) ;
#5587 = CARTESIAN_POINT ( 'NONE',  ( 4.107914060830241354, -1.749995558710895294, 1.390753094020497072 ) ) ;
#5588 = EDGE_CURVE ( 'NONE', #5015, #4954, #5721, .T. ) ;
#5589 = CARTESIAN_POINT ( 'NONE',  ( -0.6500000000000000222, -1.000000000000000000, 3.350000000000000089 ) ) ;
#5590 = VECTOR ( 'NONE', #1241, 1000.000000000000000 ) ;
#5591 = DIRECTION ( 'NONE',  ( 1.000000000000000000, -0.0000000000000000000, 0.0000000000000000000 ) ) ;
#5592 = B_SPLINE_CURVE_WITH_KNOTS ( 'NONE', 3,
 ( #5482, #1199, #3126, #310, #1060, #3252 ),
 .UNSPECIFIED., .F., .F.,
 ( 4, 2, 4 ),
 ( 0.0000000000000000000, 0.4999999999999986677, 1.000000000000000000 ),
 .UNSPECIFIED. ) ;
#5593 = LINE ( 'NONE', #3237, #3576 ) ;
#5594 = ORIENTED_EDGE ( 'NONE', *, *, #6121, .T. ) ;
#5595 = EDGE_CURVE ( 'NONE', #5828, #2737, #4817, .T. ) ;
#5596 = CARTESIAN_POINT ( 'NONE',  ( -0.9999999999999995559, -0.9000000000000000222, 3.449999999999999734 ) ) ;
#5597 = PLANE ( 'NONE',  #1966 ) ;
#5598 = COLOUR_RGB ( '',0.9294117647058823817, 0.9294117647058823817, 0.9372549019607843146 ) ;
#5599 = VECTOR ( 'NONE', #1628, 1000.000000000000000 ) ;
#5600 = AXIS2_PLACEMENT_3D ( 'NONE', #3243, #397, #5601 ) ;
#5601 = DIRECTION ( 'NONE',  ( -1.000000000000000000, -2.168404344971003346E-15, 0.0000000000000000000 ) ) ;
#5602 = DIRECTION ( 'NONE',  ( 1.000000000000000000, -0.0000000000000000000, 0.0000000000000000000 ) ) ;
#5603 = ORIENTED_EDGE ( 'NONE', *, *, #4213, .F. ) ;
#5604 = DIRECTION ( 'NONE',  ( -1.000000000000000000, 0.0000000000000000000, 0.0000000000000000000 ) ) ;
#5605 = DIRECTION ( 'NONE',  ( -0.0000000000000000000, 1.000000000000000000, -0.0000000000000000000 ) ) ;
#5606 = FACE_OUTER_BOUND ( 'NONE', #6110, .T. ) ;
#5607 = CARTESIAN_POINT ( 'NONE',  ( -0.2500000000000000000, -3.049999999999999822, -1.149999999999999911 ) ) ;
#5608 = VERTEX_POINT ( 'NONE', #1899 ) ;
#5609 = CARTESIAN_POINT ( 'NONE',  ( -4.150000000000000355, -1.649999999999999911, 1.350000000000000089 ) ) ;
#5610 = ORIENTED_EDGE ( 'NONE', *, *, #324, .F. ) ;
#5611 = PRESENTATION_STYLE_ASSIGNMENT (( #3696 ) ) ;
#5612 = FACE_OUTER_BOUND ( 'NONE', #2556, .T. ) ;
#5613 = VECTOR ( 'NONE', #2328, 1000.000000000000000 ) ;
#5614 = CARTESIAN_POINT ( 'NONE',  ( 4.107914060830231584, 1.690753094020508218, 1.449995558710894139 ) ) ;
#5615 = CARTESIAN_POINT ( 'NONE',  ( -0.1876941004112768485, 0.9872902564590784191, 3.398059803922372613 ) ) ;
#5616 = ORIENTED_EDGE ( 'NONE', *, *, #5735, .F. ) ;
#5617 = COLOUR_RGB ( '',0.9294117647058823817, 0.9294117647058823817, 0.9372549019607843146 ) ;
#5618 = ORIENTED_EDGE ( 'NONE', *, *, #2269, .F. ) ;
#5619 = EDGE_CURVE ( 'NONE', #2521, #2058, #2896, .T. ) ;
#5620 = ORIENTED_EDGE ( 'NONE', *, *, #4086, .F. ) ;
#5621 = CARTESIAN_POINT ( 'NONE',  ( -3.896264897318918230, -1.709017335549511074, -1.445156458918393172 ) ) ;
#5622 = CARTESIAN_POINT ( 'NONE',  ( -0.2000000000000000111, 1.000000000000000000, 0.9499999999999999556 ) ) ;
#5623 =( GEOMETRIC_REPRESENTATION_CONTEXT ( 3 ) GLOBAL_UNCERTAINTY_ASSIGNED_CONTEXT ( ( #2898 ) ) GLOBAL_UNIT_ASSIGNED_CONTEXT ( ( #6078, #4197, #1946 ) ) REPRESENTATION_CONTEXT ( 'NONE', 'WORKASPACE' ) );
#5624 = EDGE_CURVE ( 'NONE', #3567, #3447, #2922, .T. ) ;
#5625 = DIRECTION ( 'NONE',  ( -0.0000000000000000000, -1.000000000000000000, 0.0000000000000000000 ) ) ;
#5626 = LINE ( 'NONE', #325, #409 ) ;
#5627 = VERTEX_POINT ( 'NONE', #3863 ) ;
#5628 = EDGE_CURVE ( 'NONE', #5552, #5627, #541, .T. ) ;
#5629 = EDGE_CURVE ( 'NONE', #5822, #3643, #3389, .T. ) ;
#5630 = EDGE_CURVE ( 'NONE', #3420, #540, #3111, .T. ) ;
#5631 = PLANE ( 'NONE',  #322 ) ;
#5632 = LINE ( 'NONE', #1839, #479 ) ;
#5633 = ORIENTED_EDGE ( 'NONE', *, *, #3938, .F. ) ;
#5634 = CARTESIAN_POINT ( 'NONE',  ( -4.220710678118649639, -1.650000000000000355, 1.420710678118659809 ) ) ;
#5635 = FACE_OUTER_BOUND ( 'NONE', #473, .T. ) ;
#5636 = DIRECTION ( 'NONE',  ( 0.0000000000000000000, 0.0000000000000000000, 1.000000000000000000 ) ) ;
#5637 = CARTESIAN_POINT ( 'NONE',  ( -4.049999999999999822, 6.312599999999999767, -0.4500000000000000666 ) ) ;
#5638 = LINE ( 'NONE', #4225, #4679 ) ;
#5639 = ORIENTED_EDGE ( 'NONE', *, *, #31, .T. ) ;
#5640 = CARTESIAN_POINT ( 'NONE',  ( 2.100000000000000089, 1.080000000000000071, 1.449999999999999956 ) ) ;
#5641 = ORIENTED_EDGE ( 'NONE', *, *, #1599, .T. ) ;
#5642 = DIRECTION ( 'NONE',  ( 0.0000000000000000000, 0.0000000000000000000, 1.000000000000000000 ) ) ;
#5643 = DIRECTION ( 'NONE',  ( 0.0000000000000000000, 0.0000000000000000000, 1.000000000000000000 ) ) ;
#5644 = CARTESIAN_POINT ( 'NONE',  ( 3.920710678118655146, -1.720710678118654746, -1.350000000000000533 ) ) ;
#5645 = CARTESIAN_POINT ( 'NONE',  ( -2.000000000000000000, 0.7999999997852500488, 3.350000000000000533 ) ) ;
#5646 = COLOUR_RGB ( '',0.9294117647058823817, 0.9294117647058823817, 0.9372549019607843146 ) ;
#5647 = ORIENTED_EDGE ( 'NONE', *, *, #743, .T. ) ;
#5648 = VERTEX_POINT ( 'NONE', #1354 ) ;
#5649 = CARTESIAN_POINT ( 'NONE',  ( -1.550000000000000266, 1.000000000000000000, 3.350000000000000089 ) ) ;
#5650 = ORIENTED_EDGE ( 'NONE', *, *, #2941, .T. ) ;
#5651 = CARTESIAN_POINT ( 'NONE',  ( -4.249995558710894628, 1.690753094020497782, 1.307914060830241088 ) ) ;
#5652 = PLANE ( 'NONE',  #993 ) ;
#5653 = STYLED_ITEM ( 'NONE', ( #119 ), #531 ) ;
#5654 = EDGE_CURVE ( 'NONE', #5516, #5700, #474, .T. ) ;
#5655 = CARTESIAN_POINT ( 'NONE',  ( 4.250000000000000000, 1.650000000000000133, 1.350000000000000311 ) ) ;
#5656 = VERTEX_POINT ( 'NONE', #2406 ) ;
#5657 = DIRECTION ( 'NONE',  ( -0.0000000000000000000, -0.0000000000000000000, -1.000000000000000000 ) ) ;
#5658 = CARTESIAN_POINT ( 'NONE',  ( 0.3499999999999999778, 2.100000000000000089, -1.149999999999999911 ) ) ;
#5659 = CARTESIAN_POINT ( 'NONE',  ( 4.250000000000000000, 1.449999999999999734, -1.449999999999999956 ) ) ;
#5660 = COLOUR_RGB ( '',0.9294117647058823817, 0.9294117647058823817, 0.9372549019607843146 ) ;
#5661 = VECTOR ( 'NONE', #5433, 1000.000000000000000 ) ;
#5662 = EDGE_CURVE ( 'NONE', #1165, #777, #2024, .T. ) ;
#5663 =( NAMED_UNIT ( * ) SI_UNIT ( $, .STERADIAN. ) SOLID_ANGLE_UNIT ( ) );
#5664 = CARTESIAN_POINT ( 'NONE',  ( 4.078626039772359491, -1.649999999999999911, -0.4200411150783815994 ) ) ;
#5665 = DIRECTION ( 'NONE',  ( -0.0000000000000000000, -0.0000000000000000000, 1.000000000000000000 ) ) ;
#5666 = EDGE_LOOP ( 'NONE', ( #3980, #4525, #381, #2549 ) ) ;
#5667 = PLANE ( 'NONE',  #5072 ) ;
#5668 = FACE_OUTER_BOUND ( 'NONE', #4743, .T. ) ;
#5669 = ADVANCED_FACE ( 'NONE', ( #3353 ), #4615, .F. ) ;
#5670 = EDGE_CURVE ( 'NONE', #2875, #69, #1321, .T. ) ;
#5671 = DIRECTION ( 'NONE',  ( 1.000000000000000000, -0.0000000000000000000, 0.0000000000000000000 ) ) ;
#5672 = AXIS2_PLACEMENT_3D ( 'NONE', #5658, #6096, #906 ) ;
#5673 = CARTESIAN_POINT ( 'NONE',  ( -4.262164124680904997, -1.708901866519356050, 1.319962439680793631 ) ) ;
#5674 = ORIENTED_EDGE ( 'NONE', *, *, #2304, .F. ) ;
#5675 = DIRECTION ( 'NONE',  ( -0.0000000000000000000, -0.0000000000000000000, 1.000000000000000000 ) ) ;
#5676 = CARTESIAN_POINT ( 'NONE',  ( -3.850000000000000089, 1.750000000000000000, -0.5500000000000000444 ) ) ;
#5677 = AXIS2_PLACEMENT_3D ( 'NONE', #625, #157, #2042 ) ;
#5678 = DIRECTION ( 'NONE',  ( -0.0000000000000000000, 0.0000000000000000000, -1.000000000000000000 ) ) ;
#5679 = VECTOR ( 'NONE', #3333, 1000.000000000000000 ) ;
#5680 =( NAMED_UNIT ( * ) PLANE_ANGLE_UNIT ( ) SI_UNIT ( $, .RADIAN. ) );
#5681 = LINE ( 'NONE', #535, #1090 ) ;
#5682 = FACE_OUTER_BOUND ( 'NONE', #6044, .T. ) ;
#5683 = ORIENTED_EDGE ( 'NONE', *, *, #1070, .T. ) ;
#5684 = PRESENTATION_STYLE_ASSIGNMENT (( #9 ) ) ;
#5685 = COLOUR_RGB ( '',0.9294117647058823817, 0.9294117647058823817, 0.9372549019607843146 ) ;
#5686 = DIRECTION ( 'NONE',  ( 0.0000000000000000000, 0.0000000000000000000, -1.000000000000000000 ) ) ;
#5687 = ORIENTED_EDGE ( 'NONE', *, *, #934, .F. ) ;
#5688 = VECTOR ( 'NONE', #438, 1000.000000000000000 ) ;
#5689 =( NAMED_UNIT ( * ) SI_UNIT ( $, .STERADIAN. ) SOLID_ANGLE_UNIT ( ) );
#5690 = COLOUR_RGB ( '',0.9294117647058823817, 0.9294117647058823817, 0.9372549019607843146 ) ;
#5691 = AXIS2_PLACEMENT_3D ( 'NONE', #5225, #50, #4880 ) ;
#5692 = FACE_OUTER_BOUND ( 'NONE', #2146, .T. ) ;
#5693 = ORIENTED_EDGE ( 'NONE', *, *, #3979, .T. ) ;
#5694 = AXIS2_PLACEMENT_3D ( 'NONE', #450, #5248, #5803 ) ;
#5695 = DIRECTION ( 'NONE',  ( -1.000000000000000000, 2.416148945849835557E-30, 6.109755479424355705E-15 ) ) ;
#5696 = CARTESIAN_POINT ( 'NONE',  ( -4.209017335549510186, 1.696264897318922715, 1.445156458918386289 ) ) ;
#5697 = EDGE_CURVE ( 'NONE', #2950, #1261, #149, .T. ) ;
#5698 = DIRECTION ( 'NONE',  ( 0.0000000000000000000, -0.0000000000000000000, -1.000000000000000000 ) ) ;
#5699 =( LENGTH_UNIT ( ) NAMED_UNIT ( * ) SI_UNIT ( .MILLI., .METRE. ) );
#5700 = VERTEX_POINT ( 'NONE', #3157 ) ;
#5701 = EDGE_CURVE ( 'NONE', #5238, #800, #805, .T. ) ;
#5702 = CARTESIAN_POINT ( 'NONE',  ( -4.245156458918381226, -1.709017335549511074, 1.396264897318931109 ) ) ;
#5703 = VERTEX_POINT ( 'NONE', #4648 ) ;
#5704 = DIRECTION ( 'NONE',  ( -0.0000000000000000000, -0.0000000000000000000, -1.000000000000000000 ) ) ;
#5705 = EDGE_LOOP ( 'NONE', ( #2334, #2254, #205, #5025, #5026 ) ) ;
#5706 = DIRECTION ( 'NONE',  ( -0.7071067811865474617, 0.7071067811865474617, 0.0000000000000000000 ) ) ;
#5707 = DIRECTION ( 'NONE',  ( 0.0000000000000000000, 0.0000000000000000000, -1.000000000000000000 ) ) ;
#5708 = EDGE_CURVE ( 'NONE', #5969, #2542, #2801, .T. ) ;
#5709 = ORIENTED_EDGE ( 'NONE', *, *, #1486, .T. ) ;
#5710 = DIRECTION ( 'NONE',  ( -1.000000000000000000, -0.0000000000000000000, 0.0000000000000000000 ) ) ;
#5711 = CARTESIAN_POINT ( 'NONE',  ( 4.249995558710894628, 1.649333577425369457, -0.3493335774253690795 ) ) ;
#5712 = AXIS2_PLACEMENT_3D ( 'NONE', #3781, #490, #5695 ) ;
#5713 = EDGE_LOOP ( 'NONE', ( #5882, #749, #825, #5801 ) ) ;
#5714 = DIRECTION ( 'NONE',  ( 1.000000000000000000, -0.0000000000000000000, -0.0000000000000000000 ) ) ;
#5715 = LINE ( 'NONE', #1931, #4710 ) ;
#5716 = DIRECTION ( 'NONE',  ( 0.0000000000000000000, 0.0000000000000000000, -1.000000000000000000 ) ) ;
#5717 = DIRECTION ( 'NONE',  ( 0.0000000000000000000, 0.0000000000000000000, -1.000000000000000000 ) ) ;
#5718 = ORIENTED_EDGE ( 'NONE', *, *, #2516, .T. ) ;
#5719 = DIRECTION ( 'NONE',  ( 0.4472135954999594820, 0.8944271909999150783, 0.0000000000000000000 ) ) ;
#5720 = CARTESIAN_POINT ( 'NONE',  ( -0.7500000000000000000, -1.000000000000000000, 3.194642898114000040 ) ) ;
#5721 = CIRCLE ( 'NONE', #4829, 0.1000000000000000472 ) ;
#5722 = DIRECTION ( 'NONE',  ( 0.0000000000000000000, -1.000000000000000000, 0.0000000000000000000 ) ) ;
#5723 = VECTOR ( 'NONE', #4607, 1000.000000000000000 ) ;
#5724 = DIRECTION ( 'NONE',  ( 0.7071067811865474617, -0.7071067811865474617, 0.0000000000000000000 ) ) ;
#5725 =( LENGTH_UNIT ( ) NAMED_UNIT ( * ) SI_UNIT ( .MILLI., .METRE. ) );
#5726 = CARTESIAN_POINT ( 'NONE',  ( 4.150000000000000355, 1.649999999999999911, 1.350000000000000533 ) ) ;
#5727 = CARTESIAN_POINT ( 'NONE',  ( 2.149999999999999911, 2.100000000000000089, -1.149999999999999911 ) ) ;
#5728 = PRODUCT_DEFINITION_FORMATION_WITH_SPECIFIED_SOURCE ( 'ANY', '', #2708, .NOT_KNOWN. ) ;
#5729 = SURFACE_STYLE_FILL_AREA ( #3373 ) ;
#5730 = ORIENTED_EDGE ( 'NONE', *, *, #4017, .F. ) ;
#5731 = LINE ( 'NONE', #1468, #3680 ) ;
#5732 = ORIENTED_EDGE ( 'NONE', *, *, #5779, .F. ) ;
#5733 = FACE_OUTER_BOUND ( 'NONE', #2000, .T. ) ;
#5734 = CARTESIAN_POINT ( 'NONE',  ( 2.850000000000000089, -2.850000000000000089, -1.149999999999999911 ) ) ;
#5735 = EDGE_CURVE ( 'NONE', #5999, #4999, #6049, .T. ) ;
#5736 = FILL_AREA_STYLE ('',( #3828 ) ) ;
#5737 = DIRECTION ( 'NONE',  ( 1.000000000000000000, 0.0000000000000000000, 0.0000000000000000000 ) ) ;
#5738 = ORIENTED_EDGE ( 'NONE', *, *, #3820, .T. ) ;
#5739 = DIRECTION ( 'NONE',  ( 0.0000000000000000000, -1.000000000000000000, 0.0000000000000000000 ) ) ;
#5740 = DIRECTION ( 'NONE',  ( 0.0000000000000000000, 0.0000000000000000000, -1.000000000000000000 ) ) ;
#5741 = ORIENTED_EDGE ( 'NONE', *, *, #2707, .T. ) ;
#5742 = EDGE_CURVE ( 'NONE', #646, #3376, #1348, .T. ) ;
#5743 = ADVANCED_FACE ( 'NONE', ( #2769 ), #2246, .F. ) ;
#5744 = DIRECTION ( 'NONE',  ( -0.0000000000000000000, 1.000000000000000000, 0.0000000000000000000 ) ) ;
#5745 = FACE_OUTER_BOUND ( 'NONE', #4001, .T. ) ;
#5746 = ORIENTED_EDGE ( 'NONE', *, *, #254, .T. ) ;
#5747 = CARTESIAN_POINT ( 'NONE',  ( 3.850000000000000089, 1.649999999999999911, 10.61979999999999968 ) ) ;
#5748 = CARTESIAN_POINT ( 'NONE',  ( -0.1030088703355302310, -0.8352644988527333503, 3.449958917501973588 ) ) ;
#5749 = ORIENTED_EDGE ( 'NONE', *, *, #2228, .T. ) ;
#5750 = DIRECTION ( 'NONE',  ( 0.0000000000000000000, 0.0000000000000000000, -1.000000000000000000 ) ) ;
#5751 = DIRECTION ( 'NONE',  ( 1.000000000000000000, 0.0000000000000000000, 0.0000000000000000000 ) ) ;
#5752 = ORIENTED_EDGE ( 'NONE', *, *, #2276, .F. ) ;
#5753 = MECHANICAL_DESIGN_GEOMETRIC_PRESENTATION_REPRESENTATION (  '', ( #1963 ), #2465 ) ;
#5754 = ORIENTED_EDGE ( 'NONE', *, *, #602, .F. ) ;
#5755 = DIRECTION ( 'NONE',  ( 0.0000000000000000000, 0.0000000000000000000, 1.000000000000000000 ) ) ;
#5756 = CARTESIAN_POINT ( 'NONE',  ( -3.850000000000000533, 1.750000000000000000, -0.4951420886757689210 ) ) ;
#5757 = FACE_OUTER_BOUND ( 'NONE', #4394, .T. ) ;
#5758 = AXIS2_PLACEMENT_3D ( 'NONE', #1558, #2040, #1041 ) ;
#5759 =( NAMED_UNIT ( * ) PLANE_ANGLE_UNIT ( ) SI_UNIT ( $, .RADIAN. ) );
#5760 = CYLINDRICAL_SURFACE ( 'NONE', #4881, 0.1000000000000002554 ) ;
#5761 = ORIENTED_EDGE ( 'NONE', *, *, #4017, .T. ) ;
#5762 = DIRECTION ( 'NONE',  ( 0.0000000000000000000, 1.000000000000000000, 0.0000000000000000000 ) ) ;
#5763 = DIRECTION ( 'NONE',  ( 1.000000000000000000, 0.0000000000000000000, 0.0000000000000000000 ) ) ;
#5764 = ORIENTED_EDGE ( 'NONE', *, *, #2944, .F. ) ;
#5765 = CARTESIAN_POINT ( 'NONE',  ( -4.249995558710894628, 1.649333577425369013, 1.349333577425370079 ) ) ;
#5766 = EDGE_CURVE ( 'NONE', #2565, #3861, #4681, .T. ) ;
#5767 = PLANE ( 'NONE',  #5793 ) ;
#5768 = VECTOR ( 'NONE', #4975, 1000.000000000000000 ) ;
#5769 = SURFACE_STYLE_USAGE ( .BOTH. , #1394 ) ;
#5770 = CARTESIAN_POINT ( 'NONE',  ( -3.819962439680785415, 1.762164124680903221, -1.349999999999966116 ) ) ;
#5771 = EDGE_CURVE ( 'NONE', #5959, #2950, #1851, .T. ) ;
#5772 = EDGE_LOOP ( 'NONE', ( #2272, #917, #4784, #2507, #5276 ) ) ;
#5773 = EDGE_CURVE ( 'NONE', #2979, #1219, #5227, .T. ) ;
#5774 = DIRECTION ( 'NONE',  ( -0.0000000000000000000, 1.000000000000000000, -0.0000000000000000000 ) ) ;
#5775 = EDGE_CURVE ( 'NONE', #3749, #2286, #5125, .T. ) ;
#5776 = APPLICATION_CONTEXT ( 'automotive_design' ) ;
#5777 = VECTOR ( 'NONE', #2512, 1000.000000000000000 ) ;
#5778 = CARTESIAN_POINT ( 'NONE',  ( 0.0000000000000000000, -4.549999999999999822, 0.0000000000000000000 ) ) ;
#5779 = EDGE_CURVE ( 'NONE', #3886, #262, #2306, .T. ) ;
#5780 = ADVANCED_BREP_SHAPE_REPRESENTATION ( '99746D1C-13F6-49B6-B921-828019F3DE23', ( #148, #3221 ), #5920 ) ;
#5781 = DIRECTION ( 'NONE',  ( -0.0000000000000000000, 0.0000000000000000000, -1.000000000000000000 ) ) ;
#5782 = CARTESIAN_POINT ( 'NONE',  ( -1.799066458241175281, 0.8990489241067814996, 3.449995518916213033 ) ) ;
#5783 = DIRECTION ( 'NONE',  ( 0.0000000000000000000, -1.000000000000000000, 0.0000000000000000000 ) ) ;
#5784 = AXIS2_PLACEMENT_3D ( 'NONE', #3418, #2427, #1110 ) ;
#5785 = VECTOR ( 'NONE', #5298, 1000.000000000000000 ) ;
#5786 =( LENGTH_UNIT ( ) NAMED_UNIT ( * ) SI_UNIT ( .MILLI., .METRE. ) );
#5787 = ORIENTED_EDGE ( 'NONE', *, *, #1805, .T. ) ;
#5788 = VECTOR ( 'NONE', #344, 1000.000000000000000 ) ;
#5789 = VECTOR ( 'NONE', #1516, 1000.000000000000000 ) ;
#5790 = SURFACE_STYLE_FILL_AREA ( #3911 ) ;
#5791 = ORIENTED_EDGE ( 'NONE', *, *, #2726, .T. ) ;
#5792 = CARTESIAN_POINT ( 'NONE',  ( -4.220710678118649639, -1.650000000000000355, 1.420710678118659365 ) ) ;
#5793 = AXIS2_PLACEMENT_3D ( 'NONE', #1424, #3835, #3329 ) ;
#5794 = CARTESIAN_POINT ( 'NONE',  ( 4.150000000000001243, -1.649999999999999911, -0.3499999999999999778 ) ) ;
#5795 = DIRECTION ( 'NONE',  ( 0.0000000000000000000, 0.0000000000000000000, -1.000000000000000000 ) ) ;
#5796 = ORIENTED_EDGE ( 'NONE', *, *, #5630, .F. ) ;
#5797 = CARTESIAN_POINT ( 'NONE',  ( -1.649999999999999911, 6.312599999999999767, 3.194642898114000484 ) ) ;
#5798 = ORIENTED_EDGE ( 'NONE', *, *, #5464, .F. ) ;
#5799 = AXIS2_PLACEMENT_3D ( 'NONE', #63, #532, #2422 ) ;
#5800 = CARTESIAN_POINT ( 'NONE',  ( -4.150000000000000355, -1.650000000000000355, 1.350000000000000089 ) ) ;
#5801 = ORIENTED_EDGE ( 'NONE', *, *, #3359, .T. ) ;
#5802 = PRESENTATION_STYLE_ASSIGNMENT (( #306 ) ) ;
#5803 = DIRECTION ( 'NONE',  ( -1.000000000000000000, 0.0000000000000000000, 0.0000000000000000000 ) ) ;
#5804 = ADVANCED_FACE ( 'NONE', ( #3259 ), #3701, .T. ) ;
#5805 = CARTESIAN_POINT ( 'NONE',  ( -15.33060000000000223, -1.649999999999999911, -1.350000000000000089 ) ) ;
#5806 = ORIENTED_EDGE ( 'NONE', *, *, #5543, .T. ) ;
#5807 = CARTESIAN_POINT ( 'NONE',  ( -2.100000000000000089, -1.080000000000000071, 1.449999999999999956 ) ) ;
#5808 = CIRCLE ( 'NONE', #5909, 0.09999999999999982514 ) ;
#5809 = EDGE_CURVE ( 'NONE', #3541, #127, #1922, .T. ) ;
#5810 = DIRECTION ( 'NONE',  ( 0.0000000000000000000, 0.0000000000000000000, 1.000000000000000000 ) ) ;
#5811 = CARTESIAN_POINT ( 'NONE',  ( -4.190753094020499780, -1.749995558710895960, 1.307914060830245750 ) ) ;
#5812 = EDGE_LOOP ( 'NONE', ( #2574, #3591, #1182 ) ) ;
#5813 = CARTESIAN_POINT ( 'NONE',  ( -2.149999999999999911, 2.100000000000000089, -1.149999999999999911 ) ) ;
#5814 = MECHANICAL_DESIGN_GEOMETRIC_PRESENTATION_REPRESENTATION (  '', ( #928 ), #4013 ) ;
#5815 = CARTESIAN_POINT ( 'NONE',  ( -0.1827907985420753889, -0.9820542105889610296, 3.407006795199312155 ) ) ;
#5816 =( NAMED_UNIT ( * ) SI_UNIT ( $, .STERADIAN. ) SOLID_ANGLE_UNIT ( ) );
#5817 = EDGE_CURVE ( 'NONE', #1219, #2950, #242, .T. ) ;
#5818 = EDGE_CURVE ( 'NONE', #3457, #1228, #4864, .T. ) ;
#5819 = DIRECTION ( 'NONE',  ( 0.0000000000000000000, 0.0000000000000000000, 1.000000000000000000 ) ) ;
#5820 = AXIS2_PLACEMENT_3D ( 'NONE', #4230, #3291, #895 ) ;
#5821 = UNCERTAINTY_MEASURE_WITH_UNIT (LENGTH_MEASURE( 1.000000000000000082E-05 ), #491, 'distance_accuracy_value', 'NONE');
#5822 = VERTEX_POINT ( 'NONE', #4320 ) ;
#5823 = CARTESIAN_POINT ( 'NONE',  ( -1.550000000000000266, 1.000000000000000000, 3.194642898114000040 ) ) ;
#5824 = ORIENTED_EDGE ( 'NONE', *, *, #4624, .F. ) ;
#5825 = CARTESIAN_POINT ( 'NONE',  ( 0.0000000000000000000, 2.250000000000000444, -1.149999999999999911 ) ) ;
#5826 = CIRCLE ( 'NONE', #649, 0.1000000000000002554 ) ;
#5827 = LINE ( 'NONE', #651, #4683 ) ;
#5828 = VERTEX_POINT ( 'NONE', #624 ) ;
#5829 = DIRECTION ( 'NONE',  ( -0.0000000000000000000, 0.0000000000000000000, -1.000000000000000000 ) ) ;
#5830 = ORIENTED_EDGE ( 'NONE', *, *, #5742, .F. ) ;
#5831 = DIRECTION ( 'NONE',  ( 0.0000000000000000000, -1.000000000000000000, 0.0000000000000000000 ) ) ;
#5832 = EDGE_LOOP ( 'NONE', ( #572, #1632, #4010, #4479, #1874 ) ) ;
#5833 = DIRECTION ( 'NONE',  ( 0.0000000000000000000, 0.0000000000000000000, -1.000000000000000000 ) ) ;
#5834 = CARTESIAN_POINT ( 'NONE',  ( -1.800000000000000044, -0.9999999999999239497, 3.373519949077083080 ) ) ;
#5835 = DIRECTION ( 'NONE',  ( -1.000000000000000000, 0.0000000000000000000, -0.0000000000000000000 ) ) ;
#5836 = ORIENTED_EDGE ( 'NONE', *, *, #3865, .T. ) ;
#5837 = LINE ( 'NONE', #5344, #3518 ) ;
#5838 = FACE_OUTER_BOUND ( 'NONE', #4192, .T. ) ;
#5839 = EDGE_CURVE ( 'NONE', #1597, #4285, #738, .T. ) ;
#5840 = DIRECTION ( 'NONE',  ( 0.0000000000000000000, 1.000000000000000000, -0.0000000000000000000 ) ) ;
#5841 = CARTESIAN_POINT ( 'NONE',  ( -3.649999999999999911, -1.449999999999999956, -2.049999999999999822 ) ) ;
#5842 = EDGE_LOOP ( 'NONE', ( #3025, #769, #3544, #2826 ) ) ;
#5843 = AXIS2_PLACEMENT_3D ( 'NONE', #6132, #1365, #332 ) ;
#5844 = CARTESIAN_POINT ( 'NONE',  ( -2.000000000126739508, 0.9180346709850465414, 3.350000000000000089 ) ) ;
#5845 = EDGE_CURVE ( 'NONE', #869, #5959, #1127, .T. ) ;
#5846 = MECHANICAL_DESIGN_GEOMETRIC_PRESENTATION_REPRESENTATION (  '', ( #2160 ), #5355 ) ;
#5847 = FACE_OUTER_BOUND ( 'NONE', #2232, .T. ) ;
#5848 = SURFACE_STYLE_USAGE ( .BOTH. , #620 ) ;
#5849 = ADVANCED_FACE ( 'NONE', ( #2509 ), #3322, .F. ) ;
#5850 = ORIENTED_EDGE ( 'NONE', *, *, #3510, .T. ) ;
#5851 = STYLED_ITEM ( 'NONE', ( #911 ), #701 ) ;
#5852 = ADVANCED_FACE ( 'NONE', ( #5268 ), #977, .T. ) ;
#5853 = DIRECTION ( 'NONE',  ( 0.0000000000000000000, -1.000000000000000000, 0.0000000000000000000 ) ) ;
#5854 = PRESENTATION_LAYER_ASSIGNMENT (  '', '', ( #2373 ) ) ;
#5855 =( GEOMETRIC_REPRESENTATION_CONTEXT ( 3 ) GLOBAL_UNCERTAINTY_ASSIGNED_CONTEXT ( ( #84 ) ) GLOBAL_UNIT_ASSIGNED_CONTEXT ( ( #1735, #2684, #4180 ) ) REPRESENTATION_CONTEXT ( 'NONE', 'WORKASPACE' ) );
#5856 = FACE_OUTER_BOUND ( 'NONE', #60, .T. ) ;
#5857 = ORIENTED_EDGE ( 'NONE', *, *, #4832, .T. ) ;
#5858 = CARTESIAN_POINT ( 'NONE',  ( 4.150000000000000355, 1.649999999999999911, 1.350000000000000089 ) ) ;
#5859 = ORIENTED_EDGE ( 'NONE', *, *, #2236, .F. ) ;
#5860 = LINE ( 'NONE', #1568, #710 ) ;
#5861 = VERTEX_POINT ( 'NONE', #64 ) ;
#5862 = CARTESIAN_POINT ( 'NONE',  ( -3.962164124680903399, -1.708901866519355828, -1.319962439680786082 ) ) ;
#5863 = MECHANICAL_DESIGN_GEOMETRIC_PRESENTATION_REPRESENTATION (  '', ( #586 ), #2374 ) ;
#5864 =( NAMED_UNIT ( * ) PLANE_ANGLE_UNIT ( ) SI_UNIT ( $, .RADIAN. ) );
#5865 = DIRECTION ( 'NONE',  ( 0.0000000000000000000, 0.0000000000000000000, 1.000000000000000000 ) ) ;
#5866 = ORIENTED_EDGE ( 'NONE', *, *, #5931, .F. ) ;
#5867 = DIRECTION ( 'NONE',  ( -0.0000000000000000000, -0.0000000000000000000, 1.000000000000000000 ) ) ;
#5868 = FILL_AREA_STYLE_COLOUR ( '', #4389 ) ;
#5869 = AXIS2_PLACEMENT_3D ( 'NONE', #1043, #4007, #2078 ) ;
#5870 = CARTESIAN_POINT ( 'NONE',  ( -2.700000000000000178, -1.449999999999999956, -2.049999999999999822 ) ) ;
#5871 = FACE_OUTER_BOUND ( 'NONE', #5386, .T. ) ;
#5872 = EDGE_LOOP ( 'NONE', ( #1854, #4985, #4781, #3121, #6060 ) ) ;
#5873 = DIRECTION ( 'NONE',  ( 0.0000000000000000000, 0.0000000000000000000, 1.000000000000000000 ) ) ;
#5874 = CARTESIAN_POINT ( 'NONE',  ( -0.1705761102212388358, -0.9680191777403577280, 3.420844990408917319 ) ) ;
#5875 = EDGE_LOOP ( 'NONE', ( #1499, #2645, #861, #3297 ) ) ;
#5876 = CYLINDRICAL_SURFACE ( 'NONE', #3106, 0.09999999999999982514 ) ;
#5877 = FILL_AREA_STYLE ('',( #3967 ) ) ;
#5878 = UNCERTAINTY_MEASURE_WITH_UNIT (LENGTH_MEASURE( 1.000000000000000082E-05 ), #2208, 'distance_accuracy_value', 'NONE');
#5879 = CARTESIAN_POINT ( 'NONE',  ( 4.220710678118654968, -1.650000000000000133, 1.420710678118654924 ) ) ;
#5880 = EDGE_CURVE ( 'NONE', #285, #4096, #3856, .T. ) ;
#5881 =( LENGTH_UNIT ( ) NAMED_UNIT ( * ) SI_UNIT ( .MILLI., .METRE. ) );
#5882 = ORIENTED_EDGE ( 'NONE', *, *, #2803, .T. ) ;
#5883 = AXIS2_PLACEMENT_3D ( 'NONE', #765, #3986, #3014 ) ;
#5884 = DIRECTION ( 'NONE',  ( -1.000000000000000000, 0.0000000000000000000, -0.0000000000000000000 ) ) ;
#5885 = DIRECTION ( 'NONE',  ( 1.000000000000000000, -0.0000000000000000000, 0.0000000000000000000 ) ) ;
#5886 = CARTESIAN_POINT ( 'NONE',  ( 4.150000000000000355, 1.720710678118654968, -0.4207106781186546463 ) ) ;
#5887 = MECHANICAL_DESIGN_GEOMETRIC_PRESENTATION_REPRESENTATION (  '', ( #616 ), #2686 ) ;
#5888 = EDGE_CURVE ( 'NONE', #2286, #2461, #3380, .T. ) ;
#5889 = LINE ( 'NONE', #1593, #297 ) ;
#5890 = EDGE_LOOP ( 'NONE', ( #2364, #2517, #1697 ) ) ;
#5891 = DIRECTION ( 'NONE',  ( 0.0000000000000000000, 0.0000000000000000000, -1.000000000000000000 ) ) ;
#5892 = ORIENTED_EDGE ( 'NONE', *, *, #5436, .F. ) ;
#5893 = ORIENTED_EDGE ( 'NONE', *, *, #2120, .F. ) ;
#5894 =( GEOMETRIC_REPRESENTATION_CONTEXT ( 3 ) GLOBAL_UNCERTAINTY_ASSIGNED_CONTEXT ( ( #4563 ) ) GLOBAL_UNIT_ASSIGNED_CONTEXT ( ( #3727, #833, #2244 ) ) REPRESENTATION_CONTEXT ( 'NONE', 'WORKASPACE' ) );
#5895 = VECTOR ( 'NONE', #4725, 1000.000000000000000 ) ;
#5896 = CARTESIAN_POINT ( 'NONE',  ( 0.0000000000000000000, 2.250000000000000444, 0.0000000000000000000 ) ) ;
#5897 = CYLINDRICAL_SURFACE ( 'NONE', #6099, 0.09999999999999982514 ) ;
#5898 = ADVANCED_FACE ( 'NONE', ( #4836 ), #559, .T. ) ;
#5899 = ADVANCED_FACE ( 'NONE', ( #2174 ), #1591, .T. ) ;
#5900 = ORIENTED_EDGE ( 'NONE', *, *, #5742, .T. ) ;
#5901 = PLANE ( 'NONE',  #203 ) ;
#5902 = VERTEX_POINT ( 'NONE', #2041 ) ;
#5903 = CARTESIAN_POINT ( 'NONE',  ( 0.3500000000000013656, -1.649999999999999911, -1.350000000000000089 ) ) ;
#5904 = DIRECTION ( 'NONE',  ( 0.0000000000000000000, 1.000000000000000000, 0.0000000000000000000 ) ) ;
#5905 = CARTESIAN_POINT ( 'NONE',  ( -4.220710678118649639, 1.650000000000000355, -0.4207106781186603084 ) ) ;
#5906 = ORIENTED_EDGE ( 'NONE', *, *, #4802, .F. ) ;
#5907 = CARTESIAN_POINT ( 'NONE',  ( -15.33060000000000223, -1.649999999999999911, -1.350000000000000089 ) ) ;
#5908 = ORIENTED_EDGE ( 'NONE', *, *, #293, .T. ) ;
#5909 = AXIS2_PLACEMENT_3D ( 'NONE', #2755, #826, #3687 ) ;
#5910 = ORIENTED_EDGE ( 'NONE', *, *, #1836, .F. ) ;
#5911 = FACE_OUTER_BOUND ( 'NONE', #4242, .T. ) ;
#5912 = ORIENTED_EDGE ( 'NONE', *, *, #2765, .F. ) ;
#5913 = DIRECTION ( 'NONE',  ( 0.0000000000000000000, 0.0000000000000000000, -1.000000000000000000 ) ) ;
#5914 = SURFACE_SIDE_STYLE ('',( #589 ) ) ;
#5915 = VECTOR ( 'NONE', #3769, 1000.000000000000000 ) ;
#5916 = LINE ( 'NONE', #739, #3824 ) ;
#5917 = ADVANCED_FACE ( 'NONE', ( #2112 ), #4034, .T. ) ;
#5918 = CARTESIAN_POINT ( 'NONE',  ( -2.850000000000000089, -2.850000000000000089, -1.149999999999999911 ) ) ;
#5919 = ORIENTED_EDGE ( 'NONE', *, *, #2909, .T. ) ;
#5920 =( GEOMETRIC_REPRESENTATION_CONTEXT ( 3 ) GLOBAL_UNCERTAINTY_ASSIGNED_CONTEXT ( ( #3837 ) ) GLOBAL_UNIT_ASSIGNED_CONTEXT ( ( #5699, #526, #1003 ) ) REPRESENTATION_CONTEXT ( 'NONE', 'WORKASPACE' ) );
#5921 = CARTESIAN_POINT ( 'NONE',  ( -3.850000000000000977, 1.649999999999999911, -1.350000000000000089 ) ) ;
#5922 = ORIENTED_EDGE ( 'NONE', *, *, #183, .F. ) ;
#5923 = SURFACE_STYLE_USAGE ( .BOTH. , #3155 ) ;
#5924 = CARTESIAN_POINT ( 'NONE',  ( -3.920710678118655146, -1.650000000000000355, -1.420710678118654924 ) ) ;
#5925 = ORIENTED_EDGE ( 'NONE', *, *, #4318, .F. ) ;
#5926 =( NAMED_UNIT ( * ) SI_UNIT ( $, .STERADIAN. ) SOLID_ANGLE_UNIT ( ) );
#5927 = EDGE_CURVE ( 'NONE', #262, #2805, #1224, .T. ) ;
#5928 = ORIENTED_EDGE ( 'NONE', *, *, #3555, .T. ) ;
#5929 =( NAMED_UNIT ( * ) SI_UNIT ( $, .STERADIAN. ) SOLID_ANGLE_UNIT ( ) );
#5930 = ORIENTED_EDGE ( 'NONE', *, *, #1195, .T. ) ;
#5931 = EDGE_CURVE ( 'NONE', #4164, #633, #4537, .T. ) ;
#5932 = LINE ( 'NONE', #2023, #4925 ) ;
#5933 = EDGE_CURVE ( 'NONE', #2567, #4685, #709, .T. ) ;
#5934 = CARTESIAN_POINT ( 'NONE',  ( -0.9414213562373099364, 0.9585786437626905299, 3.449999999999999734 ) ) ;
#5935 = CARTESIAN_POINT ( 'NONE',  ( 4.150000000000000355, -1.650000000000000355, 1.350000000000000089 ) ) ;
#5936 = FILL_AREA_STYLE ('',( #1672 ) ) ;
#5937 = ORIENTED_EDGE ( 'NONE', *, *, #2631, .F. ) ;
#5938 = FACE_OUTER_BOUND ( 'NONE', #528, .T. ) ;
#5939 = EDGE_LOOP ( 'NONE', ( #686, #5687, #5393, #3187 ) ) ;
#5940 = FILL_AREA_STYLE_COLOUR ( '', #5617 ) ;
#5941 = CARTESIAN_POINT ( 'NONE',  ( 4.149999999999999467, -1.649999999999999911, 1.350000000000000089 ) ) ;
#5942 = CARTESIAN_POINT ( 'NONE',  ( -3.649999999999999911, 0.8500000000000000888, -2.049999999999999822 ) ) ;
#5943 = UNCERTAINTY_MEASURE_WITH_UNIT (LENGTH_MEASURE( 1.000000000000000082E-05 ), #4447, 'distance_accuracy_value', 'NONE');
#5944 = EDGE_LOOP ( 'NONE', ( #2599, #5042, #4978 ) ) ;
#5945 = LINE ( 'NONE', #5535, #2758 ) ;
#5946 = ORIENTED_EDGE ( 'NONE', *, *, #2637, .F. ) ;
#5947 = PLANE ( 'NONE',  #539 ) ;
#5948 = AXIS2_PLACEMENT_3D ( 'NONE', #1121, #1670, #141 ) ;
#5949 = DIRECTION ( 'NONE',  ( -0.0000000000000000000, 0.0000000000000000000, -1.000000000000000000 ) ) ;
#5950 = CARTESIAN_POINT ( 'NONE',  ( 4.262442236293276565, 1.678979119944034037, 1.349999999999999867 ) ) ;
#5951 = EDGE_LOOP ( 'NONE', ( #4449, #1649, #4574, #1857 ) ) ;
#5952 = ORIENTED_EDGE ( 'NONE', *, *, #3282, .F. ) ;
#5953 = DIRECTION ( 'NONE',  ( 1.000000000000000000, -0.0000000000000000000, 0.0000000000000000000 ) ) ;
#5954 = FACE_OUTER_BOUND ( 'NONE', #3134, .T. ) ;
#5955 =( BOUNDED_SURFACE ( )  B_SPLINE_SURFACE ( 3, 3, ( 
 ( #132, #1660, #3579, #2955 ),
 ( #6048, #3156, #5150, #1232 ),
 ( #6076, #4160, #3100, #281 ),
 ( #5546, #379, #5614, #5088 ) ),
 .UNSPECIFIED., .F., .F., .F. ) 
 B_SPLINE_SURFACE_WITH_KNOTS ( ( 4, 4 ),
 ( 4, 4 ),
 ( 0.0000000000000000000, 1.000000000000000000 ),
 ( 0.0000000000000000000, 1.000000000000000000 ),
 .UNSPECIFIED. ) 
 GEOMETRIC_REPRESENTATION_ITEM ( )  RATIONAL_B_SPLINE_SURFACE ( (
 ( 1.000000000000000000, 0.8047378541242850014, 0.8047378541242850014, 1.000000000000000000),
 ( 0.8025111867385962272, 0.6458111303267513037, 0.6458111303267513037, 0.8025111867385962272),
 ( 0.8025111867385962272, 0.6458111303267513037, 0.6458111303267513037, 0.8025111867385962272),
 ( 1.000000000000000000, 0.8047378541242850014, 0.8047378541242850014, 1.000000000000000000) ) ) 
 REPRESENTATION_ITEM ( '' )  SURFACE ( )  );
#5956 = CARTESIAN_POINT ( 'NONE',  ( -0.2000000000000000111, 0.9999999999998274713, 3.358676129281457090 ) ) ;
#5957 = EDGE_LOOP ( 'NONE', ( #3921, #374, #4095, #452 ) ) ;
#5958 = FACE_OUTER_BOUND ( 'NONE', #4482, .T. ) ;
#5959 = VERTEX_POINT ( 'NONE', #1687 ) ;
#5960 = AXIS2_PLACEMENT_3D ( 'NONE', #678, #648, #4380 ) ;
#5961 = EDGE_CURVE ( 'NONE', #1228, #385, #3945, .T. ) ;
#5962 = CARTESIAN_POINT ( 'NONE',  ( -0.4500000000000001776, 1.000000000000000000, 3.408578643762690596 ) ) ;
#5963 = VECTOR ( 'NONE', #2699, 1000.000000000000000 ) ;
#5964 = EDGE_CURVE ( 'NONE', #5092, #1396, #4690, .T. ) ;
#5965 = DIRECTION ( 'NONE',  ( -0.0000000000000000000, 1.000000000000000000, -0.0000000000000000000 ) ) ;
#5966 = CARTESIAN_POINT ( 'NONE',  ( 0.2500000000000000000, 2.100000000000000089, -1.149999999999999911 ) ) ;
#5967 = ORIENTED_EDGE ( 'NONE', *, *, #3018, .T. ) ;
#5968 = FILL_AREA_STYLE_COLOUR ( '', #5986 ) ;
#5969 = VERTEX_POINT ( 'NONE', #4062 ) ;
#5970 = VECTOR ( 'NONE', #1843, 1000.000000000000000 ) ;
#5971 = DIRECTION ( 'NONE',  ( 0.0000000000000000000, 0.0000000000000000000, -1.000000000000000000 ) ) ;
#5972 = CARTESIAN_POINT ( 'NONE',  ( -3.850000000000000977, 1.750000000000000222, -1.349999999999988320 ) ) ;
#5973 = EDGE_CURVE ( 'NONE', #3013, #3440, #5916, .T. ) ;
#5974 = VECTOR ( 'NONE', #1830, 1000.000000000000000 ) ;
#5975 = CARTESIAN_POINT ( 'NONE',  ( -3.649999999999999911, -1.449999999999999956, -2.049999999999999822 ) ) ;
#5976 = CARTESIAN_POINT ( 'NONE',  ( -4.232713191421225041, 1.750551775759737971, -0.3494133729404679256 ) ) ;
#5977 = CARTESIAN_POINT ( 'NONE',  ( -0.7500000000000000000, -1.000000000000000000, 3.294642898114000129 ) ) ;
#5978 = CARTESIAN_POINT ( 'NONE',  ( 4.249995558710894628, 1.649333577425369457, -0.3493335774253690795 ) ) ;
#5979 = VECTOR ( 'NONE', #2416, 1000.000000000000000 ) ;
#5980 = VERTEX_POINT ( 'NONE', #4471 ) ;
#5981 = CARTESIAN_POINT ( 'NONE',  ( 3.891063282180844407, -1.691063282180844229, -1.450551775759735262 ) ) ;
#5982 = ORIENTED_EDGE ( 'NONE', *, *, #2316, .T. ) ;
#5983 = CARTESIAN_POINT ( 'NONE',  ( -3.850000000000000533, -1.749999999999999778, -0.4328427124746194177 ) ) ;
#5984 = DIRECTION ( 'NONE',  ( 0.0000000000000000000, 0.0000000000000000000, -1.000000000000000000 ) ) ;
#5985 = LINE ( 'NONE', #1320, #1299 ) ;
#5986 = COLOUR_RGB ( '',0.9294117647058823817, 0.9294117647058823817, 0.9372549019607843146 ) ;
#5987 = VECTOR ( 'NONE', #2353, 1000.000000000000000 ) ;
#5988 = CARTESIAN_POINT ( 'NONE',  ( -0.1767868023504071406, 0.9754120149303195930, 3.414657869912070876 ) ) ;
#5989 = ORIENTED_EDGE ( 'NONE', *, *, #2941, .F. ) ;
#5990 = CARTESIAN_POINT ( 'NONE',  ( 3.850000000000000089, -1.750000000000000000, -0.5500000000000000444 ) ) ;
#5991 = AXIS2_PLACEMENT_3D ( 'NONE', #4355, #3770, #4300 ) ;
#5992 = CARTESIAN_POINT ( 'NONE',  ( 4.119962439680784350, -1.650000000000000577, 1.462164124680902955 ) ) ;
#5993 = CYLINDRICAL_SURFACE ( 'NONE', #4806, 0.09999999999999999167 ) ;
#5994 =( BOUNDED_SURFACE ( )  B_SPLINE_SURFACE ( 3, 3, ( 
 ( #3477, #340, #1162, #2658 ),
 ( #275, #3095, #2632, #5950 ),
 ( #2728, #6072, #1742, #1284 ),
 ( #4573, #5082, #2206, #1690 ) ),
 .UNSPECIFIED., .F., .F., .F. ) 
 B_SPLINE_SURFACE_WITH_KNOTS ( ( 4, 4 ),
 ( 4, 4 ),
 ( 0.0000000000000000000, 1.000000000000000000 ),
 ( 0.0000000000000000000, 1.000000000000000000 ),
 .UNSPECIFIED. ) 
 GEOMETRIC_REPRESENTATION_ITEM ( )  RATIONAL_B_SPLINE_SURFACE ( (
 ( 1.000000000000000000, 0.8047378541243643824, 0.8047378541243643824, 1.000000000000000000),
 ( 0.8025111867385943398, 0.6458111303268134762, 0.6458111303268134762, 0.8025111867385943398),
 ( 0.8025111867385943398, 0.6458111303268134762, 0.6458111303268134762, 0.8025111867385943398),
 ( 1.000000000000000000, 0.8047378541243643824, 0.8047378541243643824, 1.000000000000000000) ) ) 
 REPRESENTATION_ITEM ( '' )  SURFACE ( )  );
#5995 =( GEOMETRIC_REPRESENTATION_CONTEXT ( 3 ) GLOBAL_UNCERTAINTY_ASSIGNED_CONTEXT ( ( #4709 ) ) GLOBAL_UNIT_ASSIGNED_CONTEXT ( ( #2830, #441, #2886 ) ) REPRESENTATION_CONTEXT ( 'NONE', 'WORKASPACE' ) );
#5996 = EDGE_CURVE ( 'NONE', #5168, #2731, #2833, .T. ) ;
#5997 = CARTESIAN_POINT ( 'NONE',  ( -3.850000000000000533, -1.750000000000000000, -1.350000000000000311 ) ) ;
#5998 = CARTESIAN_POINT ( 'NONE',  ( -4.250000000000000000, 1.080000000000000071, 1.449999999999999956 ) ) ;
#5999 = VERTEX_POINT ( 'NONE', #274 ) ;
#6000 = FILL_AREA_STYLE ('',( #5968 ) ) ;
#6001 = CARTESIAN_POINT ( 'NONE',  ( 3.920710678118655146, -1.720710678118654746, -1.349999999999999867 ) ) ;
#6002 = CARTESIAN_POINT ( 'NONE',  ( -0.2500000000000000000, -4.549999999999999822, -1.149999999999999911 ) ) ;
#6003 = EDGE_CURVE ( 'NONE', #3602, #2207, #4931, .T. ) ;
#6004 = CARTESIAN_POINT ( 'NONE',  ( 4.149333577425367459, -1.749995558710894628, 1.349333577425369857 ) ) ;
#6005 = CARTESIAN_POINT ( 'NONE',  ( 2.149999999999999911, 2.100000000000000089, -1.149999999999999911 ) ) ;
#6006 = VECTOR ( 'NONE', #1247, 1000.000000000000000 ) ;
#6007 = DIRECTION ( 'NONE',  ( -0.0000000000000000000, -1.000000000000000000, -0.0000000000000000000 ) ) ;
#6008 = ORIENTED_EDGE ( 'NONE', *, *, #2914, .F. ) ;
#6009 = CARTESIAN_POINT ( 'NONE',  ( -2.000000000000000000, 0.8164711886251000417, 3.350000000000000089 ) ) ;
#6010 = FILL_AREA_STYLE_COLOUR ( '', #2983 ) ;
#6011 = EDGE_CURVE ( 'NONE', #4312, #3340, #5826, .T. ) ;
#6012 = CYLINDRICAL_SURFACE ( 'NONE', #1028, 0.1000000000000000472 ) ;
#6013 = CIRCLE ( 'NONE', #823, 0.1000000000000002554 ) ;
#6014 = CARTESIAN_POINT ( 'NONE',  ( 2.700000000000000178, 0.8500000000000000888, -1.750000000000000000 ) ) ;
#6015 = EDGE_LOOP ( 'NONE', ( #3791, #944, #2853, #48 ) ) ;
#6016 = ORIENTED_EDGE ( 'NONE', *, *, #4006, .F. ) ;
#6017 = FILL_AREA_STYLE ('',( #4097 ) ) ;
#6018 = PLANE ( 'NONE',  #3354 ) ;
#6019 =( NAMED_UNIT ( * ) PLANE_ANGLE_UNIT ( ) SI_UNIT ( $, .RADIAN. ) );
#6020 = COLOUR_RGB ( '',0.9294117647058823817, 0.9294117647058823817, 0.9372549019607843146 ) ;
#6021 = CARTESIAN_POINT ( 'NONE',  ( -0.1010643235495160552, 0.8210134435463550817, 3.449994910329401865 ) ) ;
#6022 = ORIENTED_EDGE ( 'NONE', *, *, #23, .T. ) ;
#6023 = CARTESIAN_POINT ( 'NONE',  ( 4.049999999999999822, -1.649999999999999911, -0.3500000000000000333 ) ) ;
#6024 = CARTESIAN_POINT ( 'NONE',  ( 4.078626039772357714, -1.650000000000000577, 1.420041115078380489 ) ) ;
#6025 = VECTOR ( 'NONE', #3184, 1000.000000000000114 ) ;
#6026 = CARTESIAN_POINT ( 'NONE',  ( -0.2000000000000000111, -0.8000000000000000444, 3.350000000000000533 ) ) ;
#6027 = CARTESIAN_POINT ( 'NONE',  ( -3.945156458918385844, 1.696264897318923826, -1.409017335549510808 ) ) ;
#6028 = LINE ( 'NONE', #1729, #4067 ) ;
#6029 = EDGE_LOOP ( 'NONE', ( #3425, #1108, #6081 ) ) ;
#6030 =( LENGTH_UNIT ( ) NAMED_UNIT ( * ) SI_UNIT ( .MILLI., .METRE. ) );
#6031 = CARTESIAN_POINT ( 'NONE',  ( 3.962164124680903399, -1.619962439680785016, -1.408901866519355339 ) ) ;
#6032 = DIRECTION ( 'NONE',  ( 0.0000000000000000000, 1.000000000000000000, 0.0000000000000000000 ) ) ;
#6033 = CARTESIAN_POINT ( 'NONE',  ( -2.700000000000000178, -0.8499999999999999778, -1.750000000000000000 ) ) ;
#6034 = ORIENTED_EDGE ( 'NONE', *, *, #1026, .T. ) ;
#6035 = SURFACE_SIDE_STYLE ('',( #708 ) ) ;
#6036 = DIRECTION ( 'NONE',  ( 0.0000000000000000000, -1.000000000000000000, 0.0000000000000000000 ) ) ;
#6037 = ADVANCED_FACE ( 'NONE', ( #3537 ), #3035, .T. ) ;
#6038 = CARTESIAN_POINT ( 'NONE',  ( 0.3499999999999999778, -2.850000000000000089, -1.149999999999999911 ) ) ;
#6039 = DIRECTION ( 'NONE',  ( -0.0000000000000000000, -0.0000000000000000000, 1.000000000000000000 ) ) ;
#6040 = EDGE_CURVE ( 'NONE', #3340, #5656, #4503, .T. ) ;
#6041 = EDGE_CURVE ( 'NONE', #4497, #5656, #1716, .T. ) ;
#6042 = VERTEX_POINT ( 'NONE', #3754 ) ;
#6043 = CARTESIAN_POINT ( 'NONE',  ( 3.920710678118656034, -1.720710678118655634, -1.409017335549510364 ) ) ;
#6044 = EDGE_LOOP ( 'NONE', ( #2953, #3935, #2050 ) ) ;
#6045 = VECTOR ( 'NONE', #4735, 1000.000000000000000 ) ;
#6046 = SURFACE_SIDE_STYLE ('',( #1748 ) ) ;
#6047 = DIRECTION ( 'NONE',  ( 0.0000000000000000000, 1.000000000000000000, 0.0000000000000000000 ) ) ;
#6048 = CARTESIAN_POINT ( 'NONE',  ( 4.178979119944034260, 1.762442236293275455, 1.349999999999980327 ) ) ;
#6049 = LINE ( 'NONE', #5547, #5126 ) ;
#6050 = CIRCLE ( 'NONE', #3342, 0.1000000000000000472 ) ;
#6051 = EDGE_CURVE ( 'NONE', #4091, #432, #3628, .T. ) ;
#6052 = CARTESIAN_POINT ( 'NONE',  ( -0.1150691969777126594, 0.8776381271774820192, 3.448858076566595710 ) ) ;
#6053 = ORIENTED_EDGE ( 'NONE', *, *, #4356, .T. ) ;
#6054 = LINE ( 'NONE', #1757, #3676 ) ;
#6055 = CARTESIAN_POINT ( 'NONE',  ( -0.6500000000000001332, 1.000000000000000000, 3.294642898114000129 ) ) ;
#6056 = B_SPLINE_CURVE_WITH_KNOTS ( 'NONE', 3,
 ( #2375, #4301, #985, #5249, #1862, #570, #543, #4240 ),
 .UNSPECIFIED., .F., .F.,
 ( 4, 2, 2, 4 ),
 ( 0.0000000000000000000, 0.2499999999999996114, 0.4999999999999998890, 1.000000000000000000 ),
 .UNSPECIFIED. ) ;
#6057 =( GEOMETRIC_REPRESENTATION_CONTEXT ( 3 ) GLOBAL_UNCERTAINTY_ASSIGNED_CONTEXT ( ( #5329 ) ) GLOBAL_UNIT_ASSIGNED_CONTEXT ( ( #4039, #1204, #2515 ) ) REPRESENTATION_CONTEXT ( 'NONE', 'WORKASPACE' ) );
#6058 = CARTESIAN_POINT ( 'NONE',  ( -3.991421356237307982, -1.650000000000000577, -0.4499999999999999556 ) ) ;
#6059 = CARTESIAN_POINT ( 'NONE',  ( -2.750000000000000000, 2.100000000000000089, -1.149999999999999911 ) ) ;
#6060 = ORIENTED_EDGE ( 'NONE', *, *, #2376, .T. ) ;
#6061 = FACE_OUTER_BOUND ( 'NONE', #2281, .T. ) ;
#6062 = LINE ( 'NONE', #3239, #3715 ) ;
#6063 =( LENGTH_UNIT ( ) NAMED_UNIT ( * ) SI_UNIT ( .MILLI., .METRE. ) );
#6064 = VECTOR ( 'NONE', #3816, 1000.000000000000000 ) ;
#6065 = CARTESIAN_POINT ( 'NONE',  ( -1.250000000000000000, 1.000000000000000000, 3.194642898114000040 ) ) ;
#6066 = CARTESIAN_POINT ( 'NONE',  ( 4.250000000000000000, -1.650000000000000133, 1.350000000000000311 ) ) ;
#6067 = CARTESIAN_POINT ( 'NONE',  ( 2.149999999999999911, -1.750000000000000000, 0.0000000000000000000 ) ) ;
#6068 = EDGE_LOOP ( 'NONE', ( #3785, #3734, #5429, #675 ) ) ;
#6069 = LINE ( 'NONE', #1774, #2962 ) ;
#6070 = CARTESIAN_POINT ( 'NONE',  ( -0.8000000000000000444, -1.000000000000000000, 3.194642898114000040 ) ) ;
#6071 = EDGE_CURVE ( 'NONE', #163, #92, #4670, .T. ) ;
#6072 = CARTESIAN_POINT ( 'NONE',  ( 4.232713191421225929, 1.649413372940462086, 1.450551775759736595 ) ) ;
#6073 = ORIENTED_EDGE ( 'NONE', *, *, #1835, .F. ) ;
#6074 = VERTEX_POINT ( 'NONE', #6070 ) ;
#6075 = VECTOR ( 'NONE', #5529, 1000.000000000000000 ) ;
#6076 = CARTESIAN_POINT ( 'NONE',  ( 4.119962439680785238, 1.762164124680901667, 1.349999999999965894 ) ) ;
#6077 = EDGE_CURVE ( 'NONE', #3033, #900, #1777, .T. ) ;
#6078 =( LENGTH_UNIT ( ) NAMED_UNIT ( * ) SI_UNIT ( .MILLI., .METRE. ) );
#6079 = VECTOR ( 'NONE', #4475, 1000.000000000000000 ) ;
#6080 = CARTESIAN_POINT ( 'NONE',  ( 2.700000000000000178, 0.8500000000000000888, -2.049999999999999822 ) ) ;
#6081 = ORIENTED_EDGE ( 'NONE', *, *, #2867, .F. ) ;
#6082 = CARTESIAN_POINT ( 'NONE',  ( 2.700000000000000178, -1.449999999999999956, -1.750000000000000000 ) ) ;
#6083 = VERTEX_POINT ( 'NONE', #403 ) ;
#6084 = CARTESIAN_POINT ( 'NONE',  ( -0.1000000000003322953, -0.7999999999999882760, 3.449999999999999734 ) ) ;
#6085 = ORIENTED_EDGE ( 'NONE', *, *, #3277, .T. ) ;
#6086 = COLOUR_RGB ( '',0.9294117647058823817, 0.9294117647058823817, 0.9372549019607843146 ) ;
#6087 = VECTOR ( 'NONE', #2757, 1000.000000000000000 ) ;
#6088 = ADVANCED_FACE ( 'NONE', ( #2331 ), #6012, .T. ) ;
#6089 = EDGE_CURVE ( 'NONE', #1109, #5336, #827, .T. ) ;
#6090 = AXIS2_PLACEMENT_3D ( 'NONE', #3069, #1722, #2636 ) ;
#6091 = AXIS2_PLACEMENT_3D ( 'NONE', #6106, #886, #3435 ) ;
#6092 = FILL_AREA_STYLE_COLOUR ( '', #666 ) ;
#6093 = LINE ( 'NONE', #6059, #604 ) ;
#6094 = ORIENTED_EDGE ( 'NONE', *, *, #5101, .F. ) ;
#6095 = CARTESIAN_POINT ( 'NONE',  ( 0.3499999999999999778, -4.549999999999999822, -1.149999999999999911 ) ) ;
#6096 = DIRECTION ( 'NONE',  ( 0.0000000000000000000, 0.0000000000000000000, 1.000000000000000000 ) ) ;
#6097 = MECHANICAL_DESIGN_GEOMETRIC_PRESENTATION_REPRESENTATION (  '', ( #2404 ), #5894 ) ;
#6098 = CARTESIAN_POINT ( 'NONE',  ( 3.991421356237308871, 1.708578643762690641, -0.4500000000000001221 ) ) ;
#6099 = AXIS2_PLACEMENT_3D ( 'NONE', #4015, #1598, #3484 ) ;
#6100 = CARTESIAN_POINT ( 'NONE',  ( -0.1000000000000000056, -0.8164711886251000417, 3.350000000000000089 ) ) ;
#6101 = VECTOR ( 'NONE', #3178, 1000.000000000000000 ) ;
#6102 = CARTESIAN_POINT ( 'NONE',  ( 4.196264897318925158, -1.709017335549510852, -0.4451564589183854004 ) ) ;
#6103 = CARTESIAN_POINT ( 'NONE',  ( 4.049999999999999822, -1.650000000000000133, -0.4500000000000000111 ) ) ;
#6104 =( NAMED_UNIT ( * ) PLANE_ANGLE_UNIT ( ) SI_UNIT ( $, .RADIAN. ) );
#6105 = CARTESIAN_POINT ( 'NONE',  ( -4.250551775759736195, 1.691063282180843563, 1.391063282180843519 ) ) ;
#6106 = CARTESIAN_POINT ( 'NONE',  ( -0.3499999999999999778, 6.312599999999999767, 3.294642898114000129 ) ) ;
#6107 = CARTESIAN_POINT ( 'NONE',  ( 2.850000000000000089, -1.749999999999999778, -1.149999999999999911 ) ) ;
#6108 = DIRECTION ( 'NONE',  ( -1.000000000000000000, 0.0000000000000000000, 0.0000000000000000000 ) ) ;
#6109 = ORIENTED_EDGE ( 'NONE', *, *, #3399, .T. ) ;
#6110 = EDGE_LOOP ( 'NONE', ( #1148, #3004, #512, #2356 ) ) ;
#6111 = LINE ( 'NONE', #5210, #3493 ) ;
#6112 = FACE_OUTER_BOUND ( 'NONE', #2082, .T. ) ;
#6113 = AXIS2_PLACEMENT_3D ( 'NONE', #1341, #1738, #1280 ) ;
#6114 = ADVANCED_FACE ( 'NONE', ( #1249 ), #5327, .T. ) ;
#6115 = LINE ( 'NONE', #346, #2106 ) ;
#6116 = CARTESIAN_POINT ( 'NONE',  ( 4.150000000000000355, -1.649999999999999911, -9.219799999999999329 ) ) ;
#6117 = CARTESIAN_POINT ( 'NONE',  ( -2.149999999999999911, 1.749999999999999778, -1.149999999999999911 ) ) ;
#6118 = EDGE_LOOP ( 'NONE', ( #2693, #3912, #2661, #4610, #5478, #2508, #4592, #2807 ) ) ;
#6119 = DIRECTION ( 'NONE',  ( -1.000000000000000000, 0.0000000000000000000, -0.0000000000000000000 ) ) ;
#6120 = CARTESIAN_POINT ( 'NONE',  ( -4.208576042115764970, 1.720041115078382754, 1.278626039772356782 ) ) ;
#6121 = EDGE_CURVE ( 'NONE', #4772, #4060, #3690, .T. ) ;
#6122 = CARTESIAN_POINT ( 'NONE',  ( -2.149999999999999911, 2.250000000000000444, -1.449999999999999956 ) ) ;
#6123 = VECTOR ( 'NONE', #2457, 1000.000000000000000 ) ;
#6124 = CARTESIAN_POINT ( 'NONE',  ( -4.049999999999998934, -1.749999999999999778, -0.4085786437626900969 ) ) ;
#6125 = DIRECTION ( 'NONE',  ( -0.0000000000000000000, 0.0000000000000000000, 1.000000000000000000 ) ) ;
#6126 = EDGE_CURVE ( 'NONE', #4759, #1737, #2691, .T. ) ;
#6127 = ORIENTED_EDGE ( 'NONE', *, *, #6169, .F. ) ;
#6128 = EDGE_CURVE ( 'NONE', #3013, #2875, #914, .T. ) ;
#6129 = CARTESIAN_POINT ( 'NONE',  ( -4.249995558710894628, -1.649333577425369235, -0.3493335774253699677 ) ) ;
#6130 = LINE ( 'NONE', #1834, #2471 ) ;
#6131 = CARTESIAN_POINT ( 'NONE',  ( 4.049999999999999822, 1.649999999999999911, -0.4500000000000000666 ) ) ;
#6132 = CARTESIAN_POINT ( 'NONE',  ( 2.850000000000000089, -1.649999999999999911, -1.350000000000000089 ) ) ;
#6133 = CARTESIAN_POINT ( 'NONE',  ( 3.850000000000000089, 1.649999999999999911, -0.5500000000000001554 ) ) ;
#6134 = DIRECTION ( 'NONE',  ( -0.0000000000000000000, 0.0000000000000000000, -1.000000000000000000 ) ) ;
#6135 = PLANE ( 'NONE',  #6113 ) ;
#6136 = PLANE ( 'NONE',  #3987 ) ;
#6137 = CARTESIAN_POINT ( 'NONE',  ( -4.250000000000000000, 6.312599999999999767, 1.350000000000000089 ) ) ;
#6138 = UNCERTAINTY_MEASURE_WITH_UNIT (LENGTH_MEASURE( 1.000000000000000082E-05 ), #4424, 'distance_accuracy_value', 'NONE');
#6139 = DIRECTION ( 'NONE',  ( -1.000000000000000000, 0.0000000000000000000, -0.0000000000000000000 ) ) ;
#6140 = VERTEX_POINT ( 'NONE', #4572 ) ;
#6141 = LINE ( 'NONE', #4191, #798 ) ;
#6142 = VERTEX_POINT ( 'NONE', #5144 ) ;
#6143 = CARTESIAN_POINT ( 'NONE',  ( -4.220710678118649639, -1.649999999999999911, 1.420710678118659809 ) ) ;
#6144 = CYLINDRICAL_SURFACE ( 'NONE', #2411, 0.09999999999999999167 ) ;
#6145 = CARTESIAN_POINT ( 'NONE',  ( -2.750000000000000000, -3.049999999999999822, -1.149999999999999911 ) ) ;
#6146 = CARTESIAN_POINT ( 'NONE',  ( 2.700000000000000178, -1.449999999999999956, -2.049999999999999822 ) ) ;
#6147 =( GEOMETRIC_REPRESENTATION_CONTEXT ( 3 ) GLOBAL_UNCERTAINTY_ASSIGNED_CONTEXT ( ( #2439 ) ) GLOBAL_UNIT_ASSIGNED_CONTEXT ( ( #940, #3843, #2815 ) ) REPRESENTATION_CONTEXT ( 'NONE', 'WORKASPACE' ) );
#6148 = VERTEX_POINT ( 'NONE', #308 ) ;
#6149 = DIRECTION ( 'NONE',  ( 0.0000000000000000000, -0.0000000000000000000, 1.000000000000000000 ) ) ;
#6150 = LINE ( 'NONE', #1422, #5455 ) ;
#6151 = ORIENTED_EDGE ( 'NONE', *, *, #4550, .T. ) ;
#6152 = LINE ( 'NONE', #1478, #4736 ) ;
#6153 = VECTOR ( 'NONE', #3525, 1000.000000000000000 ) ;
#6154 = EDGE_CURVE ( 'NONE', #3302, #2971, #858, .T. ) ;
#6155 = DIRECTION ( 'NONE',  ( 0.0000000000000000000, 0.0000000000000000000, 1.000000000000000000 ) ) ;
#6156 = ORIENTED_EDGE ( 'NONE', *, *, #3564, .T. ) ;
#6157 =( NAMED_UNIT ( * ) PLANE_ANGLE_UNIT ( ) SI_UNIT ( $, .RADIAN. ) );
#6158 = CARTESIAN_POINT ( 'NONE',  ( 2.100000000000000089, -1.080000000000000071, 1.449999999999999956 ) ) ;
#6159 = CARTESIAN_POINT ( 'NONE',  ( 3.949999999999999734, 1.649999999999999911, -0.5500000000000001554 ) ) ;
#6160 = EDGE_CURVE ( 'NONE', #2546, #3947, #3621, .T. ) ;
#6161 = CIRCLE ( 'NONE', #3554, 0.09999999999999999167 ) ;
#6162 = CIRCLE ( 'NONE', #5948, 0.1000000000000002554 ) ;
#6163 = CARTESIAN_POINT ( 'NONE',  ( -2.850000000000000089, 1.749999999999999778, -1.149999999999999911 ) ) ;
#6164 =( BOUNDED_SURFACE ( )  B_SPLINE_SURFACE ( 3, 3, ( 
 ( #2694, #342, #1746, #2242 ),
 ( #3658, #2730, #770, #6043 ),
 ( #4540, #5574, #1286, #5981 ),
 ( #277, #3188, #5116, #4065 ) ),
 .UNSPECIFIED., .F., .F., .F. ) 
 B_SPLINE_SURFACE_WITH_KNOTS ( ( 4, 4 ),
 ( 4, 4 ),
 ( 0.0000000000000000000, 1.000000000000000000 ),
 ( 0.0000000000000000000, 1.000000000000000000 ),
 .UNSPECIFIED. ) 
 GEOMETRIC_REPRESENTATION_ITEM ( )  RATIONAL_B_SPLINE_SURFACE ( (
 ( 1.000000000000000000, 0.8047378541243653816, 0.8047378541243653816, 1.000000000000000000),
 ( 0.8025111867385954501, 0.6458111303268151415, 0.6458111303268151415, 0.8025111867385954501),
 ( 0.8025111867385954501, 0.6458111303268151415, 0.6458111303268151415, 0.8025111867385954501),
 ( 1.000000000000000000, 0.8047378541243653816, 0.8047378541243653816, 1.000000000000000000) ) ) 
 REPRESENTATION_ITEM ( '' )  SURFACE ( )  );
#6165 =( NAMED_UNIT ( * ) PLANE_ANGLE_UNIT ( ) SI_UNIT ( $, .RADIAN. ) );
#6166 = VECTOR ( 'NONE', #5301, 1000.000000000000000 ) ;
#6167 = PRESENTATION_STYLE_ASSIGNMENT (( #4252 ) ) ;
#6168 = CARTESIAN_POINT ( 'NONE',  ( -2.850000000000000089, -5.179999999999999716, -1.149999999999999911 ) ) ;
#6169 = EDGE_CURVE ( 'NONE', #684, #1094, #5571, .T. ) ;
#6170 = VECTOR ( 'NONE', #3468, 1000.000000000000000 ) ;
#6171 = CARTESIAN_POINT ( 'NONE',  ( -4.220041115078386085, -1.650000000000000799, 1.278626039772363221 ) ) ;
#6172 = ORIENTED_EDGE ( 'NONE', *, *, #4990, .T. ) ;
#6173 = CARTESIAN_POINT ( 'NONE',  ( -1.199999999999999956, -1.000000000000000000, 3.294642898114000129 ) ) ;
#6174 = VERTEX_POINT ( 'NONE', #3848 ) ;
#6175 = DIRECTION ( 'NONE',  ( -0.7071067811865475727, -0.7071067811865475727, 0.0000000000000000000 ) ) ;
#6176 = VECTOR ( 'NONE', #35, 1000.000000000000000 ) ;
#6177 = CARTESIAN_POINT ( 'NONE',  ( 3.850000000000000089, 1.750000000000000000, 0.0000000000000000000 ) ) ;
#6178 = CARTESIAN_POINT ( 'NONE',  ( -1.250000000000000000, 1.000000000000000000, 3.194642898114000040 ) ) ;
ENDSEC;
END-ISO-10303-21;
